method,seed,held_out_source,n_train,n_test,input_dimension,model_dimension,C,gamma,class_weight,smote_k_neighbors,smote_seconds,scaler_seconds,pca_seconds,pca_explained_variance,svm_fit_seconds,total_fit_seconds,n_resampled_train,n_support_vectors,measured_total_fit_seconds,test_prediction_seconds,milliseconds_per_test_image_after_features,peak_rss_fit_mb,rss_increase_fit_mb,peak_vram_fit_mb,serialized_downstream_bundle_mb,scope
FROZEN_VIT_SVM,42,ADAM,542,52,768,768,10.0,scale,nan,3,3.792084899992915,0.025179300020681694,0.0,,1.354484199982835,5.171758200012846,861,390,5.174445599986939,0.023607000010088086,0.4539807694247709,942.72265625,42.546875,8.75,1.3079252243041992,selected-hyperparameter final recalibration only; inner-grid search and offline feature extraction excluded
FROZEN_VIT_SVM,42,FIVES,411,183,768,768,1.0,0.001,nan,3,0.12422880000667647,0.021697000018320978,0.0,,0.5426967999956105,0.6886353000008967,564,345,0.6905052000074647,0.06556479999562725,0.3582775956045205,947.30859375,38.72265625,8.75,1.1581153869628906,selected-hyperparameter final recalibration only; inner-grid search and offline feature extraction excluded
FROZEN_VIT_SVM,42,ODIR,360,234,768,768,1.0,0.001,nan,5,0.10713930000201799,0.014199299999745563,0.0,,0.4856570999836549,0.607006200007163,486,287,0.6086962000117637,0.06979839998530224,0.29828376062094974,948.69140625,39.28515625,8.75,0.9670257568359375,selected-hyperparameter final recalibration only; inner-grid search and offline feature extraction excluded
FROZEN_VIT_SVM,42,RFMID,469,125,768,768,1.0,0.001,nan,3,0.09615880000637844,0.02408179998747073,0.0,,0.7935334999929182,0.9137872999999672,672,373,0.9155887000088114,0.060919799987459555,0.48735839989967644,949.35546875,39.2265625,8.75,1.250849723815918,selected-hyperparameter final recalibration only; inner-grid search and offline feature extraction excluded
FROZEN_VIT_SVM,123,ADAM,542,52,768,768,10.0,0.001,nan,5,0.13766760000726208,0.03441039999597706,0.0,,1.0137317999906372,1.1858224000025075,861,372,1.1877508999896236,0.023538999987067655,0.45267307667437795,950.78515625,39.30078125,8.75,1.2482128143310547,selected-hyperparameter final recalibration only; inner-grid search and offline feature extraction excluded
FROZEN_VIT_SVM,123,FIVES,411,183,768,768,10.0,0.001,nan,3,0.10268390001147054,0.01211520002107136,0.0,,0.5270690000033937,0.6418759000080172,564,327,0.6438600000110455,0.05752199998823926,0.3143278687881927,950.7734375,38.53515625,8.75,1.0992498397827148,selected-hyperparameter final recalibration only; inner-grid search and offline feature extraction excluded
FROZEN_VIT_SVM,123,ODIR,360,234,768,768,1.0,0.001,nan,5,0.09978400002000853,0.015465400007087737,0.0,,0.3535167999798432,0.4687751000165008,486,283,0.4700985999952536,0.07116559997666627,0.30412649562677896,950.2578125,38.24609375,8.75,0.9538602828979492,selected-hyperparameter final recalibration only; inner-grid search and offline feature extraction excluded
FROZEN_VIT_SVM,123,RFMID,469,125,768,768,10.0,0.001,nan,5,0.10784079998848028,0.015317400015192106,0.0,,0.7371188999968581,0.860285600007046,672,352,0.8622230000037234,0.041946499986806884,0.3355719998944551,950.625,38.87109375,8.75,1.182037353515625,selected-hyperparameter final recalibration only; inner-grid search and offline feature extraction excluded
FROZEN_VIT_SVM,2026,ADAM,542,52,768,768,10.0,0.001,nan,5,0.08416450000368059,0.02062560000922531,0.0,,0.7357933000021148,0.8405915000184905,861,371,0.8420670999912545,0.027650699979858473,0.5317442303818937,951.546875,39.38671875,8.75,1.2448253631591797,selected-hyperparameter final recalibration only; inner-grid search and offline feature extraction excluded
FROZEN_VIT_SVM,2026,FIVES,411,183,768,768,10.0,0.001,nan,3,0.0732692000165116,0.015932600013911724,0.0,,0.45137070000055246,0.5405811999808066,564,331,0.5418933999899309,0.05693689998588525,0.3111306010157664,950.96875,38.69921875,8.75,1.11260986328125,selected-hyperparameter final recalibration only; inner-grid search and offline feature extraction excluded
FROZEN_VIT_SVM,2026,ODIR,360,234,768,768,1.0,0.001,nan,5,0.0849484000063967,0.009993799991207197,0.0,,0.2967408000258729,0.39168939998489805,486,288,0.3928721999982372,0.05773260002024472,0.2467205129070287,950.42578125,38.39453125,8.75,0.970306396484375,selected-hyperparameter final recalibration only; inner-grid search and offline feature extraction excluded
FROZEN_VIT_SVM,2026,RFMID,469,125,768,768,10.0,0.001,nan,5,0.07654690000344999,0.019710099993972108,0.0,,0.5869661999749951,0.6832316000072751,672,342,0.6847769999876618,0.0484946999931708,0.3879575999453664,950.7109375,38.92578125,8.75,1.1486902236938477,selected-hyperparameter final recalibration only; inner-grid search and offline feature extraction excluded
FROZEN_VIT_SVM,3407,ADAM,542,52,768,768,1.0,0.001,nan,3,0.09014630000456236,0.02436179999494925,0.0,,0.8500674999959301,0.9645849000080489,861,402,0.9661128000007011,0.020280800003092736,0.3900153846748603,951.5625,39.4609375,8.75,1.3469371795654297,selected-hyperparameter final recalibration only; inner-grid search and offline feature extraction excluded
FROZEN_VIT_SVM,3407,FIVES,411,183,768,768,1.0,0.001,nan,3,0.08464419998927042,0.013036799995461479,0.0,,0.4107709999952931,0.5084591000049841,564,341,0.510124899999937,0.06607830000575632,0.3610836065888323,951.80859375,38.65625,8.75,1.1447372436523438,selected-hyperparameter final recalibration only; inner-grid search and offline feature extraction excluded
FROZEN_VIT_SVM,3407,ODIR,360,234,768,768,10.0,0.001,nan,3,0.08853980002459139,0.014893899991875514,0.0,,0.3194445000262931,0.4228871999948751,486,265,0.4248254999984056,0.06050749999121763,0.25857905979152834,951.19921875,38.40234375,8.75,0.8945417404174805,selected-hyperparameter final recalibration only; inner-grid search and offline feature extraction excluded
FROZEN_VIT_SVM,3407,RFMID,469,125,768,768,10.0,0.001,nan,5,0.06444639997789636,0.013650799985043705,0.0,,0.5826200999727007,0.6607243999897037,672,349,0.6620379000087269,0.04632779999519698,0.37062239996157587,951.4375,39.03125,8.75,1.1716241836547852,selected-hyperparameter final recalibration only; inner-grid search and offline feature extraction excluded
FROZEN_VIT_SVM,7777,ADAM,542,52,768,768,10.0,0.001,nan,5,0.0939451000012923,0.018720899999607354,0.0,,0.7304361000133213,0.8431105999916326,861,357,0.8447371000074781,0.016263299999991432,0.31275576923060444,952.2578125,39.3515625,8.75,1.1987762451171875,selected-hyperparameter final recalibration only; inner-grid search and offline feature extraction excluded
FROZEN_VIT_SVM,7777,FIVES,411,183,768,768,10.0,0.001,nan,3,0.09737149998545647,0.01580890000332147,0.0,,0.4457841000112239,0.5589736999827437,564,323,0.5603802999830805,0.07166899999720044,0.39163387976612263,951.625,38.66796875,8.75,1.0856695175170898,selected-hyperparameter final recalibration only; inner-grid search and offline feature extraction excluded
FROZEN_VIT_SVM,7777,ODIR,360,234,768,768,1.0,0.001,nan,3,0.061872600024798885,0.010330699995392933,0.0,,0.33949509999365546,0.4117046999745071,486,282,0.41282139997929335,0.06532059999881312,0.2791478632427911,919.57421875,6.8046875,8.75,0.9503545761108398,selected-hyperparameter final recalibration only; inner-grid search and offline feature extraction excluded
FROZEN_VIT_SVM,7777,RFMID,469,125,768,768,10.0,0.001,nan,3,0.08536409999942407,0.0203408999950625,0.0,,0.681626600009622,0.7873413999914192,672,350,0.7890309000213165,0.05051110000931658,0.40408880007453263,951.5703125,39.03125,8.75,1.175262451171875,selected-hyperparameter final recalibration only; inner-grid search and offline feature extraction excluded
PROPOSED_HYBRID_PCA128_SVM,42,ADAM,542,52,800,128,10.0,scale,nan,3,0.09280969999963418,0.02530570002272725,0.17301500000758097,0.9215186238288879,0.23608460000832565,0.5272402999980841,861,361,0.5286449000122957,0.008100900013232604,0.1557865387160116,954.046875,41.1015625,8.75,0.592926025390625,selected-hyperparameter final recalibration only; inner-grid search and offline feature extraction excluded
PROPOSED_HYBRID_PCA128_SVM,42,FIVES,411,183,800,128,10.0,0.001,nan,5,0.08688650000840425,0.018064900010358542,0.14032370000495575,0.9342671632766724,0.10127949999878183,0.3465788000030443,564,293,0.34771079997881316,0.019344700005603954,0.1057087432000216,957.20703125,40.3046875,8.75,0.554112434387207,selected-hyperparameter final recalibration only; inner-grid search and offline feature extraction excluded
PROPOSED_HYBRID_PCA128_SVM,42,ODIR,360,234,800,128,10.0,scale,nan,5,0.0967186999914702,0.01719710000907071,0.13153460001922213,0.9388834834098816,0.10975790000520647,0.35523379998630844,486,273,0.3566250999865588,0.021699300006730482,0.09273205131081402,957.2265625,39.98828125,8.75,0.5431098937988281,selected-hyperparameter final recalibration only; inner-grid search and offline feature extraction excluded
PROPOSED_HYBRID_PCA128_SVM,42,RFMID,469,125,800,128,10.0,0.001,nan,5,0.09677329999976791,0.01548870000988245,0.12852560001192614,0.9307312369346619,0.14361970001482405,0.38443370000459254,672,297,0.3862569000048097,0.011644100013654679,0.09315280010923743,958.1484375,40.65234375,8.75,0.5561275482177734,selected-hyperparameter final recalibration only; inner-grid search and offline feature extraction excluded
PROPOSED_HYBRID_PCA128_SVM,123,ADAM,542,52,800,128,10.0,scale,nan,3,0.08079690000158735,0.019223300012527034,0.15452419998473488,0.921468198299408,0.22438569998485036,0.4789562000078149,861,349,0.4813447000051383,0.011148300021886826,0.2143903850362851,958.765625,41.1015625,8.75,0.5865688323974609,selected-hyperparameter final recalibration only; inner-grid search and offline feature extraction excluded
PROPOSED_HYBRID_PCA128_SVM,123,FIVES,411,183,800,128,10.0,0.001,nan,5,0.08227690000785515,0.014431700023123994,0.12807390000671148,0.9341111183166504,0.11489190001157112,0.3396991000045091,564,304,0.3408777000149712,0.019766899989917874,0.10801584693944194,958.703125,40.19140625,8.75,0.5605068206787109,selected-hyperparameter final recalibration only; inner-grid search and offline feature extraction excluded
PROPOSED_HYBRID_PCA128_SVM,123,ODIR,360,234,800,128,1.0,0.001,nan,5,0.08214530002442189,0.014259799994761124,0.1310570000205189,0.9386606216430664,0.09645540002384223,0.3239422999904491,486,269,0.32520419999491423,0.022192200005520135,0.09483846156205186,958.41796875,39.81640625,8.75,0.5402774810791016,selected-hyperparameter final recalibration only; inner-grid search and offline feature extraction excluded
PROPOSED_HYBRID_PCA128_SVM,123,RFMID,469,125,800,128,10.0,scale,nan,5,0.07913590001408011,0.018837600015103817,0.19300560001283884,0.9305635094642639,0.17080949997762218,0.4618155999924056,672,342,0.46314340000390075,0.01274179999018088,0.10193439992144704,959.16796875,40.55859375,8.75,0.581974983215332,selected-hyperparameter final recalibration only; inner-grid search and offline feature extraction excluded
PROPOSED_HYBRID_PCA128_SVM,2026,ADAM,542,52,800,128,1.0,0.001,nan,5,0.09469800000078976,0.026176000013947487,0.1659351999987848,0.9216768145561218,0.20357420001528226,0.4904097000253387,861,361,0.4925443999818526,0.008140199992340058,0.15654230754500112,959.54296875,40.93359375,8.75,0.5920886993408203,selected-hyperparameter final recalibration only; inner-grid search and offline feature extraction excluded
PROPOSED_HYBRID_PCA128_SVM,2026,FIVES,411,183,800,128,10.0,0.001,nan,3,0.08669969998300076,0.015526699979091063,0.13147399999434128,0.9347688555717468,0.1374993000063114,0.3712228999938816,564,286,0.3723986000113655,0.023475599999073893,0.12828196720805407,958.921875,40.30859375,8.75,0.5501127243041992,selected-hyperparameter final recalibration only; inner-grid search and offline feature extraction excluded
PROPOSED_HYBRID_PCA128_SVM,2026,ODIR,360,234,800,128,1.0,scale,nan,3,0.07763390001491643,0.010672400007024407,0.1173644999798853,0.9393284320831299,0.0808672999846749,0.2865610999870114,486,283,0.28767859999788925,0.027515399997355416,0.11758717947587785,958.47265625,39.85546875,8.75,0.5484256744384766,selected-hyperparameter final recalibration only; inner-grid search and offline feature extraction excluded
PROPOSED_HYBRID_PCA128_SVM,2026,RFMID,469,125,800,128,10.0,0.001,nan,3,0.08969570000772364,0.01954370000748895,0.14024529999005608,0.9305444359779358,0.14874890001374297,0.3982622000039555,672,309,0.39977980000548996,0.016652699996484444,0.13322159997187555,959.265625,40.65234375,8.75,0.5629377365112305,selected-hyperparameter final recalibration only; inner-grid search and offline feature extraction excluded
PROPOSED_HYBRID_PCA128_SVM,3407,ADAM,542,52,800,128,1.0,0.001,nan,5,0.1260785000049509,0.02496650000102818,0.16843929997412488,0.9216972589492798,0.22737570002209395,0.5468950000067707,861,364,0.5494094000023324,0.009508599992841482,0.1828576921700285,959.58984375,40.96875,8.75,0.5935697555541992,selected-hyperparameter final recalibration only; inner-grid search and offline feature extraction excluded
PROPOSED_HYBRID_PCA128_SVM,3407,FIVES,411,183,800,128,10.0,scale,nan,5,0.10349229999701492,0.014788400003453717,0.12182210001628846,0.9334332942962646,0.12046950001968071,0.3605966999894008,564,337,0.3623698999872431,0.016840800002682954,0.09202622952285767,958.765625,40.14453125,8.75,0.5795145034790039,selected-hyperparameter final recalibration only; inner-grid search and offline feature extraction excluded
PROPOSED_HYBRID_PCA128_SVM,3407,ODIR,360,234,800,128,1.0,0.001,nan,3,0.12211239998578094,0.016643699986161664,0.13876400000299327,0.939422607421875,0.10027620001346804,0.3778202999965288,486,270,0.379915900004562,0.020813099981751293,0.08894487171688586,958.4375,39.81640625,8.75,0.5405597686767578,selected-hyperparameter final recalibration only; inner-grid search and offline feature extraction excluded
PROPOSED_HYBRID_PCA128_SVM,3407,RFMID,469,125,800,128,1.0,0.001,nan,3,0.10112499998649582,0.02087109998683445,0.1623515999817755,0.9304913282394409,0.1568900999845937,0.4412624000106007,672,345,0.44346139999106526,0.013220499997260049,0.10576399997808039,959.09765625,40.48046875,8.75,0.5824165344238281,selected-hyperparameter final recalibration only; inner-grid search and offline feature extraction excluded
PROPOSED_HYBRID_PCA128_SVM,7777,ADAM,542,52,800,128,1.0,0.001,nan,5,0.12269600000581704,0.023675200005527586,0.15183470002375543,0.9212366342544556,0.20972439998877235,0.5079575000272598,861,365,0.5104699000075925,0.007295799994608387,0.1403038460501613,959.55078125,40.93359375,8.75,0.5944681167602539,selected-hyperparameter final recalibration only; inner-grid search and offline feature extraction excluded
PROPOSED_HYBRID_PCA128_SVM,7777,FIVES,411,183,800,128,10.0,0.001,nan,5,0.07618840000941418,0.016654099978040904,0.13908309998805635,0.9345517754554749,0.11698839999735355,0.3489392999908887,564,297,0.3500767000077758,0.01786969997920096,0.09764863376612545,958.75,40.1328125,8.75,0.5563602447509766,selected-hyperparameter final recalibration only; inner-grid search and offline feature extraction excluded
PROPOSED_HYBRID_PCA128_SVM,7777,ODIR,360,234,800,128,1.0,0.001,nan,5,0.09701789999962784,0.01476849999744445,0.14728269999613985,0.938377320766449,0.09448959998553619,0.35358480000286363,486,273,0.35509869997622445,0.027096800011349842,0.1157982906467942,958.609375,39.98828125,8.75,0.5424470901489258,selected-hyperparameter final recalibration only; inner-grid search and offline feature extraction excluded
PROPOSED_HYBRID_PCA128_SVM,7777,RFMID,469,125,800,128,1.0,0.001,nan,3,0.091813099978026,0.019648400018922985,0.14746959999320097,0.9304611086845398,0.15206300001591444,0.41102599998703226,672,335,0.4123572999960743,0.01570489999721758,0.12563919997774065,959.2734375,40.6484375,8.75,0.5765981674194336,selected-hyperparameter final recalibration only; inner-grid search and offline feature extraction excluded
