method,seed,held_out_source,batch_size,repeat,n_images,elapsed_seconds,milliseconds_per_image,images_per_second,peak_rss_mb,rss_increase_mb,peak_vram_allocated_mb,peak_vram_reserved_mb,scope
FROZEN_VIT_SVM,42,ADAM,1,1,52,1.2932311000186019,24.869828846511574,40.2093639715686,1210.515625,0.01953125,344.123046875,388.0,frozen ROI decode through final probability; model initialization excluded; representative selected-hyperparameter LODO model
FROZEN_VIT_SVM,42,ADAM,1,2,52,1.2658044999989215,24.34239423074849,41.0805934092068,1210.515625,0.01953125,344.123046875,388.0,frozen ROI decode through final probability; model initialization excluded; representative selected-hyperparameter LODO model
FROZEN_VIT_SVM,42,ADAM,1,3,52,1.2316048000066075,23.68470769243476,42.221335934807186,1210.6171875,0.12109375,344.123046875,388.0,frozen ROI decode through final probability; model initialization excluded; representative selected-hyperparameter LODO model
FROZEN_VIT_SVM,42,ADAM,16,1,52,0.9569698999985121,18.403267307663693,54.338177198761265,1210.6171875,0.01953125,465.6240234375,528.0,frozen ROI decode through final probability; model initialization excluded; representative selected-hyperparameter LODO model
FROZEN_VIT_SVM,42,ADAM,16,2,52,0.9370892000151798,18.020946154138073,55.49098207423334,905.82421875,16.76953125,465.6240234375,528.0,frozen ROI decode through final probability; model initialization excluded; representative selected-hyperparameter LODO model
FROZEN_VIT_SVM,42,ADAM,16,3,52,0.8935829999973066,17.184288461486666,58.19269166955586,905.81640625,16.76953125,465.6240234375,528.0,frozen ROI decode through final probability; model initialization excluded; representative selected-hyperparameter LODO model
FROZEN_VIT_SVM,42,FIVES,1,1,183,4.866355200007092,26.59210491807154,37.60514645534574,889.0234375,0.03125,344.123046875,388.0,frozen ROI decode through final probability; model initialization excluded; representative selected-hyperparameter LODO model
FROZEN_VIT_SVM,42,FIVES,1,2,183,4.843462800025009,26.467009836202234,37.782885418063934,889.0234375,0.01953125,344.123046875,388.0,frozen ROI decode through final probability; model initialization excluded; representative selected-hyperparameter LODO model
FROZEN_VIT_SVM,42,FIVES,1,3,183,4.58031160000246,25.029025136625467,39.95361363622111,889.11328125,0.109375,344.123046875,388.0,frozen ROI decode through final probability; model initialization excluded; representative selected-hyperparameter LODO model
FROZEN_VIT_SVM,42,FIVES,16,1,183,3.4497290999861434,18.850978688448873,53.04764365431913,906.0703125,16.9765625,465.6240234375,528.0,frozen ROI decode through final probability; model initialization excluded; representative selected-hyperparameter LODO model
FROZEN_VIT_SVM,42,FIVES,16,2,183,3.658230899978662,19.990332786768644,50.02417972060414,912.87109375,7.8203125,465.6240234375,528.0,frozen ROI decode through final probability; model initialization excluded; representative selected-hyperparameter LODO model
FROZEN_VIT_SVM,42,FIVES,16,3,183,3.5374214999901596,19.330172131093768,51.73259675176087,912.89453125,8.76953125,465.6240234375,528.0,frozen ROI decode through final probability; model initialization excluded; representative selected-hyperparameter LODO model
FROZEN_VIT_SVM,42,ODIR,1,1,234,5.516708000010112,23.57567521371843,42.416600624787655,904.15234375,0.02734375,344.123046875,388.0,frozen ROI decode through final probability; model initialization excluded; representative selected-hyperparameter LODO model
FROZEN_VIT_SVM,42,ODIR,1,2,234,5.559700999991037,23.75940598286768,42.08859433274869,904.15234375,0.01953125,344.123046875,388.0,frozen ROI decode through final probability; model initialization excluded; representative selected-hyperparameter LODO model
FROZEN_VIT_SVM,42,ODIR,1,3,234,5.731289099989226,24.49268846149242,40.828510988991965,904.15234375,0.01953125,344.123046875,388.0,frozen ROI decode through final probability; model initialization excluded; representative selected-hyperparameter LODO model
FROZEN_VIT_SVM,42,ODIR,16,1,234,4.023001499997918,17.192314102555205,58.165526411094085,913.1484375,9.015625,465.6240234375,528.0,frozen ROI decode through final probability; model initialization excluded; representative selected-hyperparameter LODO model
FROZEN_VIT_SVM,42,ODIR,16,2,234,4.104179199988721,17.53922735037915,57.01505431357458,912.9140625,8.76953125,465.6240234375,528.0,frozen ROI decode through final probability; model initialization excluded; representative selected-hyperparameter LODO model
FROZEN_VIT_SVM,42,ODIR,16,3,234,4.119059000018751,17.602816239396372,56.80909159080624,912.8828125,8.73828125,465.6240234375,528.0,frozen ROI decode through final probability; model initialization excluded; representative selected-hyperparameter LODO model
FROZEN_VIT_SVM,42,RFMID,1,1,125,3.2792186999868136,26.23374959989451,38.11883605094794,904.24609375,0.1015625,344.123046875,388.0,frozen ROI decode through final probability; model initialization excluded; representative selected-hyperparameter LODO model
FROZEN_VIT_SVM,42,RFMID,1,2,125,3.255718300002627,26.045746400021017,38.393985130685024,904.24609375,0.01953125,344.123046875,388.0,frozen ROI decode through final probability; model initialization excluded; representative selected-hyperparameter LODO model
FROZEN_VIT_SVM,42,RFMID,1,3,125,3.2030577000114135,25.62446160009131,39.02521019198455,904.24609375,0.01953125,344.123046875,388.0,frozen ROI decode through final probability; model initialization excluded; representative selected-hyperparameter LODO model
FROZEN_VIT_SVM,42,RFMID,16,1,125,2.3951154999958817,19.160923999967054,52.189549940374455,913.03515625,8.80859375,465.6240234375,528.0,frozen ROI decode through final probability; model initialization excluded; representative selected-hyperparameter LODO model
FROZEN_VIT_SVM,42,RFMID,16,2,125,2.435023700003512,19.480189600028098,51.33420261980189,912.37890625,4.359375,465.6240234375,528.0,frozen ROI decode through final probability; model initialization excluded; representative selected-hyperparameter LODO model
FROZEN_VIT_SVM,42,RFMID,16,3,125,2.403329400025541,19.226635200204328,52.01118082218425,912.3828125,4.359375,465.6240234375,528.0,frozen ROI decode through final probability; model initialization excluded; representative selected-hyperparameter LODO model
PROPOSED_HYBRID_PCA128_SVM,42,ADAM,1,1,52,4.6644239999877755,89.70046153822645,11.14821465632976,909.39453125,1.3671875,344.123046875,388.0,frozen ROI decode through final probability; model initialization excluded; representative selected-hyperparameter LODO model
PROPOSED_HYBRID_PCA128_SVM,42,ADAM,1,2,52,5.624694500002079,108.16720192311689,9.2449465477602,909.40234375,0.02734375,344.123046875,388.0,frozen ROI decode through final probability; model initialization excluded; representative selected-hyperparameter LODO model
PROPOSED_HYBRID_PCA128_SVM,42,ADAM,1,3,52,5.5725805000110995,107.16500961559807,9.331404005719868,909.40234375,0.01953125,344.123046875,388.0,frozen ROI decode through final probability; model initialization excluded; representative selected-hyperparameter LODO model
PROPOSED_HYBRID_PCA128_SVM,42,ADAM,16,1,52,4.031511300010607,77.52906346174244,12.89838875060655,914.41796875,5.03515625,465.6240234375,528.0,frozen ROI decode through final probability; model initialization excluded; representative selected-hyperparameter LODO model
PROPOSED_HYBRID_PCA128_SVM,42,ADAM,16,2,52,3.9564412999898195,76.08540961518884,13.143124352719148,913.80859375,16.078125,465.6240234375,528.0,frozen ROI decode through final probability; model initialization excluded; representative selected-hyperparameter LODO model
PROPOSED_HYBRID_PCA128_SVM,42,ADAM,16,3,52,3.966680700017605,76.28232115418471,13.109197319504243,915.3984375,16.7734375,465.6240234375,528.0,frozen ROI decode through final probability; model initialization excluded; representative selected-hyperparameter LODO model
PROPOSED_HYBRID_PCA128_SVM,42,FIVES,1,1,183,20.267792099999497,110.75296229507921,9.029103865734076,898.68359375,0.0546875,344.123046875,388.0,frozen ROI decode through final probability; model initialization excluded; representative selected-hyperparameter LODO model
PROPOSED_HYBRID_PCA128_SVM,42,FIVES,1,2,183,20.86117170000216,113.99547377050361,8.772278117052316,898.703125,0.0390625,344.123046875,388.0,frozen ROI decode through final probability; model initialization excluded; representative selected-hyperparameter LODO model
PROPOSED_HYBRID_PCA128_SVM,42,FIVES,1,3,183,20.812682099989615,113.73050327863177,8.792715860494084,898.72265625,0.0390625,344.123046875,388.0,frozen ROI decode through final probability; model initialization excluded; representative selected-hyperparameter LODO model
PROPOSED_HYBRID_PCA128_SVM,42,FIVES,16,1,183,14.930524200026412,81.58756393457055,12.25676992638184,915.4765625,16.7734375,465.6240234375,528.0,frozen ROI decode through final probability; model initialization excluded; representative selected-hyperparameter LODO model
PROPOSED_HYBRID_PCA128_SVM,42,FIVES,16,2,183,14.81358679998084,80.94856174852917,12.353523995973527,914.52734375,7.83203125,465.6240234375,528.0,frozen ROI decode through final probability; model initialization excluded; representative selected-hyperparameter LODO model
PROPOSED_HYBRID_PCA128_SVM,42,FIVES,16,3,183,14.635344000009354,79.9745573771003,12.503976674540963,914.546875,8.76171875,465.6240234375,528.0,frozen ROI decode through final probability; model initialization excluded; representative selected-hyperparameter LODO model
PROPOSED_HYBRID_PCA128_SVM,42,ODIR,1,1,234,26.102398399991216,111.54871111107357,8.964693451314371,905.87109375,0.06640625,344.123046875,388.0,frozen ROI decode through final probability; model initialization excluded; representative selected-hyperparameter LODO model
PROPOSED_HYBRID_PCA128_SVM,42,ODIR,1,2,234,26.091655099997297,111.50279957263803,8.96838468480385,905.89453125,0.04296875,344.123046875,388.0,frozen ROI decode through final probability; model initialization excluded; representative selected-hyperparameter LODO model
PROPOSED_HYBRID_PCA128_SVM,42,ODIR,1,3,234,25.970567799988203,110.98533247858207,9.010199615277811,905.921875,0.046875,344.123046875,388.0,frozen ROI decode through final probability; model initialization excluded; representative selected-hyperparameter LODO model
PROPOSED_HYBRID_PCA128_SVM,42,ODIR,16,1,234,18.574758500006283,79.37930982908668,12.597741176549933,914.03125,8.14453125,465.6240234375,528.0,frozen ROI decode through final probability; model initialization excluded; representative selected-hyperparameter LODO model
PROPOSED_HYBRID_PCA128_SVM,42,ODIR,16,2,234,18.835603699990315,80.49403290594152,12.423281129031203,914.65234375,8.75,465.6240234375,528.0,frozen ROI decode through final probability; model initialization excluded; representative selected-hyperparameter LODO model
PROPOSED_HYBRID_PCA128_SVM,42,ODIR,16,3,234,18.72752240000409,80.0321470085645,12.494979047519328,914.7578125,8.76953125,465.6240234375,528.0,frozen ROI decode through final probability; model initialization excluded; representative selected-hyperparameter LODO model
PROPOSED_HYBRID_PCA128_SVM,42,RFMID,1,1,125,13.963988000003155,111.71190400002524,8.951597494925645,906.01953125,0.03125,344.123046875,388.0,frozen ROI decode through final probability; model initialization excluded; representative selected-hyperparameter LODO model
PROPOSED_HYBRID_PCA128_SVM,42,RFMID,1,2,125,13.935266900021816,111.48213520017453,8.970047068119255,906.0234375,0.0234375,344.123046875,388.0,frozen ROI decode through final probability; model initialization excluded; representative selected-hyperparameter LODO model
PROPOSED_HYBRID_PCA128_SVM,42,RFMID,1,3,125,14.318943699996453,114.55154959997162,8.72969421620332,906.03125,0.02734375,344.123046875,388.0,frozen ROI decode through final probability; model initialization excluded; representative selected-hyperparameter LODO model
PROPOSED_HYBRID_PCA128_SVM,42,RFMID,16,1,125,10.697298300015973,85.57838640012778,11.685193447378518,914.16015625,8.1484375,465.6240234375,528.0,frozen ROI decode through final probability; model initialization excluded; representative selected-hyperparameter LODO model
PROPOSED_HYBRID_PCA128_SVM,42,RFMID,16,2,125,10.391735999990487,83.1338879999239,12.028789030063352,914.76953125,4.9921875,465.6240234375,528.0,frozen ROI decode through final probability; model initialization excluded; representative selected-hyperparameter LODO model
PROPOSED_HYBRID_PCA128_SVM,42,RFMID,16,3,125,10.431310900021344,83.45048720017076,11.983153526729247,914.8125,5.01953125,465.6240234375,528.0,frozen ROI decode through final probability; model initialization excluded; representative selected-hyperparameter LODO model
