sample_id,image_path,mean_absolute_difference,maximum_absolute_difference,allclose
S000001,AMD_DATASET_594_PRODUCTION_v1\ROI_594\AMD_DRY\S000001.jpg,0.0,0.0,True
S000002,AMD_DATASET_594_PRODUCTION_v1\ROI_594\AMD_DRY\S000002.jpg,0.0,0.0,True
S000003,AMD_DATASET_594_PRODUCTION_v1\ROI_594\AMD_DRY\S000003.jpg,0.0,0.0,True
S000004,AMD_DATASET_594_PRODUCTION_v1\ROI_594\AMD_DRY\S000004.jpg,0.0,0.0,True
S000005,AMD_DATASET_594_PRODUCTION_v1\ROI_594\AMD_DRY\S000005.jpg,0.0,0.0,True
S000006,AMD_DATASET_594_PRODUCTION_v1\ROI_594\AMD_DRY\S000006.jpg,0.0,0.0,True
S000007,AMD_DATASET_594_PRODUCTION_v1\ROI_594\AMD_DRY\S000007.jpg,0.0,0.0,True
S000008,AMD_DATASET_594_PRODUCTION_v1\ROI_594\AMD_DRY\S000008.jpg,0.0,0.0,True
S000009,AMD_DATASET_594_PRODUCTION_v1\ROI_594\AMD_DRY\S000009.jpg,0.0,0.0,True
S000010,AMD_DATASET_594_PRODUCTION_v1\ROI_594\AMD_DRY\S000010.jpg,0.0,0.0,True
S000011,AMD_DATASET_594_PRODUCTION_v1\ROI_594\AMD_DRY\S000011.jpg,0.0,0.0,True
S000012,AMD_DATASET_594_PRODUCTION_v1\ROI_594\AMD_DRY\S000012.jpg,0.0,0.0,True
S000013,AMD_DATASET_594_PRODUCTION_v1\ROI_594\AMD_DRY\S000013.jpg,0.0,0.0,True
S000014,AMD_DATASET_594_PRODUCTION_v1\ROI_594\AMD_DRY\S000014.jpg,0.0,0.0,True
S000015,AMD_DATASET_594_PRODUCTION_v1\ROI_594\AMD_DRY\S000015.jpg,0.0,0.0,True
S000016,AMD_DATASET_594_PRODUCTION_v1\ROI_594\AMD_DRY\S000016.jpg,0.0,0.0,True
S000017,AMD_DATASET_594_PRODUCTION_v1\ROI_594\AMD_DRY\S000017.jpg,0.0,0.0,True
S000018,AMD_DATASET_594_PRODUCTION_v1\ROI_594\AMD_DRY\S000018.jpg,0.0,0.0,True
S000019,AMD_DATASET_594_PRODUCTION_v1\ROI_594\AMD_DRY\S000019.jpg,0.0,0.0,True
S000020,AMD_DATASET_594_PRODUCTION_v1\ROI_594\AMD_DRY\S000020.jpg,0.0,0.0,True
S000021,AMD_DATASET_594_PRODUCTION_v1\ROI_594\AMD_DRY\S000021.jpg,0.0,0.0,True
S000022,AMD_DATASET_594_PRODUCTION_v1\ROI_594\AMD_DRY\S000022.jpg,0.0,0.0,True
S000023,AMD_DATASET_594_PRODUCTION_v1\ROI_594\AMD_DRY\S000023.jpg,0.0,0.0,True
S000024,AMD_DATASET_594_PRODUCTION_v1\ROI_594\AMD_DRY\S000024.jpg,0.0,0.0,True
S000025,AMD_DATASET_594_PRODUCTION_v1\ROI_594\AMD_DRY\S000025.jpg,0.0,0.0,True
S000026,AMD_DATASET_594_PRODUCTION_v1\ROI_594\AMD_DRY\S000026.jpg,0.0,0.0,True
S000027,AMD_DATASET_594_PRODUCTION_v1\ROI_594\AMD_DRY\S000027.jpg,0.0,0.0,True
S000028,AMD_DATASET_594_PRODUCTION_v1\ROI_594\AMD_DRY\S000028.jpg,0.0,0.0,True
S000029,AMD_DATASET_594_PRODUCTION_v1\ROI_594\AMD_DRY\S000029.jpg,0.0,0.0,True
S000030,AMD_DATASET_594_PRODUCTION_v1\ROI_594\AMD_DRY\S000030.jpg,0.0,0.0,True
S000031,AMD_DATASET_594_PRODUCTION_v1\ROI_594\AMD_DRY\S000031.jpg,0.0,0.0,True
S000032,AMD_DATASET_594_PRODUCTION_v1\ROI_594\AMD_DRY\S000032.jpg,0.0,0.0,True
S000033,AMD_DATASET_594_PRODUCTION_v1\ROI_594\AMD_DRY\S000033.jpg,0.0,0.0,True
S000034,AMD_DATASET_594_PRODUCTION_v1\ROI_594\AMD_DRY\S000034.jpg,0.0,0.0,True
S000035,AMD_DATASET_594_PRODUCTION_v1\ROI_594\AMD_DRY\S000035.jpg,0.0,0.0,True
S000036,AMD_DATASET_594_PRODUCTION_v1\ROI_594\AMD_WET\S000036.jpg,0.0,0.0,True
S000037,AMD_DATASET_594_PRODUCTION_v1\ROI_594\AMD_WET\S000037.jpg,0.0,0.0,True
S000038,AMD_DATASET_594_PRODUCTION_v1\ROI_594\AMD_WET\S000038.jpg,0.0,0.0,True
S000039,AMD_DATASET_594_PRODUCTION_v1\ROI_594\AMD_WET\S000039.jpg,0.0,0.0,True
S000040,AMD_DATASET_594_PRODUCTION_v1\ROI_594\AMD_WET\S000040.jpg,0.0,0.0,True
S000041,AMD_DATASET_594_PRODUCTION_v1\ROI_594\AMD_WET\S000041.jpg,0.0,0.0,True
S000042,AMD_DATASET_594_PRODUCTION_v1\ROI_594\AMD_WET\S000042.jpg,0.0,0.0,True
S000043,AMD_DATASET_594_PRODUCTION_v1\ROI_594\AMD_WET\S000043.jpg,0.0,0.0,True
S000044,AMD_DATASET_594_PRODUCTION_v1\ROI_594\AMD_WET\S000044.jpg,0.0,0.0,True
S000045,AMD_DATASET_594_PRODUCTION_v1\ROI_594\AMD_WET\S000045.jpg,0.0,0.0,True
S000046,AMD_DATASET_594_PRODUCTION_v1\ROI_594\AMD_WET\S000046.jpg,0.0,0.0,True
S000047,AMD_DATASET_594_PRODUCTION_v1\ROI_594\AMD_WET\S000047.jpg,0.0,0.0,True
S000048,AMD_DATASET_594_PRODUCTION_v1\ROI_594\AMD_WET\S000048.jpg,0.0,0.0,True
S000049,AMD_DATASET_594_PRODUCTION_v1\ROI_594\AMD_WET\S000049.jpg,0.0,0.0,True
S000050,AMD_DATASET_594_PRODUCTION_v1\ROI_594\AMD_WET\S000050.jpg,0.0,0.0,True
S000051,AMD_DATASET_594_PRODUCTION_v1\ROI_594\AMD_WET\S000051.jpg,0.0,0.0,True
S000052,AMD_DATASET_594_PRODUCTION_v1\ROI_594\AMD_WET\S000052.jpg,0.0,0.0,True
S000053,AMD_DATASET_594_PRODUCTION_v1\ROI_594\NORMAL\S000053.png,0.0,0.0,True
S000054,AMD_DATASET_594_PRODUCTION_v1\ROI_594\NORMAL\S000054.png,0.0,0.0,True
S000055,AMD_DATASET_594_PRODUCTION_v1\ROI_594\NORMAL\S000055.png,0.0,0.0,True
S000056,AMD_DATASET_594_PRODUCTION_v1\ROI_594\NORMAL\S000056.png,0.0,0.0,True
S000057,AMD_DATASET_594_PRODUCTION_v1\ROI_594\NORMAL\S000057.png,0.0,0.0,True
S000058,AMD_DATASET_594_PRODUCTION_v1\ROI_594\NORMAL\S000058.png,0.0,0.0,True
S000059,AMD_DATASET_594_PRODUCTION_v1\ROI_594\NORMAL\S000059.png,0.0,0.0,True
S000060,AMD_DATASET_594_PRODUCTION_v1\ROI_594\NORMAL\S000060.png,0.0,0.0,True
S000061,AMD_DATASET_594_PRODUCTION_v1\ROI_594\NORMAL\S000061.png,0.0,0.0,True
S000062,AMD_DATASET_594_PRODUCTION_v1\ROI_594\NORMAL\S000062.png,0.0,0.0,True
S000063,AMD_DATASET_594_PRODUCTION_v1\ROI_594\NORMAL\S000063.png,0.0,0.0,True
S000064,AMD_DATASET_594_PRODUCTION_v1\ROI_594\NORMAL\S000064.png,0.0,0.0,True
S000065,AMD_DATASET_594_PRODUCTION_v1\ROI_594\NORMAL\S000065.png,0.0,0.0,True
S000066,AMD_DATASET_594_PRODUCTION_v1\ROI_594\NORMAL\S000066.png,0.0,0.0,True
S000067,AMD_DATASET_594_PRODUCTION_v1\ROI_594\NORMAL\S000067.png,0.0,0.0,True
S000068,AMD_DATASET_594_PRODUCTION_v1\ROI_594\NORMAL\S000068.png,0.0,0.0,True
S000069,AMD_DATASET_594_PRODUCTION_v1\ROI_594\NORMAL\S000069.png,0.0,0.0,True
S000070,AMD_DATASET_594_PRODUCTION_v1\ROI_594\NORMAL\S000070.png,0.0,0.0,True
S000071,AMD_DATASET_594_PRODUCTION_v1\ROI_594\NORMAL\S000071.png,0.0,0.0,True
S000072,AMD_DATASET_594_PRODUCTION_v1\ROI_594\NORMAL\S000072.png,0.0,0.0,True
S000073,AMD_DATASET_594_PRODUCTION_v1\ROI_594\NORMAL\S000073.png,0.0,0.0,True
S000074,AMD_DATASET_594_PRODUCTION_v1\ROI_594\NORMAL\S000074.png,0.0,0.0,True
S000075,AMD_DATASET_594_PRODUCTION_v1\ROI_594\NORMAL\S000075.png,0.0,0.0,True
S000076,AMD_DATASET_594_PRODUCTION_v1\ROI_594\NORMAL\S000076.png,0.0,0.0,True
S000077,AMD_DATASET_594_PRODUCTION_v1\ROI_594\NORMAL\S000077.png,0.0,0.0,True
S000078,AMD_DATASET_594_PRODUCTION_v1\ROI_594\NORMAL\S000078.png,0.0,0.0,True
S000079,AMD_DATASET_594_PRODUCTION_v1\ROI_594\NORMAL\S000079.png,0.0,0.0,True
S000080,AMD_DATASET_594_PRODUCTION_v1\ROI_594\NORMAL\S000080.png,0.0,0.0,True
S000081,AMD_DATASET_594_PRODUCTION_v1\ROI_594\NORMAL\S000081.png,0.0,0.0,True
S000082,AMD_DATASET_594_PRODUCTION_v1\ROI_594\NORMAL\S000082.png,0.0,0.0,True
S000083,AMD_DATASET_594_PRODUCTION_v1\ROI_594\NORMAL\S000083.png,0.0,0.0,True
S000084,AMD_DATASET_594_PRODUCTION_v1\ROI_594\NORMAL\S000084.png,0.0,0.0,True
S000085,AMD_DATASET_594_PRODUCTION_v1\ROI_594\NORMAL\S000085.png,0.0,0.0,True
S000086,AMD_DATASET_594_PRODUCTION_v1\ROI_594\NORMAL\S000086.png,0.0,0.0,True
S000087,AMD_DATASET_594_PRODUCTION_v1\ROI_594\NORMAL\S000087.png,0.0,0.0,True
S000088,AMD_DATASET_594_PRODUCTION_v1\ROI_594\NORMAL\S000088.png,0.0,0.0,True
S000089,AMD_DATASET_594_PRODUCTION_v1\ROI_594\NORMAL\S000089.png,0.0,0.0,True
S000090,AMD_DATASET_594_PRODUCTION_v1\ROI_594\NORMAL\S000090.png,0.0,0.0,True
S000091,AMD_DATASET_594_PRODUCTION_v1\ROI_594\NORMAL\S000091.png,0.0,0.0,True
S000092,AMD_DATASET_594_PRODUCTION_v1\ROI_594\NORMAL\S000092.png,0.0,0.0,True
S000093,AMD_DATASET_594_PRODUCTION_v1\ROI_594\NORMAL\S000093.png,0.0,0.0,True
S000094,AMD_DATASET_594_PRODUCTION_v1\ROI_594\NORMAL\S000094.png,0.0,0.0,True
S000095,AMD_DATASET_594_PRODUCTION_v1\ROI_594\NORMAL\S000095.png,0.0,0.0,True
S000096,AMD_DATASET_594_PRODUCTION_v1\ROI_594\NORMAL\S000096.png,0.0,0.0,True
S000097,AMD_DATASET_594_PRODUCTION_v1\ROI_594\NORMAL\S000097.png,0.0,0.0,True
S000098,AMD_DATASET_594_PRODUCTION_v1\ROI_594\NORMAL\S000098.png,0.0,0.0,True
S000099,AMD_DATASET_594_PRODUCTION_v1\ROI_594\NORMAL\S000099.png,0.0,0.0,True
S000100,AMD_DATASET_594_PRODUCTION_v1\ROI_594\NORMAL\S000100.png,0.0,0.0,True
S000101,AMD_DATASET_594_PRODUCTION_v1\ROI_594\NORMAL\S000101.png,0.0,0.0,True
S000102,AMD_DATASET_594_PRODUCTION_v1\ROI_594\NORMAL\S000102.png,0.0,0.0,True
S000103,AMD_DATASET_594_PRODUCTION_v1\ROI_594\NORMAL\S000103.png,0.0,0.0,True
S000104,AMD_DATASET_594_PRODUCTION_v1\ROI_594\NORMAL\S000104.png,0.0,0.0,True
S000105,AMD_DATASET_594_PRODUCTION_v1\ROI_594\NORMAL\S000105.png,0.0,0.0,True
S000106,AMD_DATASET_594_PRODUCTION_v1\ROI_594\NORMAL\S000106.png,0.0,0.0,True
S000107,AMD_DATASET_594_PRODUCTION_v1\ROI_594\NORMAL\S000107.png,0.0,0.0,True
S000108,AMD_DATASET_594_PRODUCTION_v1\ROI_594\NORMAL\S000108.png,0.0,0.0,True
S000109,AMD_DATASET_594_PRODUCTION_v1\ROI_594\NORMAL\S000109.png,0.0,0.0,True
S000110,AMD_DATASET_594_PRODUCTION_v1\ROI_594\NORMAL\S000110.png,0.0,0.0,True
S000111,AMD_DATASET_594_PRODUCTION_v1\ROI_594\NORMAL\S000111.png,0.0,0.0,True
S000112,AMD_DATASET_594_PRODUCTION_v1\ROI_594\NORMAL\S000112.png,0.0,0.0,True
S000113,AMD_DATASET_594_PRODUCTION_v1\ROI_594\NORMAL\S000113.png,0.0,0.0,True
S000114,AMD_DATASET_594_PRODUCTION_v1\ROI_594\NORMAL\S000114.png,0.0,0.0,True
S000115,AMD_DATASET_594_PRODUCTION_v1\ROI_594\NORMAL\S000115.png,0.0,0.0,True
S000116,AMD_DATASET_594_PRODUCTION_v1\ROI_594\NORMAL\S000116.png,0.0,0.0,True
S000117,AMD_DATASET_594_PRODUCTION_v1\ROI_594\NORMAL\S000117.png,0.0,0.0,True
S000118,AMD_DATASET_594_PRODUCTION_v1\ROI_594\NORMAL\S000118.png,0.0,0.0,True
S000119,AMD_DATASET_594_PRODUCTION_v1\ROI_594\NORMAL\S000119.png,0.0,0.0,True
S000120,AMD_DATASET_594_PRODUCTION_v1\ROI_594\NORMAL\S000120.png,0.0,0.0,True
S000121,AMD_DATASET_594_PRODUCTION_v1\ROI_594\NORMAL\S000121.png,0.0,0.0,True
S000122,AMD_DATASET_594_PRODUCTION_v1\ROI_594\NORMAL\S000122.png,0.0,0.0,True
S000123,AMD_DATASET_594_PRODUCTION_v1\ROI_594\NORMAL\S000123.png,0.0,0.0,True
S000124,AMD_DATASET_594_PRODUCTION_v1\ROI_594\NORMAL\S000124.png,0.0,0.0,True
S000125,AMD_DATASET_594_PRODUCTION_v1\ROI_594\NORMAL\S000125.png,0.0,0.0,True
S000126,AMD_DATASET_594_PRODUCTION_v1\ROI_594\NORMAL\S000126.png,0.0,0.0,True
S000127,AMD_DATASET_594_PRODUCTION_v1\ROI_594\NORMAL\S000127.png,0.0,0.0,True
S000128,AMD_DATASET_594_PRODUCTION_v1\ROI_594\NORMAL\S000128.png,0.0,0.0,True
S000129,AMD_DATASET_594_PRODUCTION_v1\ROI_594\NORMAL\S000129.png,0.0,0.0,True
S000130,AMD_DATASET_594_PRODUCTION_v1\ROI_594\NORMAL\S000130.png,0.0,0.0,True
S000131,AMD_DATASET_594_PRODUCTION_v1\ROI_594\NORMAL\S000131.png,0.0,0.0,True
S000132,AMD_DATASET_594_PRODUCTION_v1\ROI_594\NORMAL\S000132.png,0.0,0.0,True
S000133,AMD_DATASET_594_PRODUCTION_v1\ROI_594\NORMAL\S000133.png,0.0,0.0,True
S000134,AMD_DATASET_594_PRODUCTION_v1\ROI_594\NORMAL\S000134.png,0.0,0.0,True
S000135,AMD_DATASET_594_PRODUCTION_v1\ROI_594\NORMAL\S000135.png,0.0,0.0,True
S000136,AMD_DATASET_594_PRODUCTION_v1\ROI_594\NORMAL\S000136.png,0.0,0.0,True
S000137,AMD_DATASET_594_PRODUCTION_v1\ROI_594\NORMAL\S000137.png,0.0,0.0,True
S000138,AMD_DATASET_594_PRODUCTION_v1\ROI_594\NORMAL\S000138.png,0.0,0.0,True
S000139,AMD_DATASET_594_PRODUCTION_v1\ROI_594\NORMAL\S000139.png,0.0,0.0,True
S000140,AMD_DATASET_594_PRODUCTION_v1\ROI_594\NORMAL\S000140.png,0.0,0.0,True
S000141,AMD_DATASET_594_PRODUCTION_v1\ROI_594\NORMAL\S000141.png,0.0,0.0,True
S000142,AMD_DATASET_594_PRODUCTION_v1\ROI_594\NORMAL\S000142.png,0.0,0.0,True
S000143,AMD_DATASET_594_PRODUCTION_v1\ROI_594\NORMAL\S000143.png,0.0,0.0,True
S000144,AMD_DATASET_594_PRODUCTION_v1\ROI_594\NORMAL\S000144.png,0.0,0.0,True
S000145,AMD_DATASET_594_PRODUCTION_v1\ROI_594\NORMAL\S000145.png,0.0,0.0,True
S000146,AMD_DATASET_594_PRODUCTION_v1\ROI_594\NORMAL\S000146.png,0.0,0.0,True
S000147,AMD_DATASET_594_PRODUCTION_v1\ROI_594\NORMAL\S000147.png,0.0,0.0,True
S000148,AMD_DATASET_594_PRODUCTION_v1\ROI_594\NORMAL\S000148.png,0.0,0.0,True
S000149,AMD_DATASET_594_PRODUCTION_v1\ROI_594\NORMAL\S000149.png,0.0,0.0,True
S000150,AMD_DATASET_594_PRODUCTION_v1\ROI_594\NORMAL\S000150.png,0.0,0.0,True
S000151,AMD_DATASET_594_PRODUCTION_v1\ROI_594\NORMAL\S000151.png,0.0,0.0,True
S000152,AMD_DATASET_594_PRODUCTION_v1\ROI_594\AMD_DRY\S000152.png,0.0,0.0,True
S000153,AMD_DATASET_594_PRODUCTION_v1\ROI_594\AMD_DRY\S000153.png,0.0,0.0,True
S000154,AMD_DATASET_594_PRODUCTION_v1\ROI_594\AMD_DRY\S000154.png,0.0,0.0,True
S000155,AMD_DATASET_594_PRODUCTION_v1\ROI_594\AMD_DRY\S000155.png,0.0,0.0,True
S000156,AMD_DATASET_594_PRODUCTION_v1\ROI_594\AMD_DRY\S000156.png,0.0,0.0,True
S000157,AMD_DATASET_594_PRODUCTION_v1\ROI_594\AMD_DRY\S000157.png,0.0,0.0,True
S000158,AMD_DATASET_594_PRODUCTION_v1\ROI_594\AMD_DRY\S000158.png,0.0,0.0,True
S000159,AMD_DATASET_594_PRODUCTION_v1\ROI_594\AMD_DRY\S000159.png,0.0,0.0,True
S000160,AMD_DATASET_594_PRODUCTION_v1\ROI_594\AMD_DRY\S000160.png,0.0,0.0,True
S000161,AMD_DATASET_594_PRODUCTION_v1\ROI_594\AMD_DRY\S000161.png,0.0,0.0,True
S000162,AMD_DATASET_594_PRODUCTION_v1\ROI_594\AMD_DRY\S000162.png,0.0,0.0,True
S000163,AMD_DATASET_594_PRODUCTION_v1\ROI_594\AMD_DRY\S000163.png,0.0,0.0,True
S000164,AMD_DATASET_594_PRODUCTION_v1\ROI_594\AMD_DRY\S000164.png,0.0,0.0,True
S000165,AMD_DATASET_594_PRODUCTION_v1\ROI_594\AMD_DRY\S000165.png,0.0,0.0,True
S000166,AMD_DATASET_594_PRODUCTION_v1\ROI_594\AMD_DRY\S000166.png,0.0,0.0,True
S000167,AMD_DATASET_594_PRODUCTION_v1\ROI_594\AMD_WET\S000167.png,0.0,0.0,True
S000168,AMD_DATASET_594_PRODUCTION_v1\ROI_594\AMD_WET\S000168.png,0.0,0.0,True
S000169,AMD_DATASET_594_PRODUCTION_v1\ROI_594\AMD_WET\S000169.png,0.0,0.0,True
S000170,AMD_DATASET_594_PRODUCTION_v1\ROI_594\AMD_WET\S000170.png,0.0,0.0,True
S000171,AMD_DATASET_594_PRODUCTION_v1\ROI_594\AMD_WET\S000171.png,0.0,0.0,True
S000172,AMD_DATASET_594_PRODUCTION_v1\ROI_594\AMD_WET\S000172.png,0.0,0.0,True
S000173,AMD_DATASET_594_PRODUCTION_v1\ROI_594\AMD_WET\S000173.png,0.0,0.0,True
S000174,AMD_DATASET_594_PRODUCTION_v1\ROI_594\AMD_WET\S000174.png,0.0,0.0,True
S000175,AMD_DATASET_594_PRODUCTION_v1\ROI_594\AMD_WET\S000175.png,0.0,0.0,True
S000176,AMD_DATASET_594_PRODUCTION_v1\ROI_594\AMD_WET\S000176.png,0.0,0.0,True
S000177,AMD_DATASET_594_PRODUCTION_v1\ROI_594\AMD_WET\S000177.png,0.0,0.0,True
S000178,AMD_DATASET_594_PRODUCTION_v1\ROI_594\AMD_WET\S000178.png,0.0,0.0,True
S000179,AMD_DATASET_594_PRODUCTION_v1\ROI_594\AMD_WET\S000179.png,0.0,0.0,True
S000180,AMD_DATASET_594_PRODUCTION_v1\ROI_594\AMD_WET\S000180.png,0.0,0.0,True
S000181,AMD_DATASET_594_PRODUCTION_v1\ROI_594\AMD_WET\S000181.png,0.0,0.0,True
S000182,AMD_DATASET_594_PRODUCTION_v1\ROI_594\AMD_WET\S000182.png,0.0,0.0,True
S000183,AMD_DATASET_594_PRODUCTION_v1\ROI_594\AMD_WET\S000183.png,0.0,0.0,True
S000184,AMD_DATASET_594_PRODUCTION_v1\ROI_594\AMD_WET\S000184.png,0.0,0.0,True
S000185,AMD_DATASET_594_PRODUCTION_v1\ROI_594\AMD_WET\S000185.png,0.0,0.0,True
S000186,AMD_DATASET_594_PRODUCTION_v1\ROI_594\AMD_WET\S000186.png,0.0,0.0,True
S000187,AMD_DATASET_594_PRODUCTION_v1\ROI_594\AMD_WET\S000187.png,0.0,0.0,True
S000188,AMD_DATASET_594_PRODUCTION_v1\ROI_594\AMD_WET\S000188.png,0.0,0.0,True
S000189,AMD_DATASET_594_PRODUCTION_v1\ROI_594\AMD_WET\S000189.png,0.0,0.0,True
S000190,AMD_DATASET_594_PRODUCTION_v1\ROI_594\AMD_WET\S000190.png,0.0,0.0,True
S000191,AMD_DATASET_594_PRODUCTION_v1\ROI_594\AMD_WET\S000191.png,0.0,0.0,True
S000192,AMD_DATASET_594_PRODUCTION_v1\ROI_594\AMD_WET\S000192.png,0.0,0.0,True
S000193,AMD_DATASET_594_PRODUCTION_v1\ROI_594\AMD_WET\S000193.png,0.0,0.0,True
S000194,AMD_DATASET_594_PRODUCTION_v1\ROI_594\AMD_WET\S000194.png,0.0,0.0,True
S000195,AMD_DATASET_594_PRODUCTION_v1\ROI_594\AMD_WET\S000195.png,0.0,0.0,True
S000196,AMD_DATASET_594_PRODUCTION_v1\ROI_594\AMD_WET\S000196.png,0.0,0.0,True
S000197,AMD_DATASET_594_PRODUCTION_v1\ROI_594\AMD_WET\S000197.png,0.0,0.0,True
S000198,AMD_DATASET_594_PRODUCTION_v1\ROI_594\AMD_WET\S000198.png,0.0,0.0,True
S000199,AMD_DATASET_594_PRODUCTION_v1\ROI_594\AMD_WET\S000199.png,0.0,0.0,True
S000200,AMD_DATASET_594_PRODUCTION_v1\ROI_594\AMD_WET\S000200.png,0.0,0.0,True
S000201,AMD_DATASET_594_PRODUCTION_v1\ROI_594\AMD_WET\S000201.png,0.0,0.0,True
S000202,AMD_DATASET_594_PRODUCTION_v1\ROI_594\AMD_WET\S000202.png,0.0,0.0,True
S000203,AMD_DATASET_594_PRODUCTION_v1\ROI_594\AMD_WET\S000203.png,0.0,0.0,True
S000204,AMD_DATASET_594_PRODUCTION_v1\ROI_594\AMD_WET\S000204.png,0.0,0.0,True
S000205,AMD_DATASET_594_PRODUCTION_v1\ROI_594\AMD_WET\S000205.png,0.0,0.0,True
S000207,AMD_DATASET_594_PRODUCTION_v1\ROI_594\AMD_WET\S000207.png,0.0,0.0,True
S000208,AMD_DATASET_594_PRODUCTION_v1\ROI_594\AMD_WET\S000208.png,0.0,0.0,True
S000209,AMD_DATASET_594_PRODUCTION_v1\ROI_594\AMD_WET\S000209.png,0.0,0.0,True
S000210,AMD_DATASET_594_PRODUCTION_v1\ROI_594\AMD_WET\S000210.png,0.0,0.0,True
S000211,AMD_DATASET_594_PRODUCTION_v1\ROI_594\AMD_WET\S000211.png,0.0,0.0,True
S000212,AMD_DATASET_594_PRODUCTION_v1\ROI_594\AMD_WET\S000212.png,0.0,0.0,True
S000213,AMD_DATASET_594_PRODUCTION_v1\ROI_594\AMD_WET\S000213.png,0.0,0.0,True
S000214,AMD_DATASET_594_PRODUCTION_v1\ROI_594\AMD_WET\S000214.png,0.0,0.0,True
S000215,AMD_DATASET_594_PRODUCTION_v1\ROI_594\AMD_WET\S000215.png,0.0,0.0,True
S000216,AMD_DATASET_594_PRODUCTION_v1\ROI_594\AMD_WET\S000216.png,0.0,0.0,True
S000217,AMD_DATASET_594_PRODUCTION_v1\ROI_594\AMD_WET\S000217.png,0.0,0.0,True
S000218,AMD_DATASET_594_PRODUCTION_v1\ROI_594\AMD_WET\S000218.png,0.0,0.0,True
S000220,AMD_DATASET_594_PRODUCTION_v1\ROI_594\AMD_WET\S000220.png,0.0,0.0,True
S000221,AMD_DATASET_594_PRODUCTION_v1\ROI_594\AMD_WET\S000221.png,0.0,0.0,True
S000222,AMD_DATASET_594_PRODUCTION_v1\ROI_594\AMD_WET\S000222.png,0.0,0.0,True
S000223,AMD_DATASET_594_PRODUCTION_v1\ROI_594\AMD_WET\S000223.png,0.0,0.0,True
S000224,AMD_DATASET_594_PRODUCTION_v1\ROI_594\AMD_WET\S000224.png,0.0,0.0,True
S000225,AMD_DATASET_594_PRODUCTION_v1\ROI_594\AMD_WET\S000225.png,0.0,0.0,True
S000226,AMD_DATASET_594_PRODUCTION_v1\ROI_594\AMD_WET\S000226.png,0.0,0.0,True
S000227,AMD_DATASET_594_PRODUCTION_v1\ROI_594\AMD_WET\S000227.png,0.0,0.0,True
S000228,AMD_DATASET_594_PRODUCTION_v1\ROI_594\AMD_WET\S000228.png,0.0,0.0,True
S000229,AMD_DATASET_594_PRODUCTION_v1\ROI_594\AMD_WET\S000229.png,0.0,0.0,True
S000230,AMD_DATASET_594_PRODUCTION_v1\ROI_594\AMD_WET\S000230.png,0.0,0.0,True
S000231,AMD_DATASET_594_PRODUCTION_v1\ROI_594\AMD_WET\S000231.png,0.0,0.0,True
S000232,AMD_DATASET_594_PRODUCTION_v1\ROI_594\AMD_WET\S000232.png,0.0,0.0,True
S000233,AMD_DATASET_594_PRODUCTION_v1\ROI_594\AMD_WET\S000233.png,0.0,0.0,True
S000234,AMD_DATASET_594_PRODUCTION_v1\ROI_594\AMD_WET\S000234.png,0.0,0.0,True
S000235,AMD_DATASET_594_PRODUCTION_v1\ROI_594\AMD_WET\S000235.png,0.0,0.0,True
S000236,AMD_DATASET_594_PRODUCTION_v1\ROI_594\AMD_WET\S000236.png,0.0,0.0,True
S000238,AMD_DATASET_594_PRODUCTION_v1\ROI_594\AMD_WET\S000238.png,0.0,0.0,True
S000239,AMD_DATASET_594_PRODUCTION_v1\ROI_594\NORMAL\S000239.jpg,0.0,0.0,True
S000240,AMD_DATASET_594_PRODUCTION_v1\ROI_594\NORMAL\S000240.jpg,0.0,0.0,True
S000241,AMD_DATASET_594_PRODUCTION_v1\ROI_594\NORMAL\S000241.jpg,0.0,0.0,True
S000242,AMD_DATASET_594_PRODUCTION_v1\ROI_594\NORMAL\S000242.jpg,0.0,0.0,True
S000243,AMD_DATASET_594_PRODUCTION_v1\ROI_594\NORMAL\S000243.jpg,0.0,0.0,True
S000244,AMD_DATASET_594_PRODUCTION_v1\ROI_594\NORMAL\S000244.jpg,0.0,0.0,True
S000245,AMD_DATASET_594_PRODUCTION_v1\ROI_594\NORMAL\S000245.jpg,0.0,0.0,True
S000246,AMD_DATASET_594_PRODUCTION_v1\ROI_594\NORMAL\S000246.jpg,0.0,0.0,True
S000247,AMD_DATASET_594_PRODUCTION_v1\ROI_594\NORMAL\S000247.jpg,0.0,0.0,True
S000248,AMD_DATASET_594_PRODUCTION_v1\ROI_594\NORMAL\S000248.jpg,0.0,0.0,True
S000249,AMD_DATASET_594_PRODUCTION_v1\ROI_594\NORMAL\S000249.jpg,0.0,0.0,True
S000250,AMD_DATASET_594_PRODUCTION_v1\ROI_594\NORMAL\S000250.jpg,0.0,0.0,True
S000251,AMD_DATASET_594_PRODUCTION_v1\ROI_594\NORMAL\S000251.jpg,0.0,0.0,True
S000252,AMD_DATASET_594_PRODUCTION_v1\ROI_594\NORMAL\S000252.jpg,0.0,0.0,True
S000253,AMD_DATASET_594_PRODUCTION_v1\ROI_594\NORMAL\S000253.jpg,0.0,0.0,True
S000254,AMD_DATASET_594_PRODUCTION_v1\ROI_594\NORMAL\S000254.jpg,0.0,0.0,True
S000255,AMD_DATASET_594_PRODUCTION_v1\ROI_594\NORMAL\S000255.jpg,0.0,0.0,True
S000256,AMD_DATASET_594_PRODUCTION_v1\ROI_594\NORMAL\S000256.jpg,0.0,0.0,True
S000257,AMD_DATASET_594_PRODUCTION_v1\ROI_594\NORMAL\S000257.jpg,0.0,0.0,True
S000258,AMD_DATASET_594_PRODUCTION_v1\ROI_594\NORMAL\S000258.jpg,0.0,0.0,True
S000259,AMD_DATASET_594_PRODUCTION_v1\ROI_594\NORMAL\S000259.jpg,0.0,0.0,True
S000260,AMD_DATASET_594_PRODUCTION_v1\ROI_594\NORMAL\S000260.jpg,0.0,0.0,True
S000261,AMD_DATASET_594_PRODUCTION_v1\ROI_594\NORMAL\S000261.jpg,0.0,0.0,True
S000262,AMD_DATASET_594_PRODUCTION_v1\ROI_594\NORMAL\S000262.jpg,0.0,0.0,True
S000263,AMD_DATASET_594_PRODUCTION_v1\ROI_594\NORMAL\S000263.jpg,0.0,0.0,True
S000264,AMD_DATASET_594_PRODUCTION_v1\ROI_594\NORMAL\S000264.jpg,0.0,0.0,True
S000265,AMD_DATASET_594_PRODUCTION_v1\ROI_594\NORMAL\S000265.jpg,0.0,0.0,True
S000266,AMD_DATASET_594_PRODUCTION_v1\ROI_594\NORMAL\S000266.jpg,0.0,0.0,True
S000267,AMD_DATASET_594_PRODUCTION_v1\ROI_594\NORMAL\S000267.jpg,0.0,0.0,True
S000268,AMD_DATASET_594_PRODUCTION_v1\ROI_594\NORMAL\S000268.jpg,0.0,0.0,True
S000269,AMD_DATASET_594_PRODUCTION_v1\ROI_594\NORMAL\S000269.jpg,0.0,0.0,True
S000270,AMD_DATASET_594_PRODUCTION_v1\ROI_594\NORMAL\S000270.jpg,0.0,0.0,True
S000271,AMD_DATASET_594_PRODUCTION_v1\ROI_594\NORMAL\S000271.jpg,0.0,0.0,True
S000272,AMD_DATASET_594_PRODUCTION_v1\ROI_594\NORMAL\S000272.jpg,0.0,0.0,True
S000273,AMD_DATASET_594_PRODUCTION_v1\ROI_594\NORMAL\S000273.jpg,0.0,0.0,True
S000274,AMD_DATASET_594_PRODUCTION_v1\ROI_594\NORMAL\S000274.jpg,0.0,0.0,True
S000275,AMD_DATASET_594_PRODUCTION_v1\ROI_594\NORMAL\S000275.jpg,0.0,0.0,True
S000276,AMD_DATASET_594_PRODUCTION_v1\ROI_594\NORMAL\S000276.jpg,0.0,0.0,True
S000277,AMD_DATASET_594_PRODUCTION_v1\ROI_594\NORMAL\S000277.jpg,0.0,0.0,True
S000278,AMD_DATASET_594_PRODUCTION_v1\ROI_594\NORMAL\S000278.jpg,0.0,0.0,True
S000279,AMD_DATASET_594_PRODUCTION_v1\ROI_594\NORMAL\S000279.jpg,0.0,0.0,True
S000280,AMD_DATASET_594_PRODUCTION_v1\ROI_594\NORMAL\S000280.jpg,0.0,0.0,True
S000281,AMD_DATASET_594_PRODUCTION_v1\ROI_594\NORMAL\S000281.jpg,0.0,0.0,True
S000282,AMD_DATASET_594_PRODUCTION_v1\ROI_594\NORMAL\S000282.jpg,0.0,0.0,True
S000283,AMD_DATASET_594_PRODUCTION_v1\ROI_594\NORMAL\S000283.jpg,0.0,0.0,True
S000284,AMD_DATASET_594_PRODUCTION_v1\ROI_594\NORMAL\S000284.jpg,0.0,0.0,True
S000285,AMD_DATASET_594_PRODUCTION_v1\ROI_594\NORMAL\S000285.jpg,0.0,0.0,True
S000286,AMD_DATASET_594_PRODUCTION_v1\ROI_594\NORMAL\S000286.jpg,0.0,0.0,True
S000287,AMD_DATASET_594_PRODUCTION_v1\ROI_594\NORMAL\S000287.jpg,0.0,0.0,True
S000288,AMD_DATASET_594_PRODUCTION_v1\ROI_594\NORMAL\S000288.jpg,0.0,0.0,True
S000289,AMD_DATASET_594_PRODUCTION_v1\ROI_594\NORMAL\S000289.jpg,0.0,0.0,True
S000290,AMD_DATASET_594_PRODUCTION_v1\ROI_594\NORMAL\S000290.jpg,0.0,0.0,True
S000291,AMD_DATASET_594_PRODUCTION_v1\ROI_594\NORMAL\S000291.jpg,0.0,0.0,True
S000292,AMD_DATASET_594_PRODUCTION_v1\ROI_594\NORMAL\S000292.jpg,0.0,0.0,True
S000293,AMD_DATASET_594_PRODUCTION_v1\ROI_594\NORMAL\S000293.jpg,0.0,0.0,True
S000294,AMD_DATASET_594_PRODUCTION_v1\ROI_594\NORMAL\S000294.jpg,0.0,0.0,True
S000295,AMD_DATASET_594_PRODUCTION_v1\ROI_594\NORMAL\S000295.jpg,0.0,0.0,True
S000296,AMD_DATASET_594_PRODUCTION_v1\ROI_594\NORMAL\S000296.jpg,0.0,0.0,True
S000297,AMD_DATASET_594_PRODUCTION_v1\ROI_594\NORMAL\S000297.jpg,0.0,0.0,True
S000298,AMD_DATASET_594_PRODUCTION_v1\ROI_594\NORMAL\S000298.jpg,0.0,0.0,True
S000299,AMD_DATASET_594_PRODUCTION_v1\ROI_594\NORMAL\S000299.jpg,0.0,0.0,True
S000300,AMD_DATASET_594_PRODUCTION_v1\ROI_594\NORMAL\S000300.jpg,0.0,0.0,True
S000301,AMD_DATASET_594_PRODUCTION_v1\ROI_594\NORMAL\S000301.jpg,0.0,0.0,True
S000302,AMD_DATASET_594_PRODUCTION_v1\ROI_594\NORMAL\S000302.jpg,0.0,0.0,True
S000303,AMD_DATASET_594_PRODUCTION_v1\ROI_594\NORMAL\S000303.jpg,0.0,0.0,True
S000304,AMD_DATASET_594_PRODUCTION_v1\ROI_594\NORMAL\S000304.jpg,0.0,0.0,True
S000305,AMD_DATASET_594_PRODUCTION_v1\ROI_594\NORMAL\S000305.jpg,0.0,0.0,True
S000306,AMD_DATASET_594_PRODUCTION_v1\ROI_594\NORMAL\S000306.jpg,0.0,0.0,True
S000307,AMD_DATASET_594_PRODUCTION_v1\ROI_594\NORMAL\S000307.jpg,0.0,0.0,True
S000308,AMD_DATASET_594_PRODUCTION_v1\ROI_594\NORMAL\S000308.jpg,0.0,0.0,True
S000309,AMD_DATASET_594_PRODUCTION_v1\ROI_594\NORMAL\S000309.jpg,0.0,0.0,True
S000310,AMD_DATASET_594_PRODUCTION_v1\ROI_594\NORMAL\S000310.jpg,0.0,0.0,True
S000311,AMD_DATASET_594_PRODUCTION_v1\ROI_594\NORMAL\S000311.jpg,0.0,0.0,True
S000312,AMD_DATASET_594_PRODUCTION_v1\ROI_594\NORMAL\S000312.jpg,0.0,0.0,True
S000313,AMD_DATASET_594_PRODUCTION_v1\ROI_594\NORMAL\S000313.jpg,0.0,0.0,True
S000314,AMD_DATASET_594_PRODUCTION_v1\ROI_594\NORMAL\S000314.jpg,0.0,0.0,True
S000315,AMD_DATASET_594_PRODUCTION_v1\ROI_594\NORMAL\S000315.jpg,0.0,0.0,True
S000316,AMD_DATASET_594_PRODUCTION_v1\ROI_594\NORMAL\S000316.jpg,0.0,0.0,True
S000317,AMD_DATASET_594_PRODUCTION_v1\ROI_594\NORMAL\S000317.jpg,0.0,0.0,True
S000318,AMD_DATASET_594_PRODUCTION_v1\ROI_594\NORMAL\S000318.jpg,0.0,0.0,True
S000319,AMD_DATASET_594_PRODUCTION_v1\ROI_594\NORMAL\S000319.jpg,0.0,0.0,True
S000320,AMD_DATASET_594_PRODUCTION_v1\ROI_594\NORMAL\S000320.jpg,0.0,0.0,True
S000321,AMD_DATASET_594_PRODUCTION_v1\ROI_594\NORMAL\S000321.jpg,0.0,0.0,True
S000322,AMD_DATASET_594_PRODUCTION_v1\ROI_594\NORMAL\S000322.jpg,0.0,0.0,True
S000323,AMD_DATASET_594_PRODUCTION_v1\ROI_594\NORMAL\S000323.jpg,0.0,0.0,True
S000324,AMD_DATASET_594_PRODUCTION_v1\ROI_594\NORMAL\S000324.jpg,0.0,0.0,True
S000325,AMD_DATASET_594_PRODUCTION_v1\ROI_594\NORMAL\S000325.jpg,0.0,0.0,True
S000326,AMD_DATASET_594_PRODUCTION_v1\ROI_594\NORMAL\S000326.jpg,0.0,0.0,True
S000327,AMD_DATASET_594_PRODUCTION_v1\ROI_594\NORMAL\S000327.jpg,0.0,0.0,True
S000328,AMD_DATASET_594_PRODUCTION_v1\ROI_594\NORMAL\S000328.jpg,0.0,0.0,True
S000329,AMD_DATASET_594_PRODUCTION_v1\ROI_594\NORMAL\S000329.jpg,0.0,0.0,True
S000330,AMD_DATASET_594_PRODUCTION_v1\ROI_594\NORMAL\S000330.jpg,0.0,0.0,True
S000331,AMD_DATASET_594_PRODUCTION_v1\ROI_594\NORMAL\S000331.jpg,0.0,0.0,True
S000332,AMD_DATASET_594_PRODUCTION_v1\ROI_594\NORMAL\S000332.jpg,0.0,0.0,True
S000333,AMD_DATASET_594_PRODUCTION_v1\ROI_594\NORMAL\S000333.jpg,0.0,0.0,True
S000334,AMD_DATASET_594_PRODUCTION_v1\ROI_594\NORMAL\S000334.jpg,0.0,0.0,True
S000335,AMD_DATASET_594_PRODUCTION_v1\ROI_594\NORMAL\S000335.jpg,0.0,0.0,True
S000336,AMD_DATASET_594_PRODUCTION_v1\ROI_594\NORMAL\S000336.jpg,0.0,0.0,True
S000337,AMD_DATASET_594_PRODUCTION_v1\ROI_594\NORMAL\S000337.jpg,0.0,0.0,True
S000338,AMD_DATASET_594_PRODUCTION_v1\ROI_594\NORMAL\S000338.jpg,0.0,0.0,True
S000339,AMD_DATASET_594_PRODUCTION_v1\ROI_594\NORMAL\S000339.jpg,0.0,0.0,True
S000340,AMD_DATASET_594_PRODUCTION_v1\ROI_594\NORMAL\S000340.jpg,0.0,0.0,True
S000341,AMD_DATASET_594_PRODUCTION_v1\ROI_594\NORMAL\S000341.jpg,0.0,0.0,True
S000342,AMD_DATASET_594_PRODUCTION_v1\ROI_594\NORMAL\S000342.jpg,0.0,0.0,True
S000343,AMD_DATASET_594_PRODUCTION_v1\ROI_594\NORMAL\S000343.jpg,0.0,0.0,True
S000344,AMD_DATASET_594_PRODUCTION_v1\ROI_594\NORMAL\S000344.jpg,0.0,0.0,True
S000345,AMD_DATASET_594_PRODUCTION_v1\ROI_594\NORMAL\S000345.jpg,0.0,0.0,True
S000346,AMD_DATASET_594_PRODUCTION_v1\ROI_594\NORMAL\S000346.jpg,0.0,0.0,True
S000347,AMD_DATASET_594_PRODUCTION_v1\ROI_594\NORMAL\S000347.jpg,0.0,0.0,True
S000348,AMD_DATASET_594_PRODUCTION_v1\ROI_594\NORMAL\S000348.jpg,0.0,0.0,True
S000349,AMD_DATASET_594_PRODUCTION_v1\ROI_594\NORMAL\S000349.jpg,0.0,0.0,True
S000350,AMD_DATASET_594_PRODUCTION_v1\ROI_594\NORMAL\S000350.jpg,0.0,0.0,True
S000351,AMD_DATASET_594_PRODUCTION_v1\ROI_594\NORMAL\S000351.jpg,0.0,0.0,True
S000352,AMD_DATASET_594_PRODUCTION_v1\ROI_594\NORMAL\S000352.jpg,0.0,0.0,True
S000353,AMD_DATASET_594_PRODUCTION_v1\ROI_594\NORMAL\S000353.jpg,0.0,0.0,True
S000354,AMD_DATASET_594_PRODUCTION_v1\ROI_594\NORMAL\S000354.jpg,0.0,0.0,True
S000355,AMD_DATASET_594_PRODUCTION_v1\ROI_594\NORMAL\S000355.jpg,0.0,0.0,True
S000356,AMD_DATASET_594_PRODUCTION_v1\ROI_594\NORMAL\S000356.jpg,0.0,0.0,True
S000357,AMD_DATASET_594_PRODUCTION_v1\ROI_594\NORMAL\S000357.jpg,0.0,0.0,True
S000358,AMD_DATASET_594_PRODUCTION_v1\ROI_594\NORMAL\S000358.jpg,0.0,0.0,True
S000359,AMD_DATASET_594_PRODUCTION_v1\ROI_594\NORMAL\S000359.jpg,0.0,0.0,True
S000360,AMD_DATASET_594_PRODUCTION_v1\ROI_594\NORMAL\S000360.jpg,0.0,0.0,True
S000361,AMD_DATASET_594_PRODUCTION_v1\ROI_594\NORMAL\S000361.jpg,0.0,0.0,True
S000362,AMD_DATASET_594_PRODUCTION_v1\ROI_594\NORMAL\S000362.jpg,0.0,0.0,True
S000363,AMD_DATASET_594_PRODUCTION_v1\ROI_594\NORMAL\S000363.jpg,0.0,0.0,True
S000364,AMD_DATASET_594_PRODUCTION_v1\ROI_594\AMD_DRY\S000364.jpg,0.0,0.0,True
S000365,AMD_DATASET_594_PRODUCTION_v1\ROI_594\AMD_DRY\S000365.jpg,0.0,0.0,True
S000366,AMD_DATASET_594_PRODUCTION_v1\ROI_594\AMD_DRY\S000366.jpg,0.0,0.0,True
S000367,AMD_DATASET_594_PRODUCTION_v1\ROI_594\AMD_DRY\S000367.jpg,0.0,0.0,True
S000368,AMD_DATASET_594_PRODUCTION_v1\ROI_594\AMD_DRY\S000368.jpg,0.0,0.0,True
S000369,AMD_DATASET_594_PRODUCTION_v1\ROI_594\AMD_DRY\S000369.jpg,0.0,0.0,True
S000370,AMD_DATASET_594_PRODUCTION_v1\ROI_594\AMD_DRY\S000370.jpg,0.0,0.0,True
S000371,AMD_DATASET_594_PRODUCTION_v1\ROI_594\AMD_DRY\S000371.jpg,0.0,0.0,True
S000372,AMD_DATASET_594_PRODUCTION_v1\ROI_594\AMD_DRY\S000372.jpg,0.0,0.0,True
S000373,AMD_DATASET_594_PRODUCTION_v1\ROI_594\AMD_DRY\S000373.jpg,0.0,0.0,True
S000374,AMD_DATASET_594_PRODUCTION_v1\ROI_594\AMD_DRY\S000374.jpg,0.0,0.0,True
S000375,AMD_DATASET_594_PRODUCTION_v1\ROI_594\AMD_DRY\S000375.jpg,0.0,0.0,True
S000376,AMD_DATASET_594_PRODUCTION_v1\ROI_594\AMD_DRY\S000376.jpg,0.0,0.0,True
S000377,AMD_DATASET_594_PRODUCTION_v1\ROI_594\AMD_DRY\S000377.jpg,0.0,0.0,True
S000378,AMD_DATASET_594_PRODUCTION_v1\ROI_594\AMD_DRY\S000378.jpg,0.0,0.0,True
S000379,AMD_DATASET_594_PRODUCTION_v1\ROI_594\AMD_DRY\S000379.jpg,0.0,0.0,True
S000380,AMD_DATASET_594_PRODUCTION_v1\ROI_594\AMD_DRY\S000380.jpg,0.0,0.0,True
S000381,AMD_DATASET_594_PRODUCTION_v1\ROI_594\AMD_DRY\S000381.jpg,0.0,0.0,True
S000382,AMD_DATASET_594_PRODUCTION_v1\ROI_594\AMD_DRY\S000382.jpg,0.0,0.0,True
S000383,AMD_DATASET_594_PRODUCTION_v1\ROI_594\AMD_DRY\S000383.jpg,0.0,0.0,True
S000384,AMD_DATASET_594_PRODUCTION_v1\ROI_594\AMD_DRY\S000384.jpg,0.0,0.0,True
S000385,AMD_DATASET_594_PRODUCTION_v1\ROI_594\AMD_DRY\S000385.jpg,0.0,0.0,True
S000386,AMD_DATASET_594_PRODUCTION_v1\ROI_594\AMD_DRY\S000386.jpg,0.0,0.0,True
S000387,AMD_DATASET_594_PRODUCTION_v1\ROI_594\AMD_DRY\S000387.jpg,0.0,0.0,True
S000388,AMD_DATASET_594_PRODUCTION_v1\ROI_594\AMD_DRY\S000388.jpg,0.0,0.0,True
S000389,AMD_DATASET_594_PRODUCTION_v1\ROI_594\AMD_DRY\S000389.jpg,0.0,0.0,True
S000390,AMD_DATASET_594_PRODUCTION_v1\ROI_594\AMD_DRY\S000390.jpg,0.0,0.0,True
S000391,AMD_DATASET_594_PRODUCTION_v1\ROI_594\AMD_DRY\S000391.jpg,0.0,0.0,True
S000392,AMD_DATASET_594_PRODUCTION_v1\ROI_594\AMD_DRY\S000392.jpg,0.0,0.0,True
S000393,AMD_DATASET_594_PRODUCTION_v1\ROI_594\AMD_DRY\S000393.jpg,0.0,0.0,True
S000394,AMD_DATASET_594_PRODUCTION_v1\ROI_594\AMD_DRY\S000394.jpg,0.0,0.0,True
S000395,AMD_DATASET_594_PRODUCTION_v1\ROI_594\AMD_DRY\S000395.jpg,0.0,0.0,True
S000396,AMD_DATASET_594_PRODUCTION_v1\ROI_594\AMD_DRY\S000396.jpg,0.0,0.0,True
S000397,AMD_DATASET_594_PRODUCTION_v1\ROI_594\AMD_DRY\S000397.jpg,0.0,0.0,True
S000398,AMD_DATASET_594_PRODUCTION_v1\ROI_594\AMD_DRY\S000398.jpg,0.0,0.0,True
S000399,AMD_DATASET_594_PRODUCTION_v1\ROI_594\AMD_DRY\S000399.jpg,0.0,0.0,True
S000400,AMD_DATASET_594_PRODUCTION_v1\ROI_594\AMD_DRY\S000400.jpg,0.0,0.0,True
S000401,AMD_DATASET_594_PRODUCTION_v1\ROI_594\AMD_DRY\S000401.jpg,0.0,0.0,True
S000402,AMD_DATASET_594_PRODUCTION_v1\ROI_594\AMD_DRY\S000402.jpg,0.0,0.0,True
S000403,AMD_DATASET_594_PRODUCTION_v1\ROI_594\AMD_DRY\S000403.jpg,0.0,0.0,True
S000404,AMD_DATASET_594_PRODUCTION_v1\ROI_594\AMD_DRY\S000404.jpg,0.0,0.0,True
S000405,AMD_DATASET_594_PRODUCTION_v1\ROI_594\AMD_DRY\S000405.jpg,0.0,0.0,True
S000406,AMD_DATASET_594_PRODUCTION_v1\ROI_594\AMD_DRY\S000406.jpg,0.0,0.0,True
S000407,AMD_DATASET_594_PRODUCTION_v1\ROI_594\AMD_DRY\S000407.jpg,0.0,0.0,True
S000408,AMD_DATASET_594_PRODUCTION_v1\ROI_594\AMD_DRY\S000408.jpg,0.0,0.0,True
S000409,AMD_DATASET_594_PRODUCTION_v1\ROI_594\AMD_DRY\S000409.jpg,0.0,0.0,True
S000410,AMD_DATASET_594_PRODUCTION_v1\ROI_594\AMD_DRY\S000410.jpg,0.0,0.0,True
S000411,AMD_DATASET_594_PRODUCTION_v1\ROI_594\AMD_DRY\S000411.jpg,0.0,0.0,True
S000412,AMD_DATASET_594_PRODUCTION_v1\ROI_594\AMD_DRY\S000412.jpg,0.0,0.0,True
S000413,AMD_DATASET_594_PRODUCTION_v1\ROI_594\AMD_DRY\S000413.jpg,0.0,0.0,True
S000414,AMD_DATASET_594_PRODUCTION_v1\ROI_594\AMD_DRY\S000414.jpg,0.0,0.0,True
S000415,AMD_DATASET_594_PRODUCTION_v1\ROI_594\AMD_DRY\S000415.jpg,0.0,0.0,True
S000416,AMD_DATASET_594_PRODUCTION_v1\ROI_594\AMD_DRY\S000416.jpg,0.0,0.0,True
S000417,AMD_DATASET_594_PRODUCTION_v1\ROI_594\AMD_DRY\S000417.jpg,0.0,0.0,True
S000418,AMD_DATASET_594_PRODUCTION_v1\ROI_594\AMD_DRY\S000418.jpg,0.0,0.0,True
S000419,AMD_DATASET_594_PRODUCTION_v1\ROI_594\AMD_DRY\S000419.jpg,0.0,0.0,True
S000420,AMD_DATASET_594_PRODUCTION_v1\ROI_594\AMD_DRY\S000420.jpg,0.0,0.0,True
S000421,AMD_DATASET_594_PRODUCTION_v1\ROI_594\AMD_DRY\S000421.jpg,0.0,0.0,True
S000422,AMD_DATASET_594_PRODUCTION_v1\ROI_594\AMD_DRY\S000422.jpg,0.0,0.0,True
S000423,AMD_DATASET_594_PRODUCTION_v1\ROI_594\AMD_DRY\S000423.jpg,0.0,0.0,True
S000424,AMD_DATASET_594_PRODUCTION_v1\ROI_594\AMD_DRY\S000424.jpg,0.0,0.0,True
S000425,AMD_DATASET_594_PRODUCTION_v1\ROI_594\AMD_DRY\S000425.jpg,0.0,0.0,True
S000426,AMD_DATASET_594_PRODUCTION_v1\ROI_594\AMD_DRY\S000426.jpg,0.0,0.0,True
S000427,AMD_DATASET_594_PRODUCTION_v1\ROI_594\AMD_DRY\S000427.jpg,0.0,0.0,True
S000428,AMD_DATASET_594_PRODUCTION_v1\ROI_594\AMD_DRY\S000428.jpg,0.0,0.0,True
S000429,AMD_DATASET_594_PRODUCTION_v1\ROI_594\AMD_DRY\S000429.jpg,0.0,0.0,True
S000430,AMD_DATASET_594_PRODUCTION_v1\ROI_594\AMD_DRY\S000430.jpg,0.0,0.0,True
S000431,AMD_DATASET_594_PRODUCTION_v1\ROI_594\AMD_DRY\S000431.jpg,0.0,0.0,True
S000432,AMD_DATASET_594_PRODUCTION_v1\ROI_594\AMD_DRY\S000432.jpg,0.0,0.0,True
S000433,AMD_DATASET_594_PRODUCTION_v1\ROI_594\AMD_DRY\S000433.jpg,0.0,0.0,True
S000434,AMD_DATASET_594_PRODUCTION_v1\ROI_594\AMD_DRY\S000434.jpg,0.0,0.0,True
S000435,AMD_DATASET_594_PRODUCTION_v1\ROI_594\AMD_DRY\S000435.jpg,0.0,0.0,True
S000436,AMD_DATASET_594_PRODUCTION_v1\ROI_594\AMD_DRY\S000436.jpg,0.0,0.0,True
S000437,AMD_DATASET_594_PRODUCTION_v1\ROI_594\AMD_DRY\S000437.jpg,0.0,0.0,True
S000438,AMD_DATASET_594_PRODUCTION_v1\ROI_594\AMD_DRY\S000438.jpg,0.0,0.0,True
S000439,AMD_DATASET_594_PRODUCTION_v1\ROI_594\AMD_DRY\S000439.jpg,0.0,0.0,True
S000440,AMD_DATASET_594_PRODUCTION_v1\ROI_594\AMD_DRY\S000440.jpg,0.0,0.0,True
S000441,AMD_DATASET_594_PRODUCTION_v1\ROI_594\AMD_DRY\S000441.jpg,0.0,0.0,True
S000442,AMD_DATASET_594_PRODUCTION_v1\ROI_594\AMD_DRY\S000442.jpg,0.0,0.0,True
S000443,AMD_DATASET_594_PRODUCTION_v1\ROI_594\AMD_DRY\S000443.jpg,0.0,0.0,True
S000444,AMD_DATASET_594_PRODUCTION_v1\ROI_594\AMD_DRY\S000444.jpg,0.0,0.0,True
S000445,AMD_DATASET_594_PRODUCTION_v1\ROI_594\AMD_WET\S000445.jpg,0.0,0.0,True
S000446,AMD_DATASET_594_PRODUCTION_v1\ROI_594\AMD_WET\S000446.jpg,0.0,0.0,True
S000447,AMD_DATASET_594_PRODUCTION_v1\ROI_594\AMD_WET\S000447.jpg,0.0,0.0,True
S000448,AMD_DATASET_594_PRODUCTION_v1\ROI_594\AMD_WET\S000448.jpg,0.0,0.0,True
S000449,AMD_DATASET_594_PRODUCTION_v1\ROI_594\AMD_WET\S000449.jpg,0.0,0.0,True
S000450,AMD_DATASET_594_PRODUCTION_v1\ROI_594\AMD_WET\S000450.jpg,0.0,0.0,True
S000451,AMD_DATASET_594_PRODUCTION_v1\ROI_594\AMD_WET\S000451.jpg,0.0,0.0,True
S000452,AMD_DATASET_594_PRODUCTION_v1\ROI_594\AMD_WET\S000452.jpg,0.0,0.0,True
S000453,AMD_DATASET_594_PRODUCTION_v1\ROI_594\AMD_WET\S000453.jpg,0.0,0.0,True
S000454,AMD_DATASET_594_PRODUCTION_v1\ROI_594\AMD_WET\S000454.jpg,0.0,0.0,True
S000455,AMD_DATASET_594_PRODUCTION_v1\ROI_594\AMD_WET\S000455.jpg,0.0,0.0,True
S000456,AMD_DATASET_594_PRODUCTION_v1\ROI_594\AMD_WET\S000456.jpg,0.0,0.0,True
S000457,AMD_DATASET_594_PRODUCTION_v1\ROI_594\AMD_WET\S000457.jpg,0.0,0.0,True
S000458,AMD_DATASET_594_PRODUCTION_v1\ROI_594\AMD_WET\S000458.jpg,0.0,0.0,True
S000459,AMD_DATASET_594_PRODUCTION_v1\ROI_594\AMD_WET\S000459.jpg,0.0,0.0,True
S000460,AMD_DATASET_594_PRODUCTION_v1\ROI_594\AMD_WET\S000460.jpg,0.0,0.0,True
S000461,AMD_DATASET_594_PRODUCTION_v1\ROI_594\AMD_WET\S000461.jpg,0.0,0.0,True
S000462,AMD_DATASET_594_PRODUCTION_v1\ROI_594\AMD_WET\S000462.jpg,0.0,0.0,True
S000463,AMD_DATASET_594_PRODUCTION_v1\ROI_594\AMD_WET\S000463.jpg,0.0,0.0,True
S000464,AMD_DATASET_594_PRODUCTION_v1\ROI_594\AMD_WET\S000464.jpg,0.0,0.0,True
S000465,AMD_DATASET_594_PRODUCTION_v1\ROI_594\AMD_WET\S000465.jpg,0.0,0.0,True
S000466,AMD_DATASET_594_PRODUCTION_v1\ROI_594\AMD_WET\S000466.jpg,0.0,0.0,True
S000467,AMD_DATASET_594_PRODUCTION_v1\ROI_594\AMD_WET\S000467.jpg,0.0,0.0,True
S000468,AMD_DATASET_594_PRODUCTION_v1\ROI_594\AMD_WET\S000468.jpg,0.0,0.0,True
S000469,AMD_DATASET_594_PRODUCTION_v1\ROI_594\AMD_WET\S000469.jpg,0.0,0.0,True
S000470,AMD_DATASET_594_PRODUCTION_v1\ROI_594\AMD_WET\S000470.jpg,0.0,0.0,True
S000471,AMD_DATASET_594_PRODUCTION_v1\ROI_594\AMD_WET\S000471.jpg,0.0,0.0,True
S000472,AMD_DATASET_594_PRODUCTION_v1\ROI_594\AMD_WET\S000472.jpg,0.0,0.0,True
S000473,AMD_DATASET_594_PRODUCTION_v1\ROI_594\NORMAL\S000473.png,0.0,0.0,True
S000474,AMD_DATASET_594_PRODUCTION_v1\ROI_594\NORMAL\S000474.png,0.0,0.0,True
S000475,AMD_DATASET_594_PRODUCTION_v1\ROI_594\NORMAL\S000475.png,0.0,0.0,True
S000476,AMD_DATASET_594_PRODUCTION_v1\ROI_594\NORMAL\S000476.png,0.0,0.0,True
S000477,AMD_DATASET_594_PRODUCTION_v1\ROI_594\NORMAL\S000477.png,0.0,0.0,True
S000478,AMD_DATASET_594_PRODUCTION_v1\ROI_594\NORMAL\S000478.png,0.0,0.0,True
S000479,AMD_DATASET_594_PRODUCTION_v1\ROI_594\NORMAL\S000479.png,0.0,0.0,True
S000480,AMD_DATASET_594_PRODUCTION_v1\ROI_594\NORMAL\S000480.png,0.0,0.0,True
S000481,AMD_DATASET_594_PRODUCTION_v1\ROI_594\NORMAL\S000481.png,0.0,0.0,True
S000482,AMD_DATASET_594_PRODUCTION_v1\ROI_594\NORMAL\S000482.png,0.0,0.0,True
S000483,AMD_DATASET_594_PRODUCTION_v1\ROI_594\NORMAL\S000483.png,0.0,0.0,True
S000484,AMD_DATASET_594_PRODUCTION_v1\ROI_594\NORMAL\S000484.png,0.0,0.0,True
S000485,AMD_DATASET_594_PRODUCTION_v1\ROI_594\NORMAL\S000485.png,0.0,0.0,True
S000486,AMD_DATASET_594_PRODUCTION_v1\ROI_594\NORMAL\S000486.png,0.0,0.0,True
S000487,AMD_DATASET_594_PRODUCTION_v1\ROI_594\NORMAL\S000487.png,0.0,0.0,True
S000488,AMD_DATASET_594_PRODUCTION_v1\ROI_594\NORMAL\S000488.png,0.0,0.0,True
S000489,AMD_DATASET_594_PRODUCTION_v1\ROI_594\NORMAL\S000489.png,0.0,0.0,True
S000490,AMD_DATASET_594_PRODUCTION_v1\ROI_594\NORMAL\S000490.png,0.0,0.0,True
S000491,AMD_DATASET_594_PRODUCTION_v1\ROI_594\NORMAL\S000491.png,0.0,0.0,True
S000492,AMD_DATASET_594_PRODUCTION_v1\ROI_594\NORMAL\S000492.png,0.0,0.0,True
S000493,AMD_DATASET_594_PRODUCTION_v1\ROI_594\NORMAL\S000493.png,0.0,0.0,True
S000494,AMD_DATASET_594_PRODUCTION_v1\ROI_594\NORMAL\S000494.png,0.0,0.0,True
S000495,AMD_DATASET_594_PRODUCTION_v1\ROI_594\NORMAL\S000495.png,0.0,0.0,True
S000496,AMD_DATASET_594_PRODUCTION_v1\ROI_594\NORMAL\S000496.png,0.0,0.0,True
S000497,AMD_DATASET_594_PRODUCTION_v1\ROI_594\NORMAL\S000497.png,0.0,0.0,True
S000498,AMD_DATASET_594_PRODUCTION_v1\ROI_594\NORMAL\S000498.png,0.0,0.0,True
S000499,AMD_DATASET_594_PRODUCTION_v1\ROI_594\NORMAL\S000499.png,0.0,0.0,True
S000500,AMD_DATASET_594_PRODUCTION_v1\ROI_594\NORMAL\S000500.png,0.0,0.0,True
S000501,AMD_DATASET_594_PRODUCTION_v1\ROI_594\NORMAL\S000501.png,0.0,0.0,True
S000502,AMD_DATASET_594_PRODUCTION_v1\ROI_594\NORMAL\S000502.png,0.0,0.0,True
S000503,AMD_DATASET_594_PRODUCTION_v1\ROI_594\NORMAL\S000503.png,0.0,0.0,True
S000504,AMD_DATASET_594_PRODUCTION_v1\ROI_594\NORMAL\S000504.png,0.0,0.0,True
S000505,AMD_DATASET_594_PRODUCTION_v1\ROI_594\NORMAL\S000505.png,0.0,0.0,True
S000506,AMD_DATASET_594_PRODUCTION_v1\ROI_594\NORMAL\S000506.png,0.0,0.0,True
S000507,AMD_DATASET_594_PRODUCTION_v1\ROI_594\NORMAL\S000507.png,0.0,0.0,True
S000508,AMD_DATASET_594_PRODUCTION_v1\ROI_594\NORMAL\S000508.png,0.0,0.0,True
S000509,AMD_DATASET_594_PRODUCTION_v1\ROI_594\NORMAL\S000509.png,0.0,0.0,True
S000510,AMD_DATASET_594_PRODUCTION_v1\ROI_594\NORMAL\S000510.png,0.0,0.0,True
S000511,AMD_DATASET_594_PRODUCTION_v1\ROI_594\NORMAL\S000511.png,0.0,0.0,True
S000512,AMD_DATASET_594_PRODUCTION_v1\ROI_594\NORMAL\S000512.png,0.0,0.0,True
S000513,AMD_DATASET_594_PRODUCTION_v1\ROI_594\NORMAL\S000513.png,0.0,0.0,True
S000514,AMD_DATASET_594_PRODUCTION_v1\ROI_594\NORMAL\S000514.png,0.0,0.0,True
S000515,AMD_DATASET_594_PRODUCTION_v1\ROI_594\NORMAL\S000515.png,0.0,0.0,True
S000516,AMD_DATASET_594_PRODUCTION_v1\ROI_594\NORMAL\S000516.png,0.0,0.0,True
S000517,AMD_DATASET_594_PRODUCTION_v1\ROI_594\NORMAL\S000517.png,0.0,0.0,True
S000518,AMD_DATASET_594_PRODUCTION_v1\ROI_594\NORMAL\S000518.png,0.0,0.0,True
S000519,AMD_DATASET_594_PRODUCTION_v1\ROI_594\NORMAL\S000519.png,0.0,0.0,True
S000520,AMD_DATASET_594_PRODUCTION_v1\ROI_594\NORMAL\S000520.png,0.0,0.0,True
S000521,AMD_DATASET_594_PRODUCTION_v1\ROI_594\NORMAL\S000521.png,0.0,0.0,True
S000522,AMD_DATASET_594_PRODUCTION_v1\ROI_594\NORMAL\S000522.png,0.0,0.0,True
S000523,AMD_DATASET_594_PRODUCTION_v1\ROI_594\NORMAL\S000523.png,0.0,0.0,True
S000524,AMD_DATASET_594_PRODUCTION_v1\ROI_594\NORMAL\S000524.png,0.0,0.0,True
S000525,AMD_DATASET_594_PRODUCTION_v1\ROI_594\NORMAL\S000525.png,0.0,0.0,True
S000526,AMD_DATASET_594_PRODUCTION_v1\ROI_594\NORMAL\S000526.png,0.0,0.0,True
S000527,AMD_DATASET_594_PRODUCTION_v1\ROI_594\NORMAL\S000527.png,0.0,0.0,True
S000528,AMD_DATASET_594_PRODUCTION_v1\ROI_594\NORMAL\S000528.png,0.0,0.0,True
S000529,AMD_DATASET_594_PRODUCTION_v1\ROI_594\NORMAL\S000529.png,0.0,0.0,True
S000530,AMD_DATASET_594_PRODUCTION_v1\ROI_594\NORMAL\S000530.png,0.0,0.0,True
S000531,AMD_DATASET_594_PRODUCTION_v1\ROI_594\NORMAL\S000531.png,0.0,0.0,True
S000532,AMD_DATASET_594_PRODUCTION_v1\ROI_594\NORMAL\S000532.png,0.0,0.0,True
S000533,AMD_DATASET_594_PRODUCTION_v1\ROI_594\NORMAL\S000533.png,0.0,0.0,True
S000534,AMD_DATASET_594_PRODUCTION_v1\ROI_594\NORMAL\S000534.png,0.0,0.0,True
S000535,AMD_DATASET_594_PRODUCTION_v1\ROI_594\NORMAL\S000535.png,0.0,0.0,True
S000536,AMD_DATASET_594_PRODUCTION_v1\ROI_594\AMD_DRY\S000536.png,0.0,0.0,True
S000537,AMD_DATASET_594_PRODUCTION_v1\ROI_594\AMD_DRY\S000537.png,0.0,0.0,True
S000538,AMD_DATASET_594_PRODUCTION_v1\ROI_594\AMD_DRY\S000538.png,0.0,0.0,True
S000539,AMD_DATASET_594_PRODUCTION_v1\ROI_594\AMD_DRY\S000539.png,0.0,0.0,True
S000540,AMD_DATASET_594_PRODUCTION_v1\ROI_594\AMD_DRY\S000540.png,0.0,0.0,True
S000541,AMD_DATASET_594_PRODUCTION_v1\ROI_594\AMD_DRY\S000541.png,0.0,0.0,True
S000542,AMD_DATASET_594_PRODUCTION_v1\ROI_594\AMD_DRY\S000542.png,0.0,0.0,True
S000543,AMD_DATASET_594_PRODUCTION_v1\ROI_594\AMD_DRY\S000543.png,0.0,0.0,True
S000544,AMD_DATASET_594_PRODUCTION_v1\ROI_594\AMD_WET\S000544.png,0.0,0.0,True
S000545,AMD_DATASET_594_PRODUCTION_v1\ROI_594\AMD_WET\S000545.png,0.0,0.0,True
S000546,AMD_DATASET_594_PRODUCTION_v1\ROI_594\AMD_WET\S000546.png,0.0,0.0,True
S000547,AMD_DATASET_594_PRODUCTION_v1\ROI_594\AMD_WET\S000547.png,0.0,0.0,True
S000548,AMD_DATASET_594_PRODUCTION_v1\ROI_594\AMD_WET\S000548.png,0.0,0.0,True
S000549,AMD_DATASET_594_PRODUCTION_v1\ROI_594\AMD_WET\S000549.png,0.0,0.0,True
S000550,AMD_DATASET_594_PRODUCTION_v1\ROI_594\AMD_WET\S000550.png,0.0,0.0,True
S000551,AMD_DATASET_594_PRODUCTION_v1\ROI_594\AMD_WET\S000551.png,0.0,0.0,True
S000552,AMD_DATASET_594_PRODUCTION_v1\ROI_594\AMD_WET\S000552.png,0.0,0.0,True
S000553,AMD_DATASET_594_PRODUCTION_v1\ROI_594\AMD_WET\S000553.png,0.0,0.0,True
S000554,AMD_DATASET_594_PRODUCTION_v1\ROI_594\AMD_WET\S000554.png,0.0,0.0,True
S000555,AMD_DATASET_594_PRODUCTION_v1\ROI_594\AMD_WET\S000555.png,0.0,0.0,True
S000556,AMD_DATASET_594_PRODUCTION_v1\ROI_594\AMD_WET\S000556.png,0.0,0.0,True
S000557,AMD_DATASET_594_PRODUCTION_v1\ROI_594\AMD_WET\S000557.png,0.0,0.0,True
S000558,AMD_DATASET_594_PRODUCTION_v1\ROI_594\AMD_WET\S000558.png,0.0,0.0,True
S000559,AMD_DATASET_594_PRODUCTION_v1\ROI_594\AMD_WET\S000559.png,0.0,0.0,True
S000560,AMD_DATASET_594_PRODUCTION_v1\ROI_594\AMD_WET\S000560.png,0.0,0.0,True
S000561,AMD_DATASET_594_PRODUCTION_v1\ROI_594\AMD_WET\S000561.png,0.0,0.0,True
S000562,AMD_DATASET_594_PRODUCTION_v1\ROI_594\AMD_WET\S000562.png,0.0,0.0,True
S000563,AMD_DATASET_594_PRODUCTION_v1\ROI_594\AMD_WET\S000563.png,0.0,0.0,True
S000564,AMD_DATASET_594_PRODUCTION_v1\ROI_594\AMD_WET\S000564.png,0.0,0.0,True
S000565,AMD_DATASET_594_PRODUCTION_v1\ROI_594\AMD_WET\S000565.png,0.0,0.0,True
S000566,AMD_DATASET_594_PRODUCTION_v1\ROI_594\AMD_WET\S000566.png,0.0,0.0,True
S000567,AMD_DATASET_594_PRODUCTION_v1\ROI_594\AMD_WET\S000567.png,0.0,0.0,True
S000568,AMD_DATASET_594_PRODUCTION_v1\ROI_594\AMD_WET\S000568.png,0.0,0.0,True
S000569,AMD_DATASET_594_PRODUCTION_v1\ROI_594\AMD_WET\S000569.png,0.0,0.0,True
S000570,AMD_DATASET_594_PRODUCTION_v1\ROI_594\AMD_WET\S000570.png,0.0,0.0,True
S000571,AMD_DATASET_594_PRODUCTION_v1\ROI_594\AMD_WET\S000571.png,0.0,0.0,True
S000572,AMD_DATASET_594_PRODUCTION_v1\ROI_594\AMD_WET\S000572.png,0.0,0.0,True
S000573,AMD_DATASET_594_PRODUCTION_v1\ROI_594\AMD_WET\S000573.png,0.0,0.0,True
S000574,AMD_DATASET_594_PRODUCTION_v1\ROI_594\AMD_WET\S000574.png,0.0,0.0,True
S000575,AMD_DATASET_594_PRODUCTION_v1\ROI_594\AMD_WET\S000575.png,0.0,0.0,True
S000576,AMD_DATASET_594_PRODUCTION_v1\ROI_594\AMD_WET\S000576.png,0.0,0.0,True
S000577,AMD_DATASET_594_PRODUCTION_v1\ROI_594\AMD_WET\S000577.png,0.0,0.0,True
S000578,AMD_DATASET_594_PRODUCTION_v1\ROI_594\AMD_WET\S000578.png,0.0,0.0,True
S000579,AMD_DATASET_594_PRODUCTION_v1\ROI_594\AMD_WET\S000579.png,0.0,0.0,True
S000580,AMD_DATASET_594_PRODUCTION_v1\ROI_594\AMD_WET\S000580.png,0.0,0.0,True
S000581,AMD_DATASET_594_PRODUCTION_v1\ROI_594\AMD_WET\S000581.png,0.0,0.0,True
S000582,AMD_DATASET_594_PRODUCTION_v1\ROI_594\AMD_WET\S000582.png,0.0,0.0,True
S000583,AMD_DATASET_594_PRODUCTION_v1\ROI_594\AMD_WET\S000583.png,0.0,0.0,True
S000584,AMD_DATASET_594_PRODUCTION_v1\ROI_594\AMD_WET\S000584.png,0.0,0.0,True
S000585,AMD_DATASET_594_PRODUCTION_v1\ROI_594\AMD_WET\S000585.png,0.0,0.0,True
S000586,AMD_DATASET_594_PRODUCTION_v1\ROI_594\AMD_WET\S000586.png,0.0,0.0,True
S000587,AMD_DATASET_594_PRODUCTION_v1\ROI_594\AMD_WET\S000587.png,0.0,0.0,True
S000588,AMD_DATASET_594_PRODUCTION_v1\ROI_594\AMD_WET\S000588.png,0.0,0.0,True
S000589,AMD_DATASET_594_PRODUCTION_v1\ROI_594\AMD_WET\S000589.png,0.0,0.0,True
S000590,AMD_DATASET_594_PRODUCTION_v1\ROI_594\AMD_WET\S000590.png,0.0,0.0,True
S000591,AMD_DATASET_594_PRODUCTION_v1\ROI_594\AMD_WET\S000591.png,0.0,0.0,True
S000592,AMD_DATASET_594_PRODUCTION_v1\ROI_594\AMD_WET\S000592.png,0.0,0.0,True
S000593,AMD_DATASET_594_PRODUCTION_v1\ROI_594\AMD_WET\S000593.png,0.0,0.0,True
S000594,AMD_DATASET_594_PRODUCTION_v1\ROI_594\AMD_WET\S000594.png,0.0,0.0,True
S000595,AMD_DATASET_594_PRODUCTION_v1\ROI_594\AMD_WET\S000595.png,0.0,0.0,True
S000596,AMD_DATASET_594_PRODUCTION_v1\ROI_594\AMD_WET\S000596.png,0.0,0.0,True
S000597,AMD_DATASET_594_PRODUCTION_v1\ROI_594\AMD_WET\S000597.png,0.0,0.0,True
