sample_id,image_path,harmonized_label,original_folder_label,label_rule,file_sha256,file_size_bytes
STARE_AMD_DRY_0001_d263f50d89b2,AMD_DRY/im0006.png,AMD_DRY,AMD_DRY,Predefined folder label used as a rule-harmonized three-class category,07404fb4bd53b34ee25026662f3aa297e0556661c85da6cc611afc72690dd067,75817
STARE_AMD_DRY_0002_229c41f2cf25,AMD_DRY/im0012.png,AMD_DRY,AMD_DRY,Predefined folder label used as a rule-harmonized three-class category,7ead02e3f48eb036c8e46131fa3c26573762533cf84bb586588ea1586b9a151a,81427
STARE_AMD_DRY_0003_d6d7c11dd912,AMD_DRY/im0015.png,AMD_DRY,AMD_DRY,Predefined folder label used as a rule-harmonized three-class category,a3e8437cae1948c95e2e91e75d8e33c016295d76bbd77a62d6066b602e77cde2,84745
STARE_AMD_DRY_0004_b06dde6ef269,AMD_DRY/im0046.png,AMD_DRY,AMD_DRY,Predefined folder label used as a rule-harmonized three-class category,02463d320cda2ff13bf3719d639973124b40fbd8b127cf778b4bf9af3be5ae26,78852
STARE_AMD_DRY_0005_937e0f008180,AMD_DRY/im0063.png,AMD_DRY,AMD_DRY,Predefined folder label used as a rule-harmonized three-class category,4ecde88543ad41f537feab30920481af39418f67cbd4a0af6741557e269bc487,88756
STARE_AMD_DRY_0006_cc78e90fdf44,AMD_DRY/im0066.png,AMD_DRY,AMD_DRY,Predefined folder label used as a rule-harmonized three-class category,2240107c1ed6c3fa19669456df1652a098850fd217eceba2630795b2aa8c49db,75874
STARE_AMD_DRY_0007_1e4f490def47,AMD_DRY/im0068.png,AMD_DRY,AMD_DRY,Predefined folder label used as a rule-harmonized three-class category,6f526995077b937f5fea61e713f5c5ff158fe9505855bc2c1e026438d467aeb2,78592
STARE_AMD_DRY_0008_c8d5b3bc7fd1,AMD_DRY/im0175.png,AMD_DRY,AMD_DRY,Predefined folder label used as a rule-harmonized three-class category,b9078b917d6bab1ba7794307d6de24878364c3a9a686638d18208e7508628339,83062
STARE_AMD_DRY_0009_1b44b3f95920,AMD_DRY/im0193.png,AMD_DRY,AMD_DRY,Predefined folder label used as a rule-harmonized three-class category,432a8c9a1caf88b55bb56a507ac762d5b327717050fefc5be278fd4338c19f30,73528
STARE_AMD_DRY_0010_831581454862,AMD_DRY/im0250.png,AMD_DRY,AMD_DRY,Predefined folder label used as a rule-harmonized three-class category,f0b0ea1b3c6b93f64fbaa5e5ce949029f0a1114170600a59727d7bb4ec12c5c3,75753
STARE_AMD_DRY_0011_1f3e7a28dfdb,AMD_DRY/im0262.png,AMD_DRY,AMD_DRY,Predefined folder label used as a rule-harmonized three-class category,3e5597a19b733c677176fc433af21a35226f819671da0d09f5f5030e4f2b26b0,82500
STARE_AMD_DRY_0012_faa094e238d5,AMD_DRY/im0263.png,AMD_DRY,AMD_DRY,Predefined folder label used as a rule-harmonized three-class category,4db3e481700ec8db703d55c2fc73a741a76ee153011608264863a52740bc8fb1,81605
STARE_AMD_DRY_0013_667486851e7b,AMD_DRY/im0264.png,AMD_DRY,AMD_DRY,Predefined folder label used as a rule-harmonized three-class category,8ebb345117e4ef7e9b7d36fb7c1cd4c4cf989442736ea0b46079b8871a4ea779,82283
STARE_AMD_DRY_0014_77bca31945cf,AMD_DRY/im0265.png,AMD_DRY,AMD_DRY,Predefined folder label used as a rule-harmonized three-class category,ad1821d60e315daecf235929f70cf8f3dfde962469edb679592996b12f95db36,82109
STARE_AMD_DRY_0015_9816ec7268cf,AMD_DRY/im0266.png,AMD_DRY,AMD_DRY,Predefined folder label used as a rule-harmonized three-class category,8d46fced829b536a3d2db2bd9333d6b33635c06e5252f1d4776f4162d18fc081,74248
STARE_AMD_DRY_0016_b0cdd859d6ed,AMD_DRY/im0292.png,AMD_DRY,AMD_DRY,Predefined folder label used as a rule-harmonized three-class category,f5fe8b111acf618451880f97052f418600aeb562be4deb3abebfeb1c176a4b64,83201
STARE_AMD_DRY_0017_7456c8a0cd69,AMD_DRY/im0401.png,AMD_DRY,AMD_DRY,Predefined folder label used as a rule-harmonized three-class category,ba2d68ee6bbf1771c5b2d79805beaf8e46860cfb245819074ee4fd1f94de33bd,77126
STARE_AMD_DRY_0018_379873cbb1a2,AMD_DRY/im0402.png,AMD_DRY,AMD_DRY,Predefined folder label used as a rule-harmonized three-class category,14ed4022ab6157297273acaef2c6a656c74b45e826c5c81119024c9e089ae712,71052
STARE_AMD_WET_0001_4abb74838c2e,AMD_WET/im0007.png,AMD_WET,AMD_WET,Predefined folder label used as a rule-harmonized three-class category,43efff95090bce4ff7388809dd5f71ec968f84c8868f4597d50267e06f6a80ab,65623
STARE_AMD_WET_0002_364d7d338f60,AMD_WET/im0008.png,AMD_WET,AMD_WET,Predefined folder label used as a rule-harmonized three-class category,97947d82cf545207422cbd803d4dbc1a44338829d22d841b49f4bcfd305a70d3,76009
STARE_AMD_WET_0003_a3a1c9c56853,AMD_WET/im0011.png,AMD_WET,AMD_WET,Predefined folder label used as a rule-harmonized three-class category,e449e9fd863250088ca5750e581ca89d9a8be324a6dbe88334824697fb987a9e,76369
STARE_AMD_WET_0004_b1fbc6d203b8,AMD_WET/im0017.png,AMD_WET,AMD_WET,Predefined folder label used as a rule-harmonized three-class category,426c86d782efc552afc690378865191e61df5aa4ccd9bfe1f682174328a87cef,92808
STARE_AMD_WET_0005_67527302d081,AMD_WET/im0034.png,AMD_WET,AMD_WET,Predefined folder label used as a rule-harmonized three-class category,03e98b766cd9c45837d9b19be05cd460593d335a3f8bdcc20b25fe6fce757879,83346
STARE_AMD_WET_0006_db064e8eb44c,AMD_WET/im0036.png,AMD_WET,AMD_WET,Predefined folder label used as a rule-harmonized three-class category,40ed5b10850dbe2cac6fa5ad0da28d12e14f3c03ba1d8656667cbeef1faefbb2,82101
STARE_AMD_WET_0007_5b7bee080dcd,AMD_WET/im0037.png,AMD_WET,AMD_WET,Predefined folder label used as a rule-harmonized three-class category,63a74787d05305a09f9daae4964e7f067306f3c4f6521a8c6fb2ade01e8cadf2,83128
STARE_AMD_WET_0008_ce070d9aedb0,AMD_WET/im0053.png,AMD_WET,AMD_WET,Predefined folder label used as a rule-harmonized three-class category,5bd3fdb5c8efcbe5bd534875a8ab9ced630474e6e6b3f6c7645ea7106028bb99,72551
STARE_AMD_WET_0009_7f040538c58a,AMD_WET/im0054.png,AMD_WET,AMD_WET,Predefined folder label used as a rule-harmonized three-class category,748a963e24d304d8145fac9e87991a1f4a2e8f8f9ec250a94e3b76c86bffd32f,78188
STARE_AMD_WET_0010_f9748c7fccb6,AMD_WET/im0061.png,AMD_WET,AMD_WET,Predefined folder label used as a rule-harmonized three-class category,3618ee890a682dad4db87a0f55e8bb3e60e13889c98f32b5be93e86847dad88e,87421
STARE_AMD_WET_0011_685974b697be,AMD_WET/im0062.png,AMD_WET,AMD_WET,Predefined folder label used as a rule-harmonized three-class category,7f7de2b94bdba9e000b42e074aa5fdc898876c7c192460b346a01e5feb9c23bb,73785
STARE_AMD_WET_0012_b0e1926f7dfc,AMD_WET/im0083.png,AMD_WET,AMD_WET,Predefined folder label used as a rule-harmonized three-class category,ad9eac2b2d2369f5d8277bc425012ce4787c38b55081296e2d47b27874c9efa6,83083
STARE_AMD_WET_0013_e4e4377d057a,AMD_WET/im0084.png,AMD_WET,AMD_WET,Predefined folder label used as a rule-harmonized three-class category,6d3f7fb5846b79faf4e775d5f9f50891641312aa4903ba8e2842934a697819b7,80683
STARE_AMD_WET_0014_e880931c9146,AMD_WET/im0091.png,AMD_WET,AMD_WET,Predefined folder label used as a rule-harmonized three-class category,39d871a3e16f95b5048404122c29149267c6159c219c1d297bc9642257eb1492,72886
STARE_AMD_WET_0015_25c7cf74080b,AMD_WET/im0092.png,AMD_WET,AMD_WET,Predefined folder label used as a rule-harmonized three-class category,15584a9280772911b2d202c8af1a671461257b3dca76e9fa46e972502b706de1,75662
STARE_AMD_WET_0016_7f0eb389baee,AMD_WET/im0100.png,AMD_WET,AMD_WET,Predefined folder label used as a rule-harmonized three-class category,7bf274c7d773c817b4503ea8f88247bad16dd34eb8ce8dcc0c1b9f7f8c1a2ece,86219
STARE_AMD_WET_0017_22cbd7234f5e,AMD_WET/im0101.png,AMD_WET,AMD_WET,Predefined folder label used as a rule-harmonized three-class category,a2e7d0814149deaffc104d661424651f7db5381d84c7456bb37dbe660241cd9f,88995
STARE_AMD_WET_0018_04d706241959,AMD_WET/im0103.png,AMD_WET,AMD_WET,Predefined folder label used as a rule-harmonized three-class category,7f2fd1dd0bb83282a3036f49680952a097afd5ab56e8f97fcf4d055f76830d66,81133
STARE_AMD_WET_0019_5add82a8671c,AMD_WET/im0104.png,AMD_WET,AMD_WET,Predefined folder label used as a rule-harmonized three-class category,8cd524a53014090924ea38e650597a8690329ca3a4a53cbafe5bf66a54e5b3da,78311
STARE_AMD_WET_0020_0d6202ae9b41,AMD_WET/im0105.png,AMD_WET,AMD_WET,Predefined folder label used as a rule-harmonized three-class category,6adfaa348c4fefcf987d1345282b82d6344a49a72df761012fa6682216d3cd6d,79459
STARE_AMD_WET_0021_b244af1ee88b,AMD_WET/im0106.png,AMD_WET,AMD_WET,Predefined folder label used as a rule-harmonized three-class category,d7734c772af108c633197d99af226712ffdedf208de12e3401f1c0ff364bf415,78332
STARE_AMD_WET_0022_485b7e19dbb9,AMD_WET/im0110.png,AMD_WET,AMD_WET,Predefined folder label used as a rule-harmonized three-class category,4cf4d8a5431840b301a45b27517dc9e4f6c315af9a951ee7a9e7aecd8d1fff87,85325
STARE_AMD_WET_0023_783924ab9d3e,AMD_WET/im0142.png,AMD_WET,AMD_WET,Predefined folder label used as a rule-harmonized three-class category,8652ae4720f76835d83600178ecd2d5ad364cff1aca2d5e6130f5a7edddbba86,75850
STARE_AMD_WET_0024_c037a55bcb6c,AMD_WET/im0143.png,AMD_WET,AMD_WET,Predefined folder label used as a rule-harmonized three-class category,3453e39c772c5bab740f6413943cb5f93f5fe08c9c343a854a625e0b402ddb6d,67834
STARE_AMD_WET_0025_98ec0df7bc68,AMD_WET/im0145.png,AMD_WET,AMD_WET,Predefined folder label used as a rule-harmonized three-class category,a5681525b97c4dca5f45ce5a5e1da936b07e025271f89ea246ff9b5dc6983440,68975
STARE_AMD_WET_0026_2352e6cbeec6,AMD_WET/im0147.png,AMD_WET,AMD_WET,Predefined folder label used as a rule-harmonized three-class category,69c37425ca991739d3d10cbc578ac571c6a4e99322393a8713ba4eb848eb5502,76740
STARE_AMD_WET_0027_10d3c0ba4d12,AMD_WET/im0148.png,AMD_WET,AMD_WET,Predefined folder label used as a rule-harmonized three-class category,b4bcfa8a3773c76313794c74e7ae8e82c21615838abbebdffca7d3cdf2917e30,67741
STARE_AMD_WET_0028_f46e77551412,AMD_WET/im0149.png,AMD_WET,AMD_WET,Predefined folder label used as a rule-harmonized three-class category,6f3fdbf773038c12c6e7c67386281b866491545eb6875000f674d23142bbd85c,73371
STARE_AMD_WET_0029_dc7db43f95e6,AMD_WET/im0150.png,AMD_WET,AMD_WET,Predefined folder label used as a rule-harmonized three-class category,d908ec1498c17f64e75e8497e8397e759b2e133e69c4f86aad3f9e748c2c506d,79649
STARE_AMD_WET_0030_217ba81e51a4,AMD_WET/im0151.png,AMD_WET,AMD_WET,Predefined folder label used as a rule-harmonized three-class category,8426b239b4497a8d26c2eef041be117d86819413209f92ff27a35821cc98e7aa,80226
STARE_AMD_WET_0031_ea436d9c2155,AMD_WET/im0154.png,AMD_WET,AMD_WET,Predefined folder label used as a rule-harmonized three-class category,3e30820f11968c852328d7ce0e311f95a9d8e8d2aa4e967c54c7899bf05e78af,89979
STARE_AMD_WET_0032_82a866bf90e7,AMD_WET/im0158.png,AMD_WET,AMD_WET,Predefined folder label used as a rule-harmonized three-class category,acfeb121c561a1f48875b41496a49b0052e28623d3e80699cc5a5724b9caaf07,70027
STARE_AMD_WET_0033_3f2dc2fca284,AMD_WET/im0162.png,AMD_WET,AMD_WET,Predefined folder label used as a rule-harmonized three-class category,72e00297ec08da2d035593fb29639d79d88f8b39cd0b42b787601000ef19feeb,85768
STARE_AMD_WET_0034_8775b8a29b66,AMD_WET/im0163.png,AMD_WET,AMD_WET,Predefined folder label used as a rule-harmonized three-class category,d41b401024384b648248ed09f5d762674d085959b8e5dfe2162d01b4fd4c2ef0,79613
STARE_AMD_WET_0035_4c0db4ccf5a4,AMD_WET/im0164.png,AMD_WET,AMD_WET,Predefined folder label used as a rule-harmonized three-class category,fef2c9c937e4640ab7bc97fdf7248f5943b843bb46961d3b328303d0741a9ded,66684
STARE_AMD_WET_0036_c00e1422854e,AMD_WET/im0171.png,AMD_WET,AMD_WET,Predefined folder label used as a rule-harmonized three-class category,27508429504998fba48c98402a0c27ad4b52a8eb901a6560b94bcdfbe5f02b5e,72060
STARE_AMD_WET_0037_f615feb0e70f,AMD_WET/im0172.png,AMD_WET,AMD_WET,Predefined folder label used as a rule-harmonized three-class category,ef627ca53ec6663be33e93ab56135bd86105368b41bd762ff33fdf721cd11f47,79901
STARE_AMD_WET_0038_f067b2299705,AMD_WET/im0259.png,AMD_WET,AMD_WET,Predefined folder label used as a rule-harmonized three-class category,3ddfc0b707bd98706b3d375e2f9b1b4d04b0b1d29819028e980a276a5e5931e8,81262
STARE_AMD_WET_0039_901400a328ea,AMD_WET/im0260.png,AMD_WET,AMD_WET,Predefined folder label used as a rule-harmonized three-class category,05dc807bfa30fa429de8d8b049ecafd790c32c2a559f9405882d54e63ea674a9,79822
STARE_AMD_WET_0040_a363219f11d0,AMD_WET/im0268.png,AMD_WET,AMD_WET,Predefined folder label used as a rule-harmonized three-class category,35888c752846e3adb3516a194fcd44f813a0bb0346a881c9cce8d8f88ed976a9,84872
STARE_AMD_WET_0041_690c73b63336,AMD_WET/im0269.png,AMD_WET,AMD_WET,Predefined folder label used as a rule-harmonized three-class category,2f075a6a797e24f97921a61f679e1ae0ab73ad90d36632093ec7750205784168,84226
STARE_AMD_WET_0042_69540105ba9b,AMD_WET/im0270.png,AMD_WET,AMD_WET,Predefined folder label used as a rule-harmonized three-class category,76d593aa16b8092375d9df1f1daf3d05a70f0f95019bb2ea6fbe2b633a712e52,83477
STARE_AMD_WET_0043_4ed7714513bd,AMD_WET/im0375.png,AMD_WET,AMD_WET,Predefined folder label used as a rule-harmonized three-class category,3285ead4943823ab422def9a6ba9ce19f6cb90266b55ca36873af16cbe14d4cd,74303
STARE_AMD_WET_0044_1eca6ca88367,AMD_WET/im0376.png,AMD_WET,AMD_WET,Predefined folder label used as a rule-harmonized three-class category,2e9e22db7a9b5246621d6f46a9eb6ba71e7cbaee0e7407aeec5a40204eebd0d2,71824
STARE_AMD_WET_0045_a7ac74c12223,AMD_WET/im0377.png,AMD_WET,AMD_WET,Predefined folder label used as a rule-harmonized three-class category,fc69ff53cc325cd060f4424c0f95424e90716f5143248286ab8a235f2adb238d,77162
STARE_AMD_WET_0046_930a5d6ef337,AMD_WET/im0378.png,AMD_WET,AMD_WET,Predefined folder label used as a rule-harmonized three-class category,938e4f4d27b037c2468b2acd649d075f6b8a232dd58c4bab39f9802478c3d099,71806
STARE_AMD_WET_0047_33adc64edf0e,AMD_WET/im0379.png,AMD_WET,AMD_WET,Predefined folder label used as a rule-harmonized three-class category,f56238dd685cc66e4d92d338b424d0a61d475111ba3e3cb9a73b26b1356ab412,68775
STARE_AMD_WET_0048_06963c6124c6,AMD_WET/im0380.png,AMD_WET,AMD_WET,Predefined folder label used as a rule-harmonized three-class category,7a673e54c6ffc0e1423acafccc440d30bda225ac2b2a446b0c50091c02f8a9ac,62348
STARE_AMD_WET_0049_9bf3d111a53d,AMD_WET/im0381.png,AMD_WET,AMD_WET,Predefined folder label used as a rule-harmonized three-class category,83ab520e218e344b07e97523c41262b626658654defdf671c0a15aafa62d69dc,83161
STARE_AMD_WET_0050_e8a530fce5a2,AMD_WET/im0382.png,AMD_WET,AMD_WET,Predefined folder label used as a rule-harmonized three-class category,2a5f5949d58920bc4640f201a952752009f04984297e630fb2cc08bf28633614,71344
STARE_AMD_WET_0051_482de20e4e3b,AMD_WET/im0383.png,AMD_WET,AMD_WET,Predefined folder label used as a rule-harmonized three-class category,35e60c03d2808a6df90a4a6e87a30a54599dab57e027eb19fd2161d8b24bde2b,84032
STARE_AMD_WET_0052_d1204ef9efbf,AMD_WET/im0384.png,AMD_WET,AMD_WET,Predefined folder label used as a rule-harmonized three-class category,dbc8302f2327e1d4813cc03c89406f01c2f5a4e5c1926c01053b54d77c00e7f8,62811
STARE_AMD_WET_0053_a654eff73804,AMD_WET/im0385.png,AMD_WET,AMD_WET,Predefined folder label used as a rule-harmonized three-class category,7cf72f7ef7a41de0d1156ce7f03b44973bdd92a1a1b2b99ff8a77647ba54ed25,83862
STARE_NORMAL_0001_bcb949751692,NORMAL/im0032.png,NORMAL,NORMAL,Predefined folder label used as a rule-harmonized three-class category,62e879df0174360b7ae75d1c10991e5b696428f0facbf09043a5cbd406b67599,75131
STARE_NORMAL_0002_5dc0f880fbb0,NORMAL/im0035.png,NORMAL,NORMAL,Predefined folder label used as a rule-harmonized three-class category,e37c8438fcce197544ae71f483ab8997c91457351e6d5a1477f8a14afc1a2a4e,63325
STARE_NORMAL_0003_af8dffaab8e8,NORMAL/im0076.png,NORMAL,NORMAL,Predefined folder label used as a rule-harmonized three-class category,6f6ca7f36384eb7df2ffeac7b66373ce318a74b3ff5aad4db689649dd0bfd7cd,87224
STARE_NORMAL_0004_a7c8b54fa43f,NORMAL/im0077.png,NORMAL,NORMAL,Predefined folder label used as a rule-harmonized three-class category,09e643596a6f4780adffefeeee2bd8d87372f8ace5fb1793dd127ad485a62af7,88831
STARE_NORMAL_0005_9545e76ea708,NORMAL/im0080.png,NORMAL,NORMAL,Predefined folder label used as a rule-harmonized three-class category,2d1c47abfa3a52970bea03740f7ed219245b4a8ee2f559b833335ed69bf49628,71432
STARE_NORMAL_0006_a0954f383019,NORMAL/im0081.png,NORMAL,NORMAL,Predefined folder label used as a rule-harmonized three-class category,4baf8ebb88eca8082da1e458c72c9fe393ff8e5ec16e91175432bed19627aa1d,85867
STARE_NORMAL_0007_5980e3b87e9e,NORMAL/im0082.png,NORMAL,NORMAL,Predefined folder label used as a rule-harmonized three-class category,2884006bfa703a7117eed97da8d82ae7b5bb529685b56fd91142f027c32fd415,84163
STARE_NORMAL_0008_67b0b3d6d1f2,NORMAL/im0119.png,NORMAL,NORMAL,Predefined folder label used as a rule-harmonized three-class category,6150b14dd0d0dd390bcf1e364e4389f2cf4e03392b886b57173ec61b5681404b,81309
STARE_NORMAL_0009_6a65823b5152,NORMAL/im0120.png,NORMAL,NORMAL,Predefined folder label used as a rule-harmonized three-class category,bcde9855e79ec1b7af4d668ae77ded4f721959afbdecb43b7674a061234cd473,87701
STARE_NORMAL_0010_288860135381,NORMAL/im0170.png,NORMAL,NORMAL,Predefined folder label used as a rule-harmonized three-class category,a35491abd3cdf67d5011dbd78bf89a4d93c4ee0d613994338ee88050813d95ea,85342
STARE_NORMAL_0011_adb7788e4f81,NORMAL/im0190.png,NORMAL,NORMAL,Predefined folder label used as a rule-harmonized three-class category,c750838f7b3cdbb4d7456a56e0bf87f36dfaf5db349e036b972ccaab23d00c21,92529
STARE_NORMAL_0012_88861f2bdfe4,NORMAL/im0198.png,NORMAL,NORMAL,Predefined folder label used as a rule-harmonized three-class category,87add79ee388d59aa87622a56d873fd8d360f85d7bf6a50a21d3c0a0b41ae571,73085
STARE_NORMAL_0013_c303b9fa8118,NORMAL/im0199.png,NORMAL,NORMAL,Predefined folder label used as a rule-harmonized three-class category,453319f57d81ffb75d5a6d623d221956b7612f662aedf38ea3f810765b18394d,85454
STARE_NORMAL_0014_4235d006c6c5,NORMAL/im0216.png,NORMAL,NORMAL,Predefined folder label used as a rule-harmonized three-class category,e3c533d5cdda64345e0dd8c7df973d1ffcf27ba72bd3260e888f7050ec8b8864,80709
STARE_NORMAL_0015_3ec130b0c8aa,NORMAL/im0219.png,NORMAL,NORMAL,Predefined folder label used as a rule-harmonized three-class category,5319f005326e3766c0f7cd49defd75b26089ea46ae1984d7877bbda6fbf0f5b9,81187
STARE_NORMAL_0016_a5dd62b18f81,NORMAL/im0231.png,NORMAL,NORMAL,Predefined folder label used as a rule-harmonized three-class category,69e9a35b9cef4038cc12fc6533b15395e80f631dbd5088442a0ec6af0c77ccff,79801
STARE_NORMAL_0017_f2351c6ce9fa,NORMAL/im0234.png,NORMAL,NORMAL,Predefined folder label used as a rule-harmonized three-class category,5558231804283e500c7b1867373702abafe24e462b5c21118a896a6130732122,90358
STARE_NORMAL_0018_4bb8a01681a3,NORMAL/im0235.png,NORMAL,NORMAL,Predefined folder label used as a rule-harmonized three-class category,3809fd30b63a0d911aec81ae9eac6ebba104db3075fed8c8b109f3e379a09528,86752
STARE_NORMAL_0019_d06a1b708664,NORMAL/im0236.png,NORMAL,NORMAL,Predefined folder label used as a rule-harmonized three-class category,aa35e55e4281f566394437f6552842612810d3df0f21dd38952ff0bf0fb3fe52,86943
STARE_NORMAL_0020_80b19c79855d,NORMAL/im0237.png,NORMAL,NORMAL,Predefined folder label used as a rule-harmonized three-class category,5f4909ef146efb4de3ab5bce07d15658fef5d126757033521700b1b45e7471a8,80740
STARE_NORMAL_0021_a8a97366077a,NORMAL/im0238.png,NORMAL,NORMAL,Predefined folder label used as a rule-harmonized three-class category,a8a64a614eb8df3408b22ad6f21cfb439d2a5d006216e1fe6277d2911b53e75a,73927
STARE_NORMAL_0022_7d403a344fb9,NORMAL/im0239.png,NORMAL,NORMAL,Predefined folder label used as a rule-harmonized three-class category,eb5a6ca738083158f1f644cbc6f6a1df1b54d11b438e8a9b79ba5f0c435cf63d,90204
STARE_NORMAL_0023_47ed930d2f03,NORMAL/im0240.png,NORMAL,NORMAL,Predefined folder label used as a rule-harmonized three-class category,5fb8b1d5f3fe6585ad73dc399b90d469afacac14da43d19541c0e4d283c741d7,80875
STARE_NORMAL_0024_bb5cb2546ea1,NORMAL/im0241.png,NORMAL,NORMAL,Predefined folder label used as a rule-harmonized three-class category,76e76bf16fdfbd8909809773a537914810f675f5cd7b465919a2ac954784721d,80057
STARE_NORMAL_0025_40962a17dfbb,NORMAL/im0252.png,NORMAL,NORMAL,Predefined folder label used as a rule-harmonized three-class category,9a8b2d7e790afb389f2e0cfebe109925e7f7e107f04786b6e9764be6baea5377,84932
STARE_NORMAL_0026_0e9ac8c7e0ab,NORMAL/im0253.png,NORMAL,NORMAL,Predefined folder label used as a rule-harmonized three-class category,88e1280e81b83f87b9d2004480a7abbaf39c31af89466d280a1398291118f320,72436
STARE_NORMAL_0027_a729417ea11b,NORMAL/im0254.png,NORMAL,NORMAL,Predefined folder label used as a rule-harmonized three-class category,b5bd3c6208c42d3375edc38f4316d86afbd9254e82b68a828c64dcc0315896df,79980
STARE_NORMAL_0028_904d555e7186,NORMAL/im0255.png,NORMAL,NORMAL,Predefined folder label used as a rule-harmonized three-class category,359d311f41cc6fbcb2c742d40260e4db79f49e952b8c4f7d7fce7062d2ebad75,90496
STARE_NORMAL_0029_26e8fa5a34fb,NORMAL/im0278.png,NORMAL,NORMAL,Predefined folder label used as a rule-harmonized three-class category,bd1a0421f976637181ec6f3b282239391a5644af975394630aa4deca815e7c54,75498
