comparison_type,held_out_source,reference,comparator,n,reference_only_correct,comparator_only_correct,net_comparator_minus_reference,exact_mcnemar_p
leave_one_family_out,ALL,FULL_HYBRID_800D,HYBRID_MINUS_COLOR,594,12,5,-7,0.143463134765625
leave_one_family_out,ADAM,FULL_HYBRID_800D,HYBRID_MINUS_COLOR,52,0,0,0,1.0
leave_one_family_out,FIVES,FULL_HYBRID_800D,HYBRID_MINUS_COLOR,183,2,0,-2,0.5
leave_one_family_out,ODIR,FULL_HYBRID_800D,HYBRID_MINUS_COLOR,234,9,4,-5,0.266845703125
leave_one_family_out,RFMID,FULL_HYBRID_800D,HYBRID_MINUS_COLOR,125,1,1,0,1.0
leave_one_family_out,ALL,FULL_HYBRID_800D,HYBRID_MINUS_LBP,594,7,7,0,1.0
leave_one_family_out,ADAM,FULL_HYBRID_800D,HYBRID_MINUS_LBP,52,1,1,0,1.0
leave_one_family_out,FIVES,FULL_HYBRID_800D,HYBRID_MINUS_LBP,183,0,1,1,1.0
leave_one_family_out,ODIR,FULL_HYBRID_800D,HYBRID_MINUS_LBP,234,5,5,0,1.0
leave_one_family_out,RFMID,FULL_HYBRID_800D,HYBRID_MINUS_LBP,125,1,0,-1,1.0
leave_one_family_out,ALL,FULL_HYBRID_800D,HYBRID_MINUS_HARALICK,594,2,8,6,0.109375
leave_one_family_out,ADAM,FULL_HYBRID_800D,HYBRID_MINUS_HARALICK,52,1,2,1,1.0
leave_one_family_out,FIVES,FULL_HYBRID_800D,HYBRID_MINUS_HARALICK,183,0,0,0,1.0
leave_one_family_out,ODIR,FULL_HYBRID_800D,HYBRID_MINUS_HARALICK,234,0,5,5,0.0625
leave_one_family_out,RFMID,FULL_HYBRID_800D,HYBRID_MINUS_HARALICK,125,1,1,0,1.0
add_one_family,ALL,FROZEN_VIT_768D,VIT_PLUS_COLOR,594,7,16,9,0.0931396484375
add_one_family,ADAM,FROZEN_VIT_768D,VIT_PLUS_COLOR,52,0,0,0,1.0
add_one_family,FIVES,FROZEN_VIT_768D,VIT_PLUS_COLOR,183,3,1,-2,0.625
add_one_family,ODIR,FROZEN_VIT_768D,VIT_PLUS_COLOR,234,4,10,6,0.1795654296875
add_one_family,RFMID,FROZEN_VIT_768D,VIT_PLUS_COLOR,125,0,5,5,0.0625
add_one_family,ALL,FROZEN_VIT_768D,VIT_PLUS_LBP,594,6,15,9,0.0783538818359375
add_one_family,ADAM,FROZEN_VIT_768D,VIT_PLUS_LBP,52,1,1,0,1.0
add_one_family,FIVES,FROZEN_VIT_768D,VIT_PLUS_LBP,183,2,2,0,1.0
add_one_family,ODIR,FROZEN_VIT_768D,VIT_PLUS_LBP,234,3,8,5,0.2265625
add_one_family,RFMID,FROZEN_VIT_768D,VIT_PLUS_LBP,125,0,4,4,0.125
add_one_family,ALL,FROZEN_VIT_768D,VIT_PLUS_HARALICK,594,11,11,0,1.0
add_one_family,ADAM,FROZEN_VIT_768D,VIT_PLUS_HARALICK,52,2,2,0,1.0
add_one_family,FIVES,FROZEN_VIT_768D,VIT_PLUS_HARALICK,183,3,1,-2,0.625
add_one_family,ODIR,FROZEN_VIT_768D,VIT_PLUS_HARALICK,234,6,5,-1,1.0
add_one_family,RFMID,FROZEN_VIT_768D,VIT_PLUS_HARALICK,125,0,3,3,0.25
