scenario,held_out_source,accuracy_mean,accuracy_sd,macro_f1_mean,macro_f1_sd,balanced_accuracy_mean,balanced_accuracy_sd
FROZEN_VIT_768D,ADAM,0.7346153846153846,0.021066252211737163,0.8298955788908196,0.015533138009083543,0.754453781512605,0.020501446295094983
FROZEN_VIT_768D,FIVES,0.9081967213114754,0.007124811371806145,0.8064682379637201,0.014685188570425353,0.8148558044210217,0.015206268460104163
FROZEN_VIT_768D,ODIR,0.6717948717948717,0.009745089103411504,0.6941716266497799,0.006702652819899618,0.7336164609053497,0.005926198949973429
FROZEN_VIT_768D,RFMID,0.9168000000000001,0.007155417527999336,0.6594223279545057,0.03544507132334686,0.6685185185185185,0.02227864310202863
FULL_HYBRID_800D,ADAM,0.7230769230769231,0.010533126105868542,0.8058166922683052,0.006630933104695989,0.7277310924369749,0.006590078630822731
FULL_HYBRID_800D,FIVES,0.907103825136612,0.011591914445681101,0.8171604899130613,0.020204907710491344,0.8420084907041427,0.020193377014254898
FULL_HYBRID_800D,ODIR,0.6948717948717948,0.004872544551705688,0.711809115844154,0.005586294557295489,0.7328364491475603,0.013330219244685176
FULL_HYBRID_800D,RFMID,0.9376,0.014310835055998583,0.763830073973663,0.06412127685802894,0.7401234567901234,0.04611548213034193
HANDCRAFTED_ONLY_32D,ADAM,0.573076923076923,0.025073855404625558,0.6929218154240071,0.04743456782057027,0.5890756302521007,0.0384310254698458
HANDCRAFTED_ONLY_32D,FIVES,0.7595628415300546,0.013931747304898287,0.6868253861704059,0.01152833954829512,0.7681627872932221,0.012779338096967938
HANDCRAFTED_ONLY_32D,ODIR,0.47435897435897434,0.07626738588707156,0.4702296179705844,0.06995028130969584,0.5871741328630218,0.044193581370094034
HANDCRAFTED_ONLY_32D,RFMID,0.8224,0.026168683574073783,0.6048624421102267,0.05513507720398814,0.606657848324515,0.047082845642256954
HYBRID_MINUS_COLOR,ADAM,0.7192307692307692,0.010533126105868542,0.80077636968766,0.010910898583113606,0.7218487394957983,0.012307410517543589
HYBRID_MINUS_COLOR,FIVES,0.9027322404371585,0.004571912713300936,0.8052279915826549,0.010240352042184223,0.8271234079929732,0.01674345266222024
HYBRID_MINUS_COLOR,ODIR,0.6615384615384615,0.006338631185551823,0.6849089159395925,0.008850817887446169,0.7160213991769547,0.013451692148328807
HYBRID_MINUS_COLOR,RFMID,0.9391999999999999,0.007155417527999249,0.7830981355361074,0.04579665140570864,0.7560846560846561,0.03595353919279262
HYBRID_MINUS_HARALICK,ADAM,0.7269230769230769,0.016089615894886108,0.8231028556319406,0.01571639325387727,0.7457142857142858,0.019605241924297856
HYBRID_MINUS_HARALICK,FIVES,0.9016393442622951,0.010223107614136466,0.8073739760750167,0.02079811479754328,0.8336993119601817,0.024764458078616106
HYBRID_MINUS_HARALICK,ODIR,0.711111111111111,0.02812082713908052,0.7275218927734324,0.027761779265049812,0.7482229276895944,0.026855330453337167
HYBRID_MINUS_HARALICK,RFMID,0.9423999999999999,0.013145341380123975,0.7692569795598954,0.07895942856381319,0.7436507936507937,0.053199851201450175
HYBRID_MINUS_LBP,ADAM,0.7153846153846154,0.008600261451922237,0.8051612903225805,0.0028852490032255053,0.7250420168067226,0.0003758097441175483
HYBRID_MINUS_LBP,FIVES,0.9038251366120219,0.007331370418032097,0.8150017761910451,0.01827775137964213,0.842880983750549,0.021250266894966834
HYBRID_MINUS_LBP,ODIR,0.6931623931623931,0.009264736490888392,0.7067383290576488,0.009775366817640737,0.7302118753674309,0.002111691537389788
HYBRID_MINUS_LBP,RFMID,0.9359999999999999,0.007999999999999962,0.7477543651008028,0.07675902380952591,0.7321428571428572,0.05252213950206217
VIT_PLUS_COLOR,ADAM,0.7307692307692307,0.013598207330510514,0.8250485801583105,0.013599169391680222,0.7485714285714286,0.016695006858563573
VIT_PLUS_COLOR,FIVES,0.898360655737705,0.004887580278688081,0.7977116963697315,0.01061084369619483,0.8200731957253696,0.013176427668903251
VIT_PLUS_COLOR,ODIR,0.7051282051282051,0.02753012548445539,0.7190502631948195,0.02517961968533311,0.736120634920635,0.018625853131581403
VIT_PLUS_COLOR,RFMID,0.9456,0.010430723848324195,0.7933669856536463,0.054167145264399565,0.7603174603174604,0.0393549085114055
VIT_PLUS_HARALICK,ADAM,0.7384615384615384,0.01720052290384458,0.8131364154090225,0.01803779737699456,0.7391596638655462,0.020802350852794277
VIT_PLUS_HARALICK,FIVES,0.9038251366120219,0.004887580278688066,0.8066436216214568,0.011030535559587936,0.8277968086663738,0.017490508444500005
VIT_PLUS_HARALICK,ODIR,0.676923076923077,0.013715219261436908,0.6955646907416518,0.013847714051854062,0.7259111111111112,0.01092986953348132
VIT_PLUS_HARALICK,RFMID,0.9312000000000001,0.012132600710482501,0.734391797953814,0.06598149307763092,0.7216931216931217,0.0484012223655005
VIT_PLUS_LBP,ADAM,0.7307692307692307,0.019230769230769235,0.8190828213005632,0.014478219612691502,0.7425210084033613,0.018917831012107856
VIT_PLUS_LBP,FIVES,0.9081967213114754,0.002443790139344037,0.8126116006349479,0.0035445255686763644,0.8316615429658907,0.008441992739789588
VIT_PLUS_LBP,ODIR,0.694017094017094,0.010291961178454923,0.707492316636482,0.011123676762420378,0.7246229276895944,0.014198906419987264
VIT_PLUS_LBP,RFMID,0.944,0.00565685424949235,0.8043452599367857,0.02479021545809763,0.773809523809524,0.019361483026857786
