scenario,seed,held_out_source,input_dimension,fitting_seconds,test_inference_seconds,milliseconds_per_test_image
FROZEN_VIT_768D,42,ADAM,768,1.2134803000080865,0.03820270000142045,0.7346673077196241
FROZEN_VIT_768D,42,FIVES,768,0.60734250000678,0.10492969999904744,0.573386338792609
FROZEN_VIT_768D,42,ODIR,768,0.4932033999939449,0.1323292000015499,0.5655094017160253
FROZEN_VIT_768D,42,RFMID,768,0.7811138999968534,0.08248320000711828,0.6598656000569463
FROZEN_VIT_768D,123,ADAM,768,1.0037656000058632,0.03194440000515897,0.6143153847145956
FROZEN_VIT_768D,123,FIVES,768,1.1263534999889089,0.17496590000519063,0.9560978142360144
FROZEN_VIT_768D,123,ODIR,768,0.6575344000011683,0.16986460000043735,0.725917094018963
FROZEN_VIT_768D,123,RFMID,768,0.54614930000389,0.046134399992297404,0.36907519993837923
FROZEN_VIT_768D,2026,ADAM,768,1.7372116999904392,0.05639909999445081,1.0845980768163617
FROZEN_VIT_768D,2026,FIVES,768,0.9838349000056041,0.15310769999632612,0.8366540983405799
FROZEN_VIT_768D,2026,ODIR,768,0.6901063999976031,0.18906669999705628,0.8079773504147704
FROZEN_VIT_768D,2026,RFMID,768,1.1771688000007998,0.1218718999880366,0.9749751999042928
FROZEN_VIT_768D,3407,ADAM,768,1.573322999989614,0.04308529999980237,0.828563461534661
FROZEN_VIT_768D,3407,FIVES,768,0.9910815999901388,0.18574259999149945,1.0149868851994506
FROZEN_VIT_768D,3407,ODIR,768,0.7226789999986067,0.1686516999907326,0.7207337606441564
FROZEN_VIT_768D,3407,RFMID,768,1.3020718000043416,0.12359019998984877,0.9887215999187902
FROZEN_VIT_768D,7777,ADAM,768,1.504480199990212,0.051870199997210875,0.9975038461002091
FROZEN_VIT_768D,7777,FIVES,768,0.9468508999998448,0.16393359999347012,0.8958120218222411
FROZEN_VIT_768D,7777,ODIR,768,0.42047209999873303,0.10528089999570511,0.44991837605002183
FROZEN_VIT_768D,7777,RFMID,768,0.6895731999975396,0.06756860000314191,0.5405488000251353
VIT_PLUS_COLOR,42,ADAM,777,0.4816735000058543,0.008696999997482635,0.16724999995158912
VIT_PLUS_COLOR,42,FIVES,777,0.3546206000028178,0.0316984999954002,0.17321584696939998
VIT_PLUS_COLOR,42,ODIR,777,0.3231744000077015,0.027965799992671236,0.11951196578064631
VIT_PLUS_COLOR,42,RFMID,777,0.3848945000063395,0.01344920000701677,0.10759360005613416
VIT_PLUS_COLOR,123,ADAM,777,0.4567211999965366,0.007883799989940599,0.15161153826808843
VIT_PLUS_COLOR,123,FIVES,777,0.3712612000090303,0.030142899995553307,0.16471530052214922
VIT_PLUS_COLOR,123,ODIR,777,0.3194570999912685,0.028540500003146008,0.12196794873139319
VIT_PLUS_COLOR,123,RFMID,777,0.3862667999928817,0.0247281999909319,0.1978255999274552
VIT_PLUS_COLOR,2026,ADAM,777,0.4632917999988422,0.008670700000948273,0.16674423078746678
VIT_PLUS_COLOR,2026,FIVES,777,0.37746649999462534,0.023283800008357503,0.12723387982709017
VIT_PLUS_COLOR,2026,ODIR,777,0.3016378000029363,0.032770899997558445,0.1400465811861472
VIT_PLUS_COLOR,2026,RFMID,777,0.3453363000007812,0.010045299990451895,0.08036239992361516
VIT_PLUS_COLOR,3407,ADAM,777,0.4762769999942975,0.010971099996822886,0.21098269224659397
VIT_PLUS_COLOR,3407,FIVES,777,0.34812840000086,0.025404600004549138,0.1388229508445308
VIT_PLUS_COLOR,3407,ODIR,777,0.3074536999920383,0.025843300012638792,0.11044145304546492
VIT_PLUS_COLOR,3407,RFMID,777,0.3718312999990303,0.011462499998742715,0.09169999998994172
VIT_PLUS_COLOR,7777,ADAM,777,0.5153509000083432,0.009245399996871129,0.17779615378598324
VIT_PLUS_COLOR,7777,FIVES,777,0.35917630000039935,0.02761949998966884,0.15092622945174228
VIT_PLUS_COLOR,7777,ODIR,777,0.3316419000038877,0.030873299998347647,0.13193717948011816
VIT_PLUS_COLOR,7777,RFMID,777,0.38392369999201037,0.01721900000120513,0.13775200000964105
VIT_PLUS_LBP,42,ADAM,786,0.48218690000067,0.007756199993309565,0.1491576921790301
VIT_PLUS_LBP,42,FIVES,786,0.3908363999944413,0.02395599998999387,0.1309071037704583
VIT_PLUS_LBP,42,ODIR,786,0.351843700002064,0.016886299999896437,0.07216367521323264
VIT_PLUS_LBP,42,RFMID,786,0.36990020000666846,0.02056839999568183,0.16454719996545464
VIT_PLUS_LBP,123,ADAM,786,0.4641076999978395,0.008324800000991672,0.1600923077113783
VIT_PLUS_LBP,123,FIVES,786,0.3820858999970369,0.026038099997094832,0.1422846994376767
VIT_PLUS_LBP,123,ODIR,786,0.3172603999992134,0.029305000003660098,0.12523504275068417
VIT_PLUS_LBP,123,RFMID,786,0.3764032000035513,0.01894150000589434,0.15153200004715472
VIT_PLUS_LBP,2026,ADAM,786,0.5061822999996366,0.009321999998064712,0.17926923073201367
VIT_PLUS_LBP,2026,FIVES,786,0.3609151000127895,0.03304369999386836,0.18056666663316043
VIT_PLUS_LBP,2026,ODIR,786,0.28079600000637583,0.029808699997374788,0.12738760682638797
VIT_PLUS_LBP,2026,RFMID,786,0.36209390001022257,0.01723169999604579,0.13785359996836632
VIT_PLUS_LBP,3407,ADAM,786,0.46399239999300335,0.008176200004527345,0.15723461547167972
VIT_PLUS_LBP,3407,FIVES,786,0.35796660000050906,0.02261350001208484,0.1235710383174035
VIT_PLUS_LBP,3407,ODIR,786,0.30048700000043027,0.029497700001229532,0.12605854701380143
VIT_PLUS_LBP,3407,RFMID,786,0.407093799993163,0.016856800008099526,0.1348544000647962
VIT_PLUS_LBP,7777,ADAM,786,0.4648270000034245,0.008719900011783466,0.16769038484198973
VIT_PLUS_LBP,7777,FIVES,786,0.3582256000081543,0.02719700000307057,0.1486174863555769
VIT_PLUS_LBP,7777,ODIR,786,0.4242592000082368,0.05076379999809433,0.21693931623117235
VIT_PLUS_LBP,7777,RFMID,786,0.37579659999755677,0.017023200009134598,0.13618560007307678
VIT_PLUS_HARALICK,42,ADAM,773,0.4616651999967871,0.00963479999336414,0.1852846152570027
VIT_PLUS_HARALICK,42,FIVES,773,0.3079876999981934,0.015181899987510405,0.0829612021175432
VIT_PLUS_HARALICK,42,ODIR,773,0.31899119999434333,0.029720299993641675,0.12700982903265673
VIT_PLUS_HARALICK,42,RFMID,773,0.42763530000229366,0.024718700005905703,0.19774960004724562
VIT_PLUS_HARALICK,123,ADAM,773,0.45604020000610035,0.007725600007688627,0.14856923091708898
VIT_PLUS_HARALICK,123,FIVES,773,0.31341569998767227,0.028550700008054264,0.15601475414237304
VIT_PLUS_HARALICK,123,ODIR,773,0.2917238000081852,0.01834920000692364,0.07841538464497282
VIT_PLUS_HARALICK,123,RFMID,773,0.42284519999520853,0.020454600002267398,0.16363680001813918
VIT_PLUS_HARALICK,2026,ADAM,773,0.41448659999878146,0.009511699987342581,0.18291730744889578
VIT_PLUS_HARALICK,2026,FIVES,773,0.3748483999952441,0.024928300001192838,0.1362202185857532
VIT_PLUS_HARALICK,2026,ODIR,773,0.2974252999993041,0.021086900000227615,0.09011495726592998
VIT_PLUS_HARALICK,2026,RFMID,773,0.38368339999578893,0.018094499988364987,0.1447559999069199
VIT_PLUS_HARALICK,3407,ADAM,773,0.4926218000036897,0.009701200004201382,0.1865615385423343
VIT_PLUS_HARALICK,3407,FIVES,773,0.3475007000088226,0.02427539999189321,0.13265245897209405
VIT_PLUS_HARALICK,3407,ODIR,773,0.33668089999991935,0.019463999997242354,0.08317948716770236
VIT_PLUS_HARALICK,3407,RFMID,773,0.47388999999384396,0.016189500005566515,0.12951600004453212
VIT_PLUS_HARALICK,7777,ADAM,773,0.48865819998900406,0.008942599990405142,0.17197307673856044
VIT_PLUS_HARALICK,7777,FIVES,773,0.359618300004513,0.02492579999670852,0.13620655735906295
VIT_PLUS_HARALICK,7777,ODIR,773,0.3238151999976253,0.03382699999201577,0.14455982902570844
VIT_PLUS_HARALICK,7777,RFMID,773,0.36116620000393596,0.017320599989034235,0.13856479991227388
FULL_HYBRID_800D,42,ADAM,800,0.4945315000077244,0.009147699995082803,0.1759173075977462
FULL_HYBRID_800D,42,FIVES,800,0.37349230000108946,0.024130999998305924,0.13186338796888483
FULL_HYBRID_800D,42,ODIR,800,0.3377212000050349,0.031929499993566424,0.1364508546733608
FULL_HYBRID_800D,42,RFMID,800,0.3443467999895802,0.01877190000959672,0.15017520007677376
FULL_HYBRID_800D,123,ADAM,800,0.4117412999912631,0.005178499995963648,0.0995865383839163
FULL_HYBRID_800D,123,FIVES,800,0.3385759999946458,0.021013500008848496,0.11482786890081145
FULL_HYBRID_800D,123,ODIR,800,0.31175639999855775,0.03255350000108592,0.13911752137216207
FULL_HYBRID_800D,123,RFMID,800,0.3687437000044156,0.011118700000224635,0.08894960000179708
FULL_HYBRID_800D,2026,ADAM,800,0.42039739999745507,0.009120299990172498,0.17539038442639418
FULL_HYBRID_800D,2026,FIVES,800,0.3622953000012785,0.02803110000968445,0.15317540988898606
FULL_HYBRID_800D,2026,ODIR,800,0.3359420000051614,0.028451000005588867,0.12158547010935414
FULL_HYBRID_800D,2026,RFMID,800,0.33767900000384543,0.01082470000255853,0.08659760002046824
FULL_HYBRID_800D,3407,ADAM,800,0.459518499992555,0.009456699990550987,0.1818596152029036
FULL_HYBRID_800D,3407,FIVES,800,0.3674877000012202,0.029570300001068972,0.16158633880365558
FULL_HYBRID_800D,3407,ODIR,800,0.3595669999922393,0.02985160000389442,0.127570940187583
FULL_HYBRID_800D,3407,RFMID,800,0.3975988000020152,0.019837900006677955,0.15870320005342364
FULL_HYBRID_800D,7777,ADAM,800,0.451019100000849,0.01064760000735987,0.20476153860307442
FULL_HYBRID_800D,7777,FIVES,800,0.37704999999550637,0.031706299996585585,0.1732584699266972
FULL_HYBRID_800D,7777,ODIR,800,0.31827920000068843,0.02929259999655187,0.12518205126731569
FULL_HYBRID_800D,7777,RFMID,800,0.3853030000027502,0.01844590000109747,0.14756720000877976
HYBRID_MINUS_COLOR,42,ADAM,791,0.4720404999970924,0.009659000003011897,0.1857500000579211
HYBRID_MINUS_COLOR,42,FIVES,791,0.3069974999962142,0.024643400000059046,0.13466338797846472
HYBRID_MINUS_COLOR,42,ODIR,791,0.2998978999967221,0.028877799995825626,0.1234094016915625
HYBRID_MINUS_COLOR,42,RFMID,791,0.37245029999758117,0.020709899996290915,0.16567919997032732
HYBRID_MINUS_COLOR,123,ADAM,791,0.4359175999998115,0.007835600001271814,0.15068461540907335
HYBRID_MINUS_COLOR,123,FIVES,791,0.3335573999938788,0.025208800012478605,0.13775300553266998
HYBRID_MINUS_COLOR,123,ODIR,791,0.29230570000072476,0.012775600000168197,0.05459658119729999
HYBRID_MINUS_COLOR,123,RFMID,791,0.33809169998858124,0.01203150000947062,0.09625200007576495
HYBRID_MINUS_COLOR,2026,ADAM,791,0.39887760000419803,0.008444799997960217,0.16239999996077342
HYBRID_MINUS_COLOR,2026,FIVES,791,0.41569979999621864,0.03558169999450911,0.1944355190956782
HYBRID_MINUS_COLOR,2026,ODIR,791,0.35231170000042766,0.03613150000455789,0.15440811967759782
HYBRID_MINUS_COLOR,2026,RFMID,791,0.379317800005083,0.018113600002834573,0.1449088000226766
HYBRID_MINUS_COLOR,3407,ADAM,791,0.45922189998964313,0.008663200002047233,0.16660000003936987
HYBRID_MINUS_COLOR,3407,FIVES,791,0.33460489999561105,0.01425069999822881,0.07787267758594979
HYBRID_MINUS_COLOR,3407,ODIR,791,0.35478460000013,0.0318734000029508,0.1362111111237214
HYBRID_MINUS_COLOR,3407,RFMID,791,0.4064689999941038,0.016965500006335787,0.1357240000506863
HYBRID_MINUS_COLOR,7777,ADAM,791,0.4766020999959437,0.009657200003857724,0.18571538468957163
HYBRID_MINUS_COLOR,7777,FIVES,791,0.39576600000145845,0.02779910000390373,0.1519076502945559
HYBRID_MINUS_COLOR,7777,ODIR,791,0.30833739999798127,0.03374929999699816,0.1442277777649494
HYBRID_MINUS_COLOR,7777,RFMID,791,0.3961822999990545,0.021569599994109012,0.1725567999528721
HYBRID_MINUS_LBP,42,ADAM,782,0.4350229000119725,0.00921119999838993,0.17713846150749865
HYBRID_MINUS_LBP,42,FIVES,782,0.3560411000071326,0.012457799995900132,0.06807540981366192
HYBRID_MINUS_LBP,42,ODIR,782,0.3297223999979906,0.025070399991818704,0.10713846150349873
HYBRID_MINUS_LBP,42,RFMID,782,0.35033780000230763,0.023946400004206225,0.1915712000336498
HYBRID_MINUS_LBP,123,ADAM,782,0.43233010001131333,0.008291299993288703,0.15944807679401352
HYBRID_MINUS_LBP,123,FIVES,782,0.3299191999976756,0.015568000002531335,0.08507103826519855
HYBRID_MINUS_LBP,123,ODIR,782,0.2866425999964122,0.03347050001320895,0.1430363248427733
HYBRID_MINUS_LBP,123,RFMID,782,0.3550260999909369,0.011834799995995127,0.09467839996796101
HYBRID_MINUS_LBP,2026,ADAM,782,0.4350059999997029,0.008996100004878826,0.17300192317074667
HYBRID_MINUS_LBP,2026,FIVES,782,0.36226690000330564,0.03145530000620056,0.1718868852797845
HYBRID_MINUS_LBP,2026,ODIR,782,0.29650159999437165,0.03181169999879785,0.1359474358922985
HYBRID_MINUS_LBP,2026,RFMID,782,0.4250700999982655,0.021336300007533282,0.17069040006026626
HYBRID_MINUS_LBP,3407,ADAM,782,0.36866389999340754,0.007892800000263378,0.15178461538968036
HYBRID_MINUS_LBP,3407,FIVES,782,0.35236279999662656,0.025743200007127598,0.14067322408266447
HYBRID_MINUS_LBP,3407,ODIR,782,0.2992668999941088,0.027668299997458234,0.11824059827973604
HYBRID_MINUS_LBP,3407,RFMID,782,0.45657260000007227,0.018052300001727417,0.14441840001381934
HYBRID_MINUS_LBP,7777,ADAM,782,0.45556180000130553,0.008710300011443906,0.16750576945084433
HYBRID_MINUS_LBP,7777,FIVES,782,0.33165889998781495,0.022503599990159273,0.12297049174950422
HYBRID_MINUS_LBP,7777,ODIR,782,0.3088761999970302,0.0300308000005316,0.12833675213902393
HYBRID_MINUS_LBP,7777,RFMID,782,0.3883010999998078,0.01676709999446757,0.13413679995574057
HYBRID_MINUS_HARALICK,42,ADAM,795,0.4290292999939993,0.00781470000219997,0.1502826923499994
HYBRID_MINUS_HARALICK,42,FIVES,795,0.37777079999796115,0.017384500009939075,0.09499726781387473
HYBRID_MINUS_HARALICK,42,ODIR,795,0.30045729999255855,0.026078099996084347,0.11144487177813824
HYBRID_MINUS_HARALICK,42,RFMID,795,0.39429500000551343,0.01878880000731442,0.15031040005851537
HYBRID_MINUS_HARALICK,123,ADAM,795,0.45202520000748336,0.007998799992492422,0.15382307677870044
HYBRID_MINUS_HARALICK,123,FIVES,795,0.3321652000013273,0.024463500012643635,0.13368032793794335
HYBRID_MINUS_HARALICK,123,ODIR,795,0.28400720001081936,0.015062300022691488,0.06436880351577559
HYBRID_MINUS_HARALICK,123,RFMID,795,0.4371809000149369,0.021570300013991073,0.17256240011192858
HYBRID_MINUS_HARALICK,2026,ADAM,795,0.4519356999953743,0.007589799992274493,0.14595769215912485
HYBRID_MINUS_HARALICK,2026,FIVES,795,0.3388575999997556,0.028444900002796203,0.1554366120371377
HYBRID_MINUS_HARALICK,2026,ODIR,795,0.3253843999991659,0.035840800002915785,0.1531658119782726
HYBRID_MINUS_HARALICK,2026,RFMID,795,0.36816940002609044,0.018259700009366497,0.14607760007493198
HYBRID_MINUS_HARALICK,3407,ADAM,795,0.44404559998656623,0.008773799985647202,0.16872692280090773
HYBRID_MINUS_HARALICK,3407,FIVES,795,0.370437600009609,0.027532300009625033,0.1504497268285521
HYBRID_MINUS_HARALICK,3407,ODIR,795,0.2876793000032194,0.028573700023116544,0.1221098291586177
HYBRID_MINUS_HARALICK,3407,RFMID,795,0.3967445000016596,0.020737599988933653,0.16590079991146922
HYBRID_MINUS_HARALICK,7777,ADAM,795,0.49754810001468286,0.010647799994330853,0.20476538450636256
HYBRID_MINUS_HARALICK,7777,FIVES,795,0.35064089999650605,0.027809999999590218,0.15196721311251485
HYBRID_MINUS_HARALICK,7777,ODIR,795,0.34523079998325557,0.03583519998937845,0.15314188029648912
HYBRID_MINUS_HARALICK,7777,RFMID,795,0.39727670000866055,0.021484199998667464,0.1718735999893397
HANDCRAFTED_ONLY_32D,42,ADAM,32,0.15350129999569617,0.003455400001257658,0.06645000002418573
HANDCRAFTED_ONLY_32D,42,FIVES,32,0.10622940000030212,0.012228200008394197,0.06682076507319233
HANDCRAFTED_ONLY_32D,42,ODIR,32,0.07282119998126291,0.00951919998624362,0.04068034182155393
HANDCRAFTED_ONLY_32D,42,RFMID,32,0.11189279999234714,0.009311600006185472,0.07449280004948378
HANDCRAFTED_ONLY_32D,123,ADAM,32,0.14516610000282526,0.003710799996042624,0.07136153838543507
HANDCRAFTED_ONLY_32D,123,FIVES,32,0.10485200001858175,0.01442500000121072,0.07882513661863781
HANDCRAFTED_ONLY_32D,123,ODIR,32,0.07676419999916106,0.012775699986377731,0.05459700848879372
HANDCRAFTED_ONLY_32D,123,RFMID,32,0.11190729998634197,0.010690299997804686,0.08552239998243749
HANDCRAFTED_ONLY_32D,2026,ADAM,32,0.17120829998748377,0.0070318999933078885,0.1352288460251517
HANDCRAFTED_ONLY_32D,2026,FIVES,32,0.10437709998222999,0.015841899992665276,0.08656775952276106
HANDCRAFTED_ONLY_32D,2026,ODIR,32,0.08178150001913309,0.009378399990964681,0.04007863244002
HANDCRAFTED_ONLY_32D,2026,RFMID,32,0.11946010001702234,0.013375600014114752,0.10700480011291802
HANDCRAFTED_ONLY_32D,3407,ADAM,32,0.17729079999844544,0.004255500010913238,0.08183653867140842
HANDCRAFTED_ONLY_32D,3407,FIVES,32,0.10946700000204146,0.010016799991717562,0.0547366119765987
HANDCRAFTED_ONLY_32D,3407,ODIR,32,0.0796091000083834,0.013140900002326816,0.05615769231763597
HANDCRAFTED_ONLY_32D,3407,RFMID,32,0.12159500000416301,0.012483500002417713,0.09986800001934171
HANDCRAFTED_ONLY_32D,7777,ADAM,32,0.1348987999954261,0.006057200022041798,0.1164846158084961
HANDCRAFTED_ONLY_32D,7777,FIVES,32,0.105559199990239,0.009893400012515485,0.05406229515035784
HANDCRAFTED_ONLY_32D,7777,ODIR,32,0.06624809998902492,0.013657599978614599,0.05836581187442136
HANDCRAFTED_ONLY_32D,7777,RFMID,32,0.10138879998703487,0.008936099999118596,0.07148879999294877
