scenario,C,gamma,class_weight,pca_components,smote_k_neighbors,selection_count
A_HANDCRAFTED_32D,10.0,0.01,None,,3,9
A_HANDCRAFTED_32D,10.0,0.01,None,,5,6
A_HANDCRAFTED_32D,10.0,scale,None,,5,5
A_HANDCRAFTED_32D,100.0,0.001,None,,3,2
A_HANDCRAFTED_32D,1.0,0.1,None,,3,1
A_HANDCRAFTED_32D,100.0,0.01,None,,5,1
A_HANDCRAFTED_32D,100.0,scale,None,,5,1
B_VIT_B16_768D,10.0,0.001,None,,3,12
B_VIT_B16_768D,10.0,0.001,None,,5,5
B_VIT_B16_768D,1.0,0.001,None,,3,3
B_VIT_B16_768D,10.0,scale,None,,3,2
B_VIT_B16_768D,1.0,0.001,None,,5,1
B_VIT_B16_768D,1.0,scale,None,,5,1
B_VIT_B16_768D,10.0,scale,None,,5,1
C_FUSION_800D,10.0,0.001,None,,3,13
C_FUSION_800D,10.0,0.001,None,,5,6
C_FUSION_800D,1.0,0.001,None,,3,3
C_FUSION_800D,10.0,scale,None,,5,2
C_FUSION_800D,10.0,scale,None,,3,1
D_VIT_B16_PCA128,10.0,0.001,None,128.0,5,3
D_VIT_B16_PCA128,10.0,0.001,None,256.0,5,3
D_VIT_B16_PCA128,1.0,0.001,None,128.0,5,2
D_VIT_B16_PCA128,10.0,0.001,None,64.0,5,2
D_VIT_B16_PCA128,10.0,0.001,None,128.0,3,2
D_VIT_B16_PCA128,10.0,0.001,None,256.0,3,2
D_VIT_B16_PCA128,10.0,scale,None,128.0,3,2
D_VIT_B16_PCA128,10.0,scale,None,256.0,5,2
D_VIT_B16_PCA128,1.0,0.001,None,64.0,5,1
D_VIT_B16_PCA128,1.0,0.001,None,128.0,3,1
D_VIT_B16_PCA128,1.0,scale,None,256.0,3,1
D_VIT_B16_PCA128,10.0,0.001,None,64.0,3,1
D_VIT_B16_PCA128,10.0,scale,None,64.0,3,1
D_VIT_B16_PCA128,10.0,scale,None,128.0,5,1
D_VIT_B16_PCA128,10.0,scale,None,256.0,3,1
E_FUSION_PCA128_PROPOSED,10.0,0.001,None,128.0,3,4
E_FUSION_PCA128_PROPOSED,10.0,0.001,None,128.0,5,4
E_FUSION_PCA128_PROPOSED,10.0,scale,None,256.0,3,3
E_FUSION_PCA128_PROPOSED,1.0,0.001,None,128.0,5,2
E_FUSION_PCA128_PROPOSED,10.0,0.001,None,256.0,3,2
E_FUSION_PCA128_PROPOSED,10.0,0.001,None,256.0,5,2
E_FUSION_PCA128_PROPOSED,10.0,scale,None,128.0,3,2
E_FUSION_PCA128_PROPOSED,100.0,0.001,None,64.0,3,2
E_FUSION_PCA128_PROPOSED,1.0,0.001,None,64.0,3,1
E_FUSION_PCA128_PROPOSED,1.0,0.001,None,64.0,5,1
E_FUSION_PCA128_PROPOSED,10.0,scale,None,64.0,3,1
E_FUSION_PCA128_PROPOSED,10.0,scale,None,256.0,5,1
