scenario,seed,n,pooled_accuracy,pooled_macro_f1,pooled_balanced_accuracy
A_HANDCRAFTED_32D,42,594,0.9040404040404041,0.8883250851625268,0.8835513470756494
B_VIT_B16_768D,42,594,0.9292929292929293,0.9121132513649952,0.9083719087447811
C_FUSION_800D,42,594,0.9326599326599326,0.9167626724545723,0.9131680718143255
D_VIT_B16_PCA128,42,594,0.930976430976431,0.9153700619489976,0.9107752125825472
E_FUSION_PCA128_PROPOSED,42,594,0.9276094276094277,0.9108559765276184,0.9059790495130029
A_HANDCRAFTED_32D,123,594,0.8737373737373737,0.8489139431996575,0.8449393795068474
B_VIT_B16_768D,123,594,0.9292929292929293,0.9124707194036352,0.9075492219464847
C_FUSION_800D,123,594,0.9326599326599326,0.9162776673577152,0.912345385016029
D_VIT_B16_PCA128,123,594,0.9326599326599326,0.9169676730502738,0.912345385016029
E_FUSION_PCA128_PROPOSED,123,594,0.9377104377104377,0.9229145052351929,0.9183029882714037
A_HANDCRAFTED_32D,2026,594,0.8855218855218855,0.8652472546497559,0.8608928188459686
B_VIT_B16_768D,2026,594,0.9326599326599326,0.9174137672231684,0.9139907586126221
C_FUSION_800D,2026,594,0.9343434343434344,0.9188983548836709,0.9151521987984524
D_VIT_B16_PCA128,2026,594,0.9242424242424242,0.905889544486155,0.9015968409941038
E_FUSION_PCA128_PROPOSED,2026,594,0.9326599326599326,0.9163009466684912,0.9127593395666742
A_HANDCRAFTED_32D,3407,594,0.8888888888888888,0.8669381324165326,0.8619738355656938
B_VIT_B16_768D,3407,594,0.9377104377104377,0.921863184492521,0.9170611246194683
C_FUSION_800D,3407,594,0.9343434343434344,0.9195921407622616,0.9155661533490976
D_VIT_B16_PCA128,3407,594,0.9208754208754208,0.9010650433416739,0.8968006779245593
E_FUSION_PCA128_PROPOSED,3407,594,0.9292929292929293,0.9121532272773992,0.9079631764971299
A_HANDCRAFTED_32D,7777,594,0.8855218855218855,0.8654207594506103,0.8608875965429746
B_VIT_B16_768D,7777,594,0.9292929292929293,0.9119600587203474,0.9075492219464847
C_FUSION_800D,7777,594,0.936026936026936,0.9207376161345411,0.9167275935349282
D_VIT_B16_PCA128,7777,594,0.9259259259259259,0.9086637113459716,0.9031670134275854
E_FUSION_PCA128_PROPOSED,7777,594,0.936026936026936,0.9212846132074851,0.9167328158379219
