scenario,seed,outer_fold,candidate_id,C,gamma,class_weight,pca_components,smote_k_neighbors,selection_metric,selected_inner_macro_f1,selected_inner_accuracy,selected_inner_balanced_accuracy
A_HANDCRAFTED_32D,42,1,37,10.0,0.01,None,,3,macro_f1,0.8670688890135219,0.8863409770687936,0.8620414512575822
A_HANDCRAFTED_32D,42,2,38,10.0,0.01,None,,5,macro_f1,0.883648347634381,0.9010290556900726,0.8758683696764192
A_HANDCRAFTED_32D,42,3,38,10.0,0.01,None,,5,macro_f1,0.8735432582419396,0.8904180316194275,0.8707897694633042
A_HANDCRAFTED_32D,42,4,37,10.0,0.01,None,,3,macro_f1,0.8849070229743294,0.9031298960262071,0.8807340930285844
A_HANDCRAFTED_32D,42,5,34,10.0,scale,None,,5,macro_f1,0.8519312565381294,0.8739495798319328,0.8497017278377372
B_VIT_B16_768D,42,1,35,10.0,0.001,None,,3,macro_f1,0.9133576390452509,0.9284468024497935,0.9095158636700752
B_VIT_B16_768D,42,2,20,1.0,0.001,None,,5,macro_f1,0.9115894255892565,0.9305298390542658,0.9075321089773423
B_VIT_B16_768D,42,3,35,10.0,0.001,None,,3,macro_f1,0.9202191958731654,0.9346959122632104,0.9156848251408943
B_VIT_B16_768D,42,4,35,10.0,0.001,None,,3,macro_f1,0.9167305775001854,0.9326306793904002,0.9147601453213353
B_VIT_B16_768D,42,5,33,10.0,scale,None,,3,macro_f1,0.8980013644179486,0.9180672268907564,0.8922933695895511
C_FUSION_800D,42,1,19,1.0,0.001,None,,3,macro_f1,0.913354814820784,0.9284468024497935,0.9085016648871137
C_FUSION_800D,42,2,34,10.0,scale,None,,5,macro_f1,0.914941948731505,0.9326662868537245,0.9100573615025948
C_FUSION_800D,42,3,35,10.0,0.001,None,,3,macro_f1,0.9181732001915862,0.9325950719270759,0.9141485647037051
C_FUSION_800D,42,4,36,10.0,0.001,None,,5,macro_f1,0.9192675644770195,0.9347493234581968,0.915331008172455
C_FUSION_800D,42,5,36,10.0,0.001,None,,5,macro_f1,0.9009795085165484,0.9201680672268908,0.8959049994266712
D_VIT_B16_PCA128,42,1,102,10.0,scale,None,256.0,5,macro_f1,0.9210918641633307,0.934767127189859,0.9165643175576096
D_VIT_B16_PCA128,42,2,106,10.0,0.001,None,128.0,5,macro_f1,0.9094299412141396,0.9284289987181313,0.9054577944030276
D_VIT_B16_PCA128,42,3,99,10.0,scale,None,128.0,3,macro_f1,0.9178998047212836,0.9325950719270759,0.9127086346647039
D_VIT_B16_PCA128,42,4,58,1.0,0.001,None,128.0,5,macro_f1,0.9208728499299313,0.9368145563310069,0.9186098565746976
D_VIT_B16_PCA128,42,5,103,10.0,0.001,None,64.0,3,macro_f1,0.9099097171704258,0.9264705882352942,0.9053587809392762
E_FUSION_PCA128_PROPOSED,42,1,102,10.0,scale,None,256.0,5,macro_f1,0.9214895593036193,0.934767127189859,0.9165643175576096
E_FUSION_PCA128_PROPOSED,42,2,105,10.0,0.001,None,128.0,3,macro_f1,0.9143167985441203,0.9326484831220624,0.9098707664884136
E_FUSION_PCA128_PROPOSED,42,3,101,10.0,scale,None,256.0,3,macro_f1,0.9180624792912858,0.9325950719270759,0.9131595726156417
E_FUSION_PCA128_PROPOSED,42,4,101,10.0,scale,None,256.0,3,macro_f1,0.9214868708255974,0.9368501637943313,0.917292999865684
E_FUSION_PCA128_PROPOSED,42,5,151,100.0,0.001,None,64.0,3,macro_f1,0.9203605386973126,0.9348739495798319,0.9158595699488372
A_HANDCRAFTED_32D,123,1,37,10.0,0.01,None,,3,macro_f1,0.8686223147445026,0.8862875658738072,0.8622850389491257
A_HANDCRAFTED_32D,123,2,54,100.0,0.01,None,,5,macro_f1,0.8788040530830137,0.8969341974077767,0.8773972741491691
A_HANDCRAFTED_32D,123,3,51,100.0,0.001,None,,3,macro_f1,0.8766967437133493,0.8968095712861416,0.872663653263098
A_HANDCRAFTED_32D,123,4,38,10.0,0.01,None,,5,macro_f1,0.8618629882404408,0.8884062099416037,0.8584425563536627
A_HANDCRAFTED_32D,123,5,23,1.0,0.1,None,,3,macro_f1,0.8415903680526406,0.8634453781512605,0.8393397874710817
B_VIT_B16_768D,123,1,35,10.0,0.001,None,,3,macro_f1,0.9103887226843072,0.928393391254807,0.9067817246485266
B_VIT_B16_768D,123,2,19,1.0,0.001,None,,3,macro_f1,0.8960530311340941,0.9200256373735936,0.8923107121636533
B_VIT_B16_768D,123,3,34,10.0,scale,None,,5,macro_f1,0.9160247400171465,0.9304764278592792,0.9109264447375192
B_VIT_B16_768D,123,4,36,10.0,0.001,None,,5,macro_f1,0.9112086989858023,0.9304586241276172,0.9088637022207002
B_VIT_B16_768D,123,5,36,10.0,0.001,None,,5,macro_f1,0.8965730628817916,0.9159663865546218,0.8919550797397671
C_FUSION_800D,123,1,35,10.0,0.001,None,,3,macro_f1,0.9076020606061658,0.9262925509186726,0.9032803240883025
C_FUSION_800D,123,2,36,10.0,0.001,None,,5,macro_f1,0.8993882437033125,0.9221442814413902,0.8968011048119408
C_FUSION_800D,123,3,19,1.0,0.001,None,,3,macro_f1,0.9154261637494144,0.9326128756587382,0.9108002229777256
C_FUSION_800D,123,4,35,10.0,0.001,None,,3,macro_f1,0.9109064258929062,0.9304764278592792,0.9089739314975961
C_FUSION_800D,123,5,36,10.0,0.001,None,,5,macro_f1,0.8989286647418785,0.9180672268907563,0.8949312702159575
D_VIT_B16_PCA128,123,1,99,10.0,scale,None,128.0,3,macro_f1,0.9140637707806439,0.9304942315909415,0.9107469072127803
D_VIT_B16_PCA128,123,2,58,1.0,0.001,None,128.0,5,macro_f1,0.9028458784288248,0.9242451217775246,0.8991649690179101
D_VIT_B16_PCA128,123,3,108,10.0,0.001,None,256.0,5,macro_f1,0.9185330665366617,0.932612875658738,0.9139257483044181
D_VIT_B16_PCA128,123,4,106,10.0,0.001,None,128.0,5,macro_f1,0.9134768883114059,0.9304586241276172,0.9110025933048246
D_VIT_B16_PCA128,123,5,107,10.0,0.001,None,256.0,3,macro_f1,0.905299755035679,0.9222689075630252,0.9025695106973353
E_FUSION_PCA128_PROPOSED,123,1,99,10.0,scale,None,128.0,3,macro_f1,0.9147710868467399,0.9304942315909415,0.9093069771737792
E_FUSION_PCA128_PROPOSED,123,2,56,1.0,0.001,None,64.0,5,macro_f1,0.9065075333178375,0.926345962113659,0.9022154316271963
E_FUSION_PCA128_PROPOSED,123,3,58,1.0,0.001,None,128.0,5,macro_f1,0.9202705617254656,0.9347493234581968,0.9165483860534749
E_FUSION_PCA128_PROPOSED,123,4,107,10.0,0.001,None,256.0,3,macro_f1,0.9196033132103449,0.9367967525993448,0.9164733233360685
E_FUSION_PCA128_PROPOSED,123,5,108,10.0,0.001,None,256.0,5,macro_f1,0.9135279780787808,0.9285714285714285,0.9104476619578395
A_HANDCRAFTED_32D,2026,1,37,10.0,0.01,None,,3,macro_f1,0.8445076018138057,0.8673978065802591,0.8402640019263983
A_HANDCRAFTED_32D,2026,2,34,10.0,scale,None,,5,macro_f1,0.8780054330684162,0.8969163936761144,0.8717157833270249
A_HANDCRAFTED_32D,2026,3,37,10.0,0.01,None,,3,macro_f1,0.8689732566952304,0.888441817404928,0.8649263041055147
A_HANDCRAFTED_32D,2026,4,37,10.0,0.01,None,,3,macro_f1,0.8660283658859967,0.8884240136732658,0.8622066084923279
A_HANDCRAFTED_32D,2026,5,34,10.0,scale,None,,5,macro_f1,0.8571189429385544,0.8781512605042017,0.8528083294217061
B_VIT_B16_768D,2026,1,36,10.0,0.001,None,,5,macro_f1,0.914703069096738,0.9305476427859279,0.9098534239143115
B_VIT_B16_768D,2026,2,35,10.0,0.001,None,,3,macro_f1,0.902247243347064,0.9221086739780657,0.8988710289153334
B_VIT_B16_768D,2026,3,35,10.0,0.001,None,,3,macro_f1,0.9236406169691951,0.9369035749893178,0.9196016718724985
B_VIT_B16_768D,2026,4,35,10.0,0.001,None,,3,macro_f1,0.9101379011049738,0.9284289987181313,0.906789853010628
B_VIT_B16_768D,2026,5,18,1.0,scale,None,,5,macro_f1,0.8819556112348462,0.9054621848739497,0.8764756389885389
C_FUSION_800D,2026,1,35,10.0,0.001,None,,3,macro_f1,0.9082800278006157,0.926345962113659,0.9039010429619305
C_FUSION_800D,2026,2,35,10.0,0.001,None,,3,macro_f1,0.909488960177206,0.9284468024497935,0.9062601914769097
C_FUSION_800D,2026,3,35,10.0,0.001,None,,3,macro_f1,0.9200116494473703,0.9348027346531833,0.9153777157651576
C_FUSION_800D,2026,4,36,10.0,0.001,None,,5,macro_f1,0.9180658636725775,0.9347493234581968,0.9138383068981624
C_FUSION_800D,2026,5,34,10.0,scale,None,,5,macro_f1,0.8864092918142918,0.9096638655462186,0.882184696490682
D_VIT_B16_PCA128,2026,1,106,10.0,0.001,None,128.0,5,macro_f1,0.9181602052524231,0.9326484831220624,0.9144180886956944
D_VIT_B16_PCA128,2026,2,108,10.0,0.001,None,256.0,5,macro_f1,0.905277224444119,0.9242451217775246,0.9022981573424618
D_VIT_B16_PCA128,2026,3,107,10.0,0.001,None,256.0,3,macro_f1,0.915526120605951,0.9305654465175901,0.9109266929317816
D_VIT_B16_PCA128,2026,4,108,10.0,0.001,None,256.0,5,macro_f1,0.9202022484799209,0.9368679675259934,0.9162021711041318
D_VIT_B16_PCA128,2026,5,97,10.0,scale,None,64.0,3,macro_f1,0.8810202121916813,0.9033613445378152,0.8777751370764075
E_FUSION_PCA128_PROPOSED,2026,1,105,10.0,0.001,None,128.0,3,macro_f1,0.9126465986253162,0.9284468024497935,0.9084657077433135
E_FUSION_PCA128_PROPOSED,2026,2,106,10.0,0.001,None,128.0,5,macro_f1,0.9111834120308675,0.9284824099131178,0.9071620673787856
E_FUSION_PCA128_PROPOSED,2026,3,106,10.0,0.001,None,128.0,5,macro_f1,0.9202186667583936,0.9347849309215212,0.915902925849191
E_FUSION_PCA128_PROPOSED,2026,4,107,10.0,0.001,None,256.0,3,macro_f1,0.9202716207287196,0.9368679675259934,0.915751233153194
E_FUSION_PCA128_PROPOSED,2026,5,106,10.0,0.001,None,128.0,5,macro_f1,0.8939805957543512,0.9159663865546219,0.8906494859152237
A_HANDCRAFTED_32D,3407,1,38,10.0,0.01,None,,5,macro_f1,0.8633825776471851,0.8842045292693348,0.8599818571705693
A_HANDCRAFTED_32D,3407,2,34,10.0,scale,None,,5,macro_f1,0.8836852742366571,0.901064663153397,0.8786938591638602
A_HANDCRAFTED_32D,3407,3,38,10.0,0.01,None,,5,macro_f1,0.8719570844051815,0.8904180316194275,0.8682311048552463
A_HANDCRAFTED_32D,3407,4,38,10.0,0.01,None,,5,macro_f1,0.8873193862716957,0.9051595214356929,0.8824417626284108
A_HANDCRAFTED_32D,3407,5,51,100.0,0.001,None,,3,macro_f1,0.8388462172382333,0.865546218487395,0.8341945503078559
B_VIT_B16_768D,3407,1,36,10.0,0.001,None,,5,macro_f1,0.9125827501031097,0.9284111949864691,0.9090268749711473
B_VIT_B16_768D,3407,2,35,10.0,0.001,None,,3,macro_f1,0.8858055488732841,0.909503631961259,0.881736705846613
B_VIT_B16_768D,3407,3,19,1.0,0.001,None,,3,macro_f1,0.9295209563023271,0.9430814698760859,0.9239005366456348
B_VIT_B16_768D,3407,4,35,10.0,0.001,None,,3,macro_f1,0.9145189975868064,0.9304942315909415,0.9105980987052835
B_VIT_B16_768D,3407,5,33,10.0,scale,None,,3,macro_f1,0.8813656960482662,0.9054621848739495,0.8772205780208163
C_FUSION_800D,3407,1,35,10.0,0.001,None,,3,macro_f1,0.9069978509413826,0.9242095143142002,0.9034152026928085
C_FUSION_800D,3407,2,19,1.0,0.001,None,,3,macro_f1,0.890488677247607,0.9137409200968524,0.8857239466759591
C_FUSION_800D,3407,3,35,10.0,0.001,None,,3,macro_f1,0.931277965687419,0.9451467027488961,0.927291707928963
C_FUSION_800D,3407,4,35,10.0,0.001,None,,3,macro_f1,0.9207910856211678,0.9368679675259934,0.9168780190585465
C_FUSION_800D,3407,5,36,10.0,0.001,None,,5,macro_f1,0.8829656202695341,0.9075630252100839,0.8788542236818099
D_VIT_B16_PCA128,3407,1,105,10.0,0.001,None,128.0,3,macro_f1,0.9081019040608344,0.9241917105825381,0.903489474825904
D_VIT_B16_PCA128,3407,2,105,10.0,0.001,None,128.0,3,macro_f1,0.8972694555680566,0.9179069933057968,0.8936414677513749
D_VIT_B16_PCA128,3407,3,53,1.0,scale,None,256.0,3,macro_f1,0.9267931285744995,0.9409806295399514,0.9213752841203822
D_VIT_B16_PCA128,3407,4,101,10.0,scale,None,256.0,3,macro_f1,0.9177417507419179,0.9325950719270759,0.9142840006754992
D_VIT_B16_PCA128,3407,5,104,10.0,0.001,None,64.0,5,macro_f1,0.887425099385045,0.9096638655462186,0.8843336084181606
E_FUSION_PCA128_PROPOSED,3407,1,99,10.0,scale,None,128.0,3,macro_f1,0.9039272808764847,0.9221086739780657,0.9006106695735179
E_FUSION_PCA128_PROPOSED,3407,2,105,10.0,0.001,None,128.0,3,macro_f1,0.9006939937617291,0.9200078336419313,0.8966176582275653
E_FUSION_PCA128_PROPOSED,3407,3,101,10.0,scale,None,256.0,3,macro_f1,0.9294094492235145,0.9430458624127617,0.924950956813702
E_FUSION_PCA128_PROPOSED,3407,4,108,10.0,0.001,None,256.0,5,macro_f1,0.923786306716648,0.9389510041304657,0.9182045713908459
E_FUSION_PCA128_PROPOSED,3407,5,151,100.0,0.001,None,64.0,3,macro_f1,0.8925290260131084,0.9138655462184875,0.8882827984995167
A_HANDCRAFTED_32D,7777,1,34,10.0,scale,None,,5,macro_f1,0.8637495014263318,0.8821392963965247,0.8615783967194949
A_HANDCRAFTED_32D,7777,2,37,10.0,0.01,None,,3,macro_f1,0.8774530563345717,0.8947799458766557,0.8726827171499959
A_HANDCRAFTED_32D,7777,3,37,10.0,0.01,None,,3,macro_f1,0.8869247551410463,0.9031476997578693,0.8825404198478111
A_HANDCRAFTED_32D,7777,4,37,10.0,0.01,None,,3,macro_f1,0.8898489218862253,0.907331576698476,0.8850573428880251
A_HANDCRAFTED_32D,7777,5,50,100.0,scale,None,,5,macro_f1,0.8391015836490652,0.8613445378151261,0.8420054248761413
B_VIT_B16_768D,7777,1,35,10.0,0.001,None,,3,macro_f1,0.9067527502587543,0.9262213359920239,0.9024120635317745
B_VIT_B16_768D,7777,2,19,1.0,0.001,None,,3,macro_f1,0.9226354997692944,0.9389510041304657,0.9165446481622951
B_VIT_B16_768D,7777,3,35,10.0,0.001,None,,3,macro_f1,0.9142397322005512,0.9305120353226035,0.910314118467298
B_VIT_B16_768D,7777,4,36,10.0,0.001,None,,5,macro_f1,0.9117387292952792,0.9304408203959549,0.9087532087024988
B_VIT_B16_768D,7777,5,35,10.0,0.001,None,,3,macro_f1,0.8973408700395691,0.9180672268907563,0.8926824140962428
C_FUSION_800D,7777,1,35,10.0,0.001,None,,3,macro_f1,0.9076713546756109,0.9283043725964962,0.9022496203868753
C_FUSION_800D,7777,2,35,10.0,0.001,None,,3,macro_f1,0.9195107835952525,0.9368501637943314,0.9144703335879807
C_FUSION_800D,7777,3,33,10.0,scale,None,,3,macro_f1,0.9166405952639327,0.932612875658738,0.9118503789044873
C_FUSION_800D,7777,4,35,10.0,0.001,None,,3,macro_f1,0.9108079795762688,0.9304230166642927,0.9071035705586077
C_FUSION_800D,7777,5,35,10.0,0.001,None,,3,macro_f1,0.9029272242797158,0.9222689075630252,0.8981095849645901
D_VIT_B16_PCA128,7777,1,102,10.0,scale,None,256.0,5,macro_f1,0.9124109466442354,0.9304230166642928,0.9083644444841555
D_VIT_B16_PCA128,7777,2,57,1.0,0.001,None,128.0,3,macro_f1,0.9313849326982467,0.9452891326021934,0.9259241575418045
D_VIT_B16_PCA128,7777,3,56,1.0,0.001,None,64.0,5,macro_f1,0.9160382736877888,0.9305120353226035,0.912486873091033
D_VIT_B16_PCA128,7777,4,100,10.0,scale,None,128.0,5,macro_f1,0.9113663417151056,0.9304408203959549,0.9067607682803762
D_VIT_B16_PCA128,7777,5,104,10.0,0.001,None,64.0,5,macro_f1,0.917727595126658,0.9327731092436975,0.9149456566252232
E_FUSION_PCA128_PROPOSED,7777,1,106,10.0,0.001,None,128.0,5,macro_f1,0.9166267152134991,0.9325416607320894,0.9125372415491094
E_FUSION_PCA128_PROPOSED,7777,2,55,1.0,0.001,None,64.0,3,macro_f1,0.9233862709717423,0.9389510041304658,0.917897462015109
E_FUSION_PCA128_PROPOSED,7777,3,58,1.0,0.001,None,128.0,5,macro_f1,0.9218231124992444,0.9368501637943313,0.915871483273444
E_FUSION_PCA128_PROPOSED,7777,4,105,10.0,0.001,None,128.0,3,macro_f1,0.9110242445297967,0.9304052129326306,0.9065403097265843
E_FUSION_PCA128_PROPOSED,7777,5,97,10.0,scale,None,64.0,3,macro_f1,0.9184040062679072,0.9327731092436975,0.9143102172642936
