sample_id,outer_fold
S000001,4
S000002,1
S000003,1
S000004,5
S000005,2
S000006,2
S000007,5
S000008,5
S000009,2
S000010,1
S000011,2
S000012,3
S000013,1
S000014,3
S000015,4
S000016,3
S000017,5
S000018,4
S000019,1
S000020,3
S000021,4
S000022,5
S000023,4
S000024,4
S000025,2
S000026,1
S000027,2
S000028,3
S000029,5
S000030,4
S000031,3
S000032,1
S000033,2
S000034,3
S000035,5
S000036,3
S000037,2
S000038,3
S000039,2
S000040,1
S000041,4
S000042,4
S000043,4
S000044,2
S000045,1
S000046,5
S000047,1
S000048,5
S000049,2
S000050,3
S000051,1
S000052,5
S000053,4
S000054,2
S000055,5
S000056,5
S000057,4
S000058,3
S000059,2
S000060,2
S000061,3
S000062,1
S000063,2
S000064,1
S000065,4
S000066,4
S000067,4
S000068,2
S000069,2
S000070,3
S000071,1
S000072,1
S000073,3
S000074,4
S000075,3
S000076,3
S000077,4
S000078,5
S000079,5
S000080,3
S000081,4
S000082,3
S000083,1
S000084,4
S000085,1
S000086,3
S000087,3
S000088,5
S000089,4
S000090,1
S000091,2
S000092,2
S000093,1
S000094,4
S000095,5
S000096,5
S000097,5
S000098,2
S000099,2
S000100,4
S000101,1
S000102,2
S000103,5
S000104,3
S000105,1
S000106,1
S000107,1
S000108,4
S000109,5
S000110,4
S000111,1
S000112,2
S000113,2
S000114,1
S000115,3
S000116,3
S000117,5
S000118,5
S000119,5
S000120,4
S000121,2
S000122,4
S000123,1
S000124,1
S000125,5
S000126,1
S000127,3
S000128,5
S000129,3
S000130,5
S000131,4
S000132,3
S000133,5
S000134,2
S000135,4
S000136,1
S000137,2
S000138,2
S000139,3
S000140,3
S000141,5
S000142,1
S000143,1
S000144,3
S000145,5
S000146,4
S000147,2
S000148,3
S000149,4
S000150,2
S000151,5
S000152,3
S000153,2
S000154,2
S000155,5
S000156,3
S000157,1
S000158,4
S000159,4
S000160,2
S000161,3
S000162,4
S000163,5
S000164,5
S000165,1
S000166,1
S000167,2
S000168,5
S000169,5
S000170,3
S000171,1
S000172,3
S000173,3
S000174,3
S000175,1
S000176,5
S000177,4
S000178,2
S000179,4
S000180,2
S000181,1
S000182,4
S000183,2
S000184,2
S000185,4
S000186,2
S000187,4
S000188,2
S000189,4
S000190,3
S000191,5
S000192,4
S000193,3
S000194,5
S000195,5
S000196,1
S000197,1
S000198,1
S000199,1
S000200,3
S000201,3
S000202,5
S000203,4
S000204,3
S000205,2
S000207,3
S000208,3
S000209,1
S000210,2
S000211,5
S000212,4
S000213,3
S000214,1
S000215,5
S000216,3
S000217,5
S000218,4
S000220,3
S000221,1
S000222,2
S000223,1
S000224,4
S000225,4
S000226,2
S000227,4
S000228,1
S000229,5
S000230,2
S000231,1
S000232,5
S000233,2
S000234,4
S000235,5
S000236,5
S000238,2
S000239,3
S000240,1
S000241,2
S000242,4
S000243,4
S000244,2
S000245,4
S000246,4
S000247,4
S000248,4
S000249,4
S000250,2
S000251,3
S000252,1
S000253,4
S000254,5
S000255,1
S000256,1
S000257,3
S000258,1
S000259,2
S000260,2
S000261,2
S000262,5
S000263,3
S000264,1
S000265,1
S000266,2
S000267,1
S000268,1
S000269,4
S000270,3
S000271,5
S000272,5
S000273,3
S000274,1
S000275,1
S000276,2
S000277,3
S000278,3
S000279,5
S000280,5
S000281,5
S000282,1
S000283,4
S000284,2
S000285,4
S000286,4
S000287,2
S000288,5
S000289,5
S000290,2
S000291,1
S000292,4
S000293,2
S000294,5
S000295,2
S000296,3
S000297,2
S000298,1
S000299,4
S000300,2
S000301,3
S000302,4
S000303,5
S000304,5
S000305,5
S000306,3
S000307,1
S000308,3
S000309,4
S000310,2
S000311,5
S000312,5
S000313,5
S000314,4
S000315,5
S000316,4
S000317,1
S000318,1
S000319,3
S000320,5
S000321,1
S000322,2
S000323,4
S000324,3
S000325,3
S000326,1
S000327,1
S000328,3
S000329,1
S000330,4
S000331,3
S000332,5
S000333,1
S000334,3
S000335,5
S000336,4
S000337,4
S000338,3
S000339,3
S000340,2
S000341,5
S000342,3
S000343,5
S000344,2
S000345,2
S000346,5
S000347,2
S000348,3
S000349,1
S000350,2
S000351,1
S000352,2
S000353,4
S000354,3
S000355,5
S000356,1
S000357,3
S000358,5
S000359,2
S000360,4
S000361,2
S000362,3
S000363,4
S000364,4
S000365,4
S000366,2
S000367,3
S000368,2
S000369,2
S000370,2
S000371,4
S000372,4
S000373,3
S000374,2
S000375,3
S000376,5
S000377,2
S000378,2
S000379,2
S000380,2
S000381,3
S000382,1
S000383,2
S000384,5
S000385,5
S000386,5
S000387,1
S000388,1
S000389,3
S000390,2
S000391,4
S000392,4
S000393,5
S000394,3
S000395,4
S000396,4
S000397,1
S000398,4
S000399,3
S000400,5
S000401,5
S000402,2
S000403,5
S000404,4
S000405,1
S000406,4
S000407,4
S000408,1
S000409,4
S000410,5
S000411,3
S000412,3
S000413,1
S000414,1
S000415,1
S000416,2
S000417,3
S000418,3
S000419,5
S000420,5
S000421,1
S000422,1
S000423,3
S000424,4
S000425,5
S000426,3
S000427,5
S000428,4
S000429,1
S000430,5
S000431,1
S000432,1
S000433,1
S000434,4
S000435,3
S000436,1
S000437,1
S000438,5
S000439,2
S000440,3
S000441,2
S000442,3
S000443,5
S000444,2
S000445,4
S000446,1
S000447,2
S000448,3
S000449,5
S000450,1
S000451,5
S000452,1
S000453,3
S000454,1
S000455,2
S000456,4
S000457,3
S000458,3
S000459,2
S000460,2
S000461,3
S000462,5
S000463,4
S000464,3
S000465,2
S000466,4
S000467,1
S000468,4
S000469,5
S000470,4
S000471,5
S000472,2
S000473,3
S000474,5
S000475,5
S000476,4
S000477,1
S000478,2
S000479,5
S000480,1
S000481,2
S000482,3
S000483,5
S000484,1
S000485,1
S000486,4
S000487,5
S000488,4
S000489,5
S000490,2
S000491,1
S000492,4
S000493,1
S000494,2
S000495,5
S000496,5
S000497,3
S000498,2
S000499,3
S000500,3
S000501,4
S000502,2
S000503,5
S000504,1
S000505,3
S000506,1
S000507,1
S000508,2
S000509,2
S000510,2
S000511,4
S000512,3
S000513,5
S000514,3
S000515,1
S000516,2
S000517,2
S000518,2
S000519,5
S000520,4
S000521,3
S000522,1
S000523,2
S000524,3
S000525,5
S000526,5
S000527,1
S000528,4
S000529,1
S000530,3
S000531,4
S000532,4
S000533,4
S000534,3
S000535,4
S000536,5
S000537,2
S000538,5
S000539,4
S000540,3
S000541,3
S000542,1
S000543,4
S000544,3
S000545,1
S000546,3
S000547,5
S000548,4
S000549,3
S000550,4
S000551,4
S000552,1
S000553,1
S000554,5
S000555,2
S000556,5
S000557,2
S000558,4
S000559,2
S000560,3
S000561,3
S000562,3
S000563,3
S000564,3
S000565,1
S000566,4
S000567,5
S000568,2
S000569,3
S000570,5
S000571,2
S000572,2
S000573,2
S000574,5
S000575,4
S000576,1
S000577,5
S000578,1
S000579,4
S000580,1
S000581,5
S000582,4
S000583,1
S000584,1
S000585,5
S000586,2
S000587,2
S000588,5
S000589,1
S000590,4
S000591,1
S000592,4
S000593,3
S000594,2
S000595,2
S000596,3
S000597,4
