relative_path,size_bytes,sha256
.gitignore,516,6793a3a423fc0170cd1e238f7ee7e5c4827931a70e5ccbd6972cc8267d1e1aa3
CITATION.cff,653,eafb41d1eb0ddf01c0dd41653deccbf78825a783e351dc9bc063d528f74785ba
FINAL_PACKAGE_AUDIT.json,2062,bad3d3b8929e3d83bacb87b2ad3b5421bd53aac01251ddb39d1d042ce3c47347
FINAL_PACKAGE_AUDIT_SUMMARY.md,1465,7759c408c1fa4c33e22ac167227eba39efff28c4cb8331502b551e5654a1615d
GITHUB_UPLOAD_GUIDE.md,2574,ff09b003cdb3dad7cce5ebf70aeeab62b89b66348d152c2782d980cccb856b26
LICENSE_SELECTION_REQUIRED.md,351,2e8856d9ff27ad48e2ed78e784acba762ec4995e423136f559fd4667614f3d71
PUBLIC_RELEASE_STATUS.md,900,d8c81bd76af9c510d21bb7b1eb23f11c57230e003f5ea4f41a595f1a17d64604
PYTHON_SYNTAX_AUDIT.json,38,61fbe35b8e0eb5c15b81989ddfe8734cef06bbd0fb477bc989747ae101739845
README.md,3848,f40e72b38c83a07a15040a465a1058779a1d7caf09e86c4e313836211794deb9
configs/core_config.json,2003,078ed847e8d4a36f6b2dda1d321883e62de76eb4135ef204001659400ba21aac
configs/pretrained_weights.json,1437,4002b71bbe0503473215a03c4cc9d491b9746844243c99561a53621ceb5b7353
docs/CODE_AND_DATA_AVAILABILITY_TEMPLATE.md,933,0612ccb627e28f12791b407b272b69f227587c726412f15c365223b273d7e0f4
docs/DATA_AND_ROI_PROVENANCE.md,1495,213260a7e9e64f5e457a8599136afda6bcfe63eca22b68a06ae7d0b28fca3f94
docs/GITHUB_RELEASE_ASSETS.md,788,7f75a43fe2b9d540cbcf6347882b20e38347b2a2435d71208a5255d0ba43fbc9
docs/NOTEBOOK_ORDER.md,891,2477f8ef8a7bbdff48c35356eac94a35e9e5d75b01b80962d18a84b38d902051
docs/R1_COMMENT_10_FINAL_RESPONSE_TEMPLATE.md,1683,e91bdd714fab9aec46fd31148408675db829e63e1240587525cc0b111b7bda98
docs/REPRODUCIBILITY_SCOPE.md,1517,c7e60b00759f0b73bd88c0a23e1773da072a671c754f872e37b56c1ab21544e9
environment.yml,140,130e03da3fa25fcaa9e4caa73522cc39ffd5bcc2400ec49568be1680f61a559e
folds/assignment_checksums.csv,799,59e3e1eca98a5dc89a33a0fd966353f1fb41fb55df66dbea7f428493117ca488
folds/fold_builder_metadata.json,1983,8268d147103275b24a22eb1ca443477a7bdc4e6d12f61978f757f80560c93e78
folds/immutable_source_aware_fold_assignment_report.pdf,182939,b652b41bef15805084c9c47dc6cbf1bb3b5553f2303b2115dc4eb513a41c7380
folds/lodo_split_assignments.csv,112522,0c88bee768d4a4e41aa098a785b3943b7d5d7423b108e96331c82cda0527fd40
folds/nested_cv_assignments.csv,432165,615041db8e000fe9aef7d353ef9d86c1d9728560773db75b71664474e2bf4a5b
folds/outer_fold_assignments.csv,22687,6018e7b176ea923a855d7bd97a36ad8fbe8a48087771a40452663e4f7596a028
folds/outer_fold_balance_summary.csv,251,f1a47f1c03ec30dc7f2ecd491033bb7b0606d40f87f393fcfe84ce402c2267bb
folds/outer_fold_class_distribution.csv,98,864a2fbd789a926c14b02f3c4770e0d6bb00ad5aaa7e3d2ceba6714c2b541a72
folds/outer_fold_class_distribution.png,100451,950b3555ba8e688005ce3201d40b16395413ca314797a0fe16cb2373d5121820
folds/outer_fold_sizes.csv,67,761b12e33b5585246bc5da0072dce9aa1311a3389580da97f16006238b18e407
folds/outer_fold_source_class_distribution.csv,327,ee9fdf77b67366df2fe4cfb6bf41ee9e95b6d5613c95a780b8494782fbf514d9
folds/outer_fold_source_class_heatmap.png,285226,c06291e02c583fcd27b09696fc0afccb8c17b6c5f469c1180369f1698f6dbc2e
folds/outer_fold_source_distribution.csv,112,00786b0d3415f561636a7c7e25afcf129a247d7d155999e7c86fb92b239341a2
folds/outer_fold_source_distribution.png,98460,b0083a938f3d577d3494fd24c77173cf6537c0bdb59f8ec3fa7ffa1430a10ab1
metadata/README.md,1636,a58dc78a454377df2f8aff0fd3e868ecc9bfb85185c7a1897fb6b59221067a4e
metadata/RELEASE_FILE_CHECKSUMS_SHA256.csv,186386,5a084c42c64e3629d16c0b3628e2bbd431268af6589339f5619b08e312552b53
metadata/RELEASE_METADATA.json,662,46f5cfa831d916e9b147d9b996c9cd2333d58dde46a1a0013013bc5ee4f8c385
metadata/outer_fold_assignments.csv,6559,74ec30d5aa37b8140677559f3d3ca2214c84cdfa97957b2cbd3c3fe2c8da41a5
metadata/provenance/VALIDATION_REPORT.md,1245,7e8b1a575b719142f8dbfa2b9b6036b4cecd0f255259679484710c6160c25f6e
metadata/provenance/copy_log_594.csv,188975,3af2de35f8a9d0f3a6b9cbf2ff5f8e2326ec37c84239ca6539c9d5517cca711f
metadata/provenance/duplicate_filename_within_class.csv,40,c45d3470662e594d5f2fcbe8c49fb25304ec4c65c19ac44d0557135ae47be49d
metadata/provenance/final_ids_not_in_master.csv,14,30f442e9184b34e27c7b82d2c8cffa699dc4ab45481ee0f7ca495a60c8eb6094
metadata/provenance/final_ids_without_outer_fold.csv,14,30f442e9184b34e27c7b82d2c8cffa699dc4ab45481ee0f7ca495a60c8eb6094
metadata/provenance/manual_validation_log.csv,13897,97eb9ec9517332f6f954539c103cec9a17e5a0d03b0a9a155e73d2111b70fb80
metadata/provenance/master_ids_excluded_from_final.csv,41,54305003c5a3b0f3656aba14c5de5d80da3b9bfc9f13718dd09dbea182da524f
metadata/provenance/missing_raw_structure_b.csv,84,e38764bfa909a86ec9d5d5d4c09eaf7f86bbb8a52a0adf010fc107f838791407
metadata/provenance/normal_preprocessed_to_roi_order_alignment.csv,31341,ad9f4f637ddebb76bf72253ce56426aea3b59b73fa63c64c690c46f2a08fb936
metadata/provenance/normal_provenance_mapping_order_aligned.csv,128805,67454e92562113509019b4b9cfc30eab41b2761884a449a47ac03e209026309c
metadata/provenance/normal_raw_to_preprocessed_top_candidates.csv,94358,f031d107ed428bdc3bc8295f8a4121984c7e3ce831cce43025b85c50c9695a26
metadata/provenance/outer_fold_ids_not_in_final.csv,14,30f442e9184b34e27c7b82d2c8cffa699dc4ab45481ee0f7ca495a60c8eb6094
metadata/provenance/pipeline_provenance_manifest_594.csv,158007,a5e22b5ddc80a4289aa027d0354fbe7b35209df7064213e1d5362bf11bd2ed20
metadata/provenance/pipeline_provenance_manifest_597.csv,157582,cc257bdcc16171728e45d2a6e44625f7c5bcf8df9c440c7be07279eb60966dc6
metadata/provenance/provenance_integrity_checks.csv,499,ccd9a30081be2fec3fdeac03231a3b00c117d1628f2534501e3024656c8cce86
metadata/provenance/raw_structure_b_audit.csv,73031,ba1a9de55ce1a44c1a14cb868aa73ce4a72e874151715988847310ef99cc9a67
metadata/provenance/release_manifest_594_sha256.csv,210033,baaa45feab022a6c1e191d47001d82c24522a22294a9da0e7f4c0d602901c1b8
metadata/provenance/run_metadata.json,1353,ac4a944e68ad050f62e5d8ea56a5433eccd7b590a1ad1e15dcef3b6891bb076f
notebooks/00_portable_preprocessing_assisted_roi.ipynb,1757,0905deced08617635cd3ea39314327618513fcfead2d431fe966295199fbd65d
notebooks/01_freeze_dataset_594.ipynb,23105,ed8c49eea9ee34070c4e9b9da654407d9fddd54d0538c528223f43086fc3e86d
notebooks/02_build_immutable_folds.ipynb,44413,8ee36dd26fb27eac90d2fa289fa392570f33b67bc57fc024b76d5749becfc8e2
notebooks/03_nested_cv_multiseed.ipynb,46265,c2098952b867cbcdd55bf60b13f7a820b801beb8bea382b7b0653a9e17b24d03
notebooks/04_transformer_same_condition_comparison.ipynb,32201,a78c4a5ef15dbe7ef479fa566131483902f05693bbfe3192ea055e6acdeb0e67
notebooks/05_retfound_frozen_pca128_svm.ipynb,44245,fa3cc614c5ca758e509a8692e69453d8e5ce9936440d4d0408b39548d09e6220
notebooks/06_retfound_internal_validation_paired.ipynb,33439,7b44d01e4aad5ffd06b6c94b770bdf84cd351bcbdc7572cecbc3dedf2fca3009
notebooks/07_stare_v8_exploratory_shift.ipynb,57040,2489eaa564a267929564bcff3b5d0f64b17aab728ac973b2df8fb795ed6b749f
notebooks/legacy/00_preprocessing_crop_manual_legacy.ipynb,22834,7a2256aac9662345030fff1f73bed71bd7ac5ec0986f2f38c4e4b6c11bde9a60
release_assets_manifest.csv,561,3a64445dee2d4728fb596f3a38c830c811ba5376ba851700284b9fbd32577493
requirements-retfound.txt,42,e5bba6750ce6911a5c1513b5f3a9268ac2785ec323624492593c37824a282b3b
requirements.txt,260,4458a9b9f0d3dc0b47775baf0dca8efe5886cc84a953b6b7cdda9baf2ed18b25
results/reference/computational_benchmark/BENCHMARK_CONFIG.json,1382,82bc86cce79a1ba80d883a9d937dcb7ce6b06f09c444a41818e060f571839745
results/reference/computational_benchmark/DRAFT_RESPONSE_TO_REVIEWER_COMPUTATIONAL_COST_EN.txt,1111,08c451a19c9af0323bbd853218a76a92d299359dccf37b86d3063b42e3c1d42f
results/reference/computational_benchmark/MANUSCRIPT_READY_COMPUTATIONAL_RESULTS_EN.txt,2195,1f0d6f51086f781ae9d2e30ff75c7a4e49e1f7605d1d59f1ee9225ca6fbb2056
results/reference/computational_benchmark/VALIDATION_REPORT.json,746,e9d5f6c50fc606e82d567a4b560eecb3cd0d5545c0755b1ab59505e085ec3286
results/reference/computational_benchmark/downstream_recalibration_runs.csv,15915,9063cc81482c58a275a4446876c701cb28593bf25175d35a054dcc99bcf3e5ba
results/reference/computational_benchmark/downstream_recalibration_summary.csv,1211,43811146ab76670322dfc48c5766fb65e0dc013636b61f585ede855b8f81a028
results/reference/computational_benchmark/feature_extraction_runs.csv,2242,8146d7cedfb97f3ac583e5473b568ec60dbe9b5ead2408037af39049adbe3940
results/reference/computational_benchmark/feature_extraction_summary.csv,1220,6e520806f8dd299645b8800ea2084358a50b354414990210b171f6574658e9b6
results/reference/computational_benchmark/fresh_feature_compatibility.csv,141,1e62fe85b9dff7311be84a30958bdad64e136b386f2c4bf1ad9e2e71b4d91f0a
results/reference/computational_benchmark/fresh_handcrafted_32d.npy,76160,eb82031b5ec951ef6191a10d93407ef29a59f48647e488f4f8c9ee782888ccb4
results/reference/computational_benchmark/fresh_vit_b16_768d.npy,1824896,4d069cad38a73a69d2c1f3d69715671f72b7c3c74441049e037201229a78f1f5
results/reference/computational_benchmark/full_finetuning_checkpoint_inference_runs.csv,2238,ab8ab783c9f47776e65d8efb3f9df419b404f66688cdc5825fa08e6fd55e0a32
results/reference/computational_benchmark/full_finetuning_inference_summary.csv,1069,d7644c6bb6b23541c8ce2161c46a617881a37ed59ebb8b58a9432f9fb25473de
results/reference/computational_benchmark/full_finetuning_training_summary.csv,1028,39f7e16cdea1dffd6c5082b07fbea9bcf06fc3eed588324d17845df140e2691f
results/reference/computational_benchmark/hardware_environment.csv,433,29d11b6e830f8fe886cc79324cdef3dcc54a5ca712486078966a9ada6205336f
results/reference/computational_benchmark/hardware_environment.json,972,5c2bdc9065cbd67213dd1dcab27be7f5a6d28cdb34accdac9e5bbddc8900f3cb
results/reference/computational_benchmark/online_e2e_inference_runs.csv,12832,81a051fe2ae29a20b324939b2d4c805ddcc042dff8b90459fcb8d586dbe7efef
results/reference/computational_benchmark/online_e2e_inference_summary.csv,1456,20001489b22a6f6dc776e214acc49372ff6b07419afcb6b267fcd3824acb63b2
results/reference/computational_benchmark/table_end_to_end_computational_benchmark.csv,1558,48d5319d141936dd9c5604c7f04de122a09594456a9c1815e1ad7859aad07be6
results/reference/computational_benchmark/table_model_and_feature_storage.csv,379,417ecb51ca4865fe6bb1d82e4b17ab78655d791f9c0b327fb6f37e23c7905601
results/reference/feature_family_ablation/ANALYSIS_METADATA.json,799,1ebd022835afe5a92fdc094cea1dd4621df8451c862e42f98227383a261b2b1d
results/reference/feature_family_ablation/family_ablation_computational_runs.csv,16655,7e878d8fb78723ef717433e316e27e1992fdf4233e791a3f65117226383c1604
results/reference/feature_family_ablation/family_ablation_consensus_predictions.csv,292674,e4e7bc7b67cfab298f09acf55354def23be4b22547793523664f88b4009253a9
results/reference/feature_family_ablation/family_ablation_exact_mcnemar.csv,2406,3f7c4f6fbd2013a980f0f80683e0fa2d94191eba935be915ceda8b3201163518
results/reference/feature_family_ablation/family_ablation_inner_grid_results.csv,5048733,0c08420186b22d1c824f2b5eb135d634c92b8e56c3fb2366d608197d4c9ffbde
results/reference/feature_family_ablation/family_ablation_overall_summary.csv,1311,f36c50750fec11785022b12030ffb67092896d85ade1210bce86c4df6228dd2a
results/reference/feature_family_ablation/family_ablation_predictions.csv,3797171,f1b81961bff2ee660a98cf7e03d7cb30e4b99f2ce9285f3925efef938f16067f
results/reference/feature_family_ablation/family_ablation_selected_hyperparameters.csv,18358,9d9c514104931043182190782f8c2ee313116499d8bc6c40c9da42e5206c391e
results/reference/feature_family_ablation/family_ablation_source_seed_metrics.csv,23585,afa7608086889679ee76a45512a055128b18ca4f0d353b5444d397fb6df279fb
results/reference/feature_family_ablation/family_ablation_source_summary.csv,5212,5a6b11ce7dcfd071fe1a06f7d489af0d086406e1230d527d439fca82eefcf2d5
results/reference/feature_family_ablation/scenario_manifest.csv,451,bc4a00ef6a4a42f424b08379881286b6c58d341c1ce8b41733cb257cc0582b96
results/reference/hogcnn/HOGCNN_INTERNAL_VALIDATION_AUDIT.json,454,8751e070b784f982caf707eadc8363f57e98050ab7865b57ee1e9f515518020f
results/reference/hogcnn/HOGCNN_LODO_VALIDATION_AUDIT.json,543,892d1ac59e4c10cf942c6d219b65038c46608a2eb12b2eb152f27778517ca438
results/reference/hogcnn/hogcnn_internal_five_seed_consensus_predictions.csv,82586,5503c5a29da30e62c2a56e80c45959b30514fbb64cacfb34a85644d857506187
results/reference/hogcnn/hogcnn_lodo_five_seed_consensus_predictions.csv,85630,450611ab700af47701f19126171572f79e0b037f8cbc5f02dba555de6540e8c3
results/reference/hogcnn/hogcnn_lodo_metrics_explicit_class_denominators.csv,2733,9238e72c7ecaf1a9f86da1b0c94a88acc518faae5fdcae1867660394d203b850
results/reference/hogcnn/hogcnn_lodo_seed_level_pooled_metrics.csv,567,ab7fee890557b5a62d92ed2a897dff4a20df40cff7b7a0e37a73c7149ec3e873
results/reference/hogcnn_internal/EFFICIENTNETB3_FROZEN_CACHE_AUDIT.json,847,425c5e2850f76ab1e5a7c880373aea589e1a569bdbfba453ad51f7d7c26597bc
results/reference/hogcnn_internal/HOGCNN_INTERNAL_VALIDATION_AUDIT.json,454,8751e070b784f982caf707eadc8363f57e98050ab7865b57ee1e9f515518020f
results/reference/hogcnn_internal/HOGCNN_RELEASE_PREFLIGHT_AUDIT.json,965,02c9201fb2d55030b34a93b61b0a1cf27132f1df08c65044281f03cb6dc14449
results/reference/hogcnn_internal/HOG_CACHE_AUDIT.json,641,79400d88e7a9f7b566b6cc43f6e67ee40c4942a244ed665f60a3907095912a1d
results/reference/hogcnn_internal/efficientnetb3_frozen_feature_maps_594_v1_sample_ids.npy,16760,ce00833238d6dfbe0b1ef07a1256f10de6d36862696c313f05ed54c50f46797a
results/reference/hogcnn_internal/hogcnn_computational_records.csv,6194,ea343fb7e889a5192db9a2f1f01cf4bab47aa7da3a375ae0baf9c62cceb32198
results/reference/hogcnn_internal/hogcnn_inner_epoch_selection.csv,11655,5ceca856779fb5447ec5a51b7c7d30529c63e3119c1dda942498a3c072c0aff3
results/reference/hogcnn_internal/hogcnn_internal_five_seed_consensus_metrics.csv,233,a589e6e497b89a2ff6bca347b2abb2c482c3fb3aed6337007946b43c8dd1750f
results/reference/hogcnn_internal/hogcnn_internal_five_seed_consensus_predictions.csv,82586,5503c5a29da30e62c2a56e80c45959b30514fbb64cacfb34a85644d857506187
results/reference/hogcnn_internal/hogcnn_internal_sample_predictions.csv,617337,0375d87f86c498cfc4b5493ee83ef9c9b0eeea7a29bc1bff1007e7e3bc32bf35
results/reference/hogcnn_internal/hogcnn_internal_seed_level_pooled_metrics.csv,565,178c7573fca921d64c3832e49f6ff0d7e633f16de01c7c16885690c478376622
results/reference/nested_cv/AUDIT_REPORT.md,1226,4b25d522ca72118aabfede694cf4b3b2f212c68a5b3ffd3d86dc7041c78c4e76
results/reference/nested_cv/all_inner_grid_search_results.csv,2762014,1e76c8b8c40c78adf18c62d16668cc21d21e9b5128da44b8b57519db5af4c013
results/reference/nested_cv/class_wise_multi_seed_recall.csv,4080,1c5c60d41a9006d1f6e328164015c8375782866925cd21c6d22052c32496b0c7
results/reference/nested_cv/hyperparameter_selection_frequency.csv,2064,9168dc3c2a37b6f28cdfb5c55a33e74bdbeacde6f59bdd3a3294c75e4165d6d6
results/reference/nested_cv/multi_seed_summary.csv,1380,2b956cca0bf661da53842db539e25519cff9f7b01e642ee3dfa302f17978d26b
results/reference/nested_cv/nested_outer_fold_metrics.csv,31054,6fbff56cdca289d2a21c36b17ffccf6188233c078e7e29a0e0b9da0491b22123
results/reference/nested_cv/nested_sample_level_predictions.csv,1739842,f23670f51bb64b0a87f5d91e0e74ff1aba7d67ed6cd4aac2aea1aef2cea91d6e
results/reference/nested_cv/paired_matrices_by_seed/paired_prediction_matrix_seed_123.csv,42781,f5fab452b7751e779bf165433f403ce2afd774c0dd5c83321a7f4fda61947009
results/reference/nested_cv/paired_matrices_by_seed/paired_prediction_matrix_seed_2026.csv,42789,57c8c27df9c74f3c907c4dfb70dbd03c3b8e1a6b82cf03c0890ed6c3aae16963
results/reference/nested_cv/paired_matrices_by_seed/paired_prediction_matrix_seed_3407.csv,42784,798d7d4e91ecd39c60944a5fb4ff1f5d20dcaed9eea6d92ad47fc8a80dac47af
results/reference/nested_cv/paired_matrices_by_seed/paired_prediction_matrix_seed_42.csv,42785,88961ea5644875fe7b9936d2d239ec5b8cf0277c91c0a39d3a21eca6f5e9ae4d
results/reference/nested_cv/paired_matrices_by_seed/paired_prediction_matrix_seed_7777.csv,42782,5f73604f6ab1ac47df61cc35dad825c2253757e505bfed92f7462058b1361702
results/reference/nested_cv/run_metadata.json,1678,fa0095107ef3b060905951654c37035296d004b3927adf2085a52ace9e575cad
results/reference/nested_cv/seed_level_pooled_metrics.csv,2172,7be274e18ad840022fd48c293ad0ae2cd485b5f5378a22caae402a3e2bd83c45
results/reference/nested_cv/selected_hyperparameters_by_seed_fold.csv,14545,b55782e284a9450fd6b0f137f31358bef17eafed78f884076d1b59616d363f58
results/reference/nested_cv/source_wise_multi_seed_metrics.csv,6748,23b9a3ae90d45d7ca29b54d5aa814f33e34114c5480f68e3614099e081e3ab62
results/reference/pca_sensitivity/VALIDATION_REPORT.json,877,b02cae481dc89e6b186d30c6e391ed11747a2ef37127b6cac5813ba0d4c27cb7
results/reference/pca_sensitivity/pca_sensitivity_computational_runs.csv,24036,42ac88c2fbe64a5daeff081b66abe894d29c0ce0356e18b0f5b2a0a77405d513
results/reference/pca_sensitivity/pca_sensitivity_inner_grid_results.csv,2939003,c79225cb2871dc1ef2413e4164798cb2b9c548ea535560dfdc0a07b9557ae3a1
results/reference/pca_sensitivity/pca_sensitivity_predictions.csv,2045432,468140078c421dbed178bea6a97fabe2a3f85d14b00a454cb348e67f708ab48c
results/reference/pca_sensitivity/pca_sensitivity_selected_hyperparameters.csv,10842,9af8d76b5148a346f55c818e8565c20b73d8c1806fcd6cc427e162ff77fc24cf
results/reference/pca_sensitivity/pca_sensitivity_source_seed_metrics.csv,12723,4fdd5979ba3cb709f56d11e5b1976aab21d7baf4013a2ba7a1c5a81c2f8cd94a
results/reference/pca_sensitivity/scenario_manifest.csv,371,bd3e516b44f9ff509ce7428f03f29aef0a84200f6238b661887c21515a29f11c
results/reference/r2_7_contribution/ANALYSIS_METADATA.json,13713,96c961ef162b471d7b7ed22dc9fb253e1b66267326f2abb5af3e47be2e01a386
results/reference/r2_7_contribution/DRAFT_RESPONSE_TO_REVIEWER_R2_7_EN.txt,2044,43dd4fa709e10e933f02c056067a9788b09e406b8445f6d4d94a0d8833f949af
results/reference/r2_7_contribution/MANUSCRIPT_READY_R2_7_RESULTS_EN.txt,1809,bed36392f281c5db2c0cde7fd59590b11022f2bd1f77561cff30900c3bec4af7
results/reference/r2_7_contribution/R2_7_INTERPRETATION_RULES.md,1275,c3e2c3554127d3f45f5d0901f39a4dbc30fd1947f50558b7d72198f591deaa70
results/reference/r2_7_contribution/VALIDATION_REPORT.json,1078,f054d56eee5525e7ad5439453b4339b3e8528082d41a5ea965bebd9bf3a57481
results/reference/r2_7_contribution/confusion_matrices/VIT_GENERIC32_PCA128_consensus_confusion_matrix.csv,107,a9b1b96310ab447ed5b7c9ce00bd33d6ca066052d7870319eca4c5ce4552500f
results/reference/r2_7_contribution/confusion_matrices/VIT_HANDCRAFTED32_PCA128_PROPOSED_consensus_confusion_matrix.csv,107,90540749abcd545b55d0edada718c233307b134548e07cfab220ee9cd1a27c8e
results/reference/r2_7_contribution/confusion_matrices/VIT_PCA128_MATCHED_consensus_confusion_matrix.csv,108,05844ae3996d3dbc44c92f361e3761d01a7feb13e6ff79dc2b558c05209fc8a0
results/reference/r2_7_contribution/confusion_matrices/VIT_RANDOM32_PCA128_consensus_confusion_matrix.csv,108,454b088b3888951b853598cc59f4d3e03edfe930593a80483e0fd159cc51b503
results/reference/r2_7_contribution/control_feature_cache/generic_histogram_32d.npy,76160,6288124dbc3a2ff8a5e6f7d626dcdbcc5addf9c0de0fb03c548bd96963f6cd8c
results/reference/r2_7_contribution/control_feature_cache/generic_histogram_sample_ids.csv,5357,4b4eb5064db5f4a09afdddb0a71365762786ff3d4fc002b217c9ac5f82e443b5
results/reference/r2_7_contribution/grouped_permutation_importance_raw.csv,444804,b7384345140a9634f1cc2cb765fc9859bfd6fb4f351dbd8af658eb5760a78685
results/reference/r2_7_contribution/linear_surrogate_family_coefficients_raw.csv,47995,85cdc055111d1d80ac2331b69de77bcba940e5bdaee7d08760e0cf51c8650a82
results/reference/r2_7_contribution/linear_surrogate_feature_coefficients_raw.csv,4147202,f73c0c13dc39538d467b48a1339dcbebaf5e3b9e3888f7b41ca000a617e412fe
results/reference/r2_7_contribution/linear_surrogate_fold_metrics.csv,3751,bdb9a749ec40b7d5471b168a66f0393656dcdd2744265e72a643ec1096899f39
results/reference/r2_7_contribution/linear_surrogate_predictions.csv,213741,75c5fae4fbcdf3a2396a350dd04fb69536987c28650160f700492a30280e5a98
results/reference/r2_7_contribution/matched_control_consensus_predictions.csv,282223,738ab94056f4bfade69fee09e5ff2e366b68e943dc240629740463a36681473c
results/reference/r2_7_contribution/matched_control_fold_metrics.csv,22333,8af4810c715a8a01a139e1703bd9269bd448275e0a966c1affad7d7b9427fa68
results/reference/r2_7_contribution/matched_control_predictions_all_runs.csv,1463396,de69cfb65eb137a3520bd7a63821f85de6b7ab2de3bee7ce6ab553fe142af92c
results/reference/r2_7_contribution/paired_control_sample_transitions.csv,122607,bd93c64b88cd54140b97d4ad9b57337ba8e4a8b48f8497218e58d27ed010ba63
results/reference/r2_7_contribution/pca_loading_family_raw.csv,11054,25201d0c3a08098feb638094f5867486b4f7af238bdc16a87506f7bcf2bb08ae
results/reference/r2_7_contribution/pca_loading_feature_raw.csv,822684,1d8a8ba1e2da7594fa3fb3ca60463b54b9e45ca60cc882e4098b6a4ed7423c12
results/reference/r2_7_contribution/pca_loading_pc_family_raw.csv,992558,60ac92efb55a116c934077099d734ff9213992fb364daab7c1c65e60c68892da
results/reference/r2_7_contribution/table_10_linear_surrogate_summary.csv,288,a836727928372fb68bda29f33bfde2129c0ac8d85eaf81eb50a844210021792c
results/reference/r2_7_contribution/table_11_linear_surrogate_family_summary.csv,2265,d3ce874db9a84adfcf770608e32315433b52397d585e70a9881b35b73a841f5d
results/reference/r2_7_contribution/table_12_handcrafted_surrogate_coefficients.csv,8051,9c0df1fb0dfc24322436903ff279dcf4923f60a4b0961a7f5c1eaf51af82f0da
results/reference/r2_7_contribution/table_1_seed_level_pooled_metrics.csv,1834,16bde352919ba621cf3af759a8ef84414471a8c0fa12456eb1001eca709dc07d
results/reference/r2_7_contribution/table_2_five_seed_summary.csv,764,811cf3807b41906b883c063177487eb41cbce6e8ee104bd4059a3eb2ab168757
results/reference/r2_7_contribution/table_3_consensus_metrics.csv,388,172f6f031ec4a6e203c66bd3bca5091d707d28c22a56654cf1c10ee6be3e79a9
results/reference/r2_7_contribution/table_4_consensus_class_metrics.csv,1157,8908a5502e7b6e6f1ec847102d32b370886e68e4c67b45e61df852666c9dfaad
results/reference/r2_7_contribution/table_5_paired_control_comparisons.csv,1144,5ec84744de95658e31923a3be2c865362ea6697c6db0261df0c12aa6c1fe9e74
results/reference/r2_7_contribution/table_6_permutation_importance_by_run.csv,9479,e392538ef45b63bd3a57e5f1e259a8756b546186cb5bc172e7fbff8f675a5de1
results/reference/r2_7_contribution/table_7_permutation_importance_summary.csv,878,641dddb2ae45e1d3953c9c332d1c926512f49a4d14bfabdd9d9f89aaf7ccbcd5
results/reference/r2_7_contribution/table_8_pca_loading_family_summary.csv,749,8aeb940d9cfd723a11f830303f03e2f1183145bdcc94b8d13c398e1504c59609
results/reference/r2_7_contribution/table_9_linear_surrogate_seed_metrics.csv,375,5bb742bff4714e11b9c0e7080afa3676f94404469a6852fb49ad2f099238dedf
results/reference/retfound/RETFOUND_INTERNAL_VALIDATION_AUDIT.json,948,b15b809d7e81c38752329a326db41ce4d9d2d00e8cb4b15f7e728244f15f1174
results/reference/retfound/retfound_internal_computational_records.csv,2988,3ad0e9fe13170755ee5cc4bc101b88177b2531c67dff89283e6301b2b5561b79
results/reference/retfound/retfound_internal_sample_predictions.csv,399367,1bad2836fd0ed3eecf54d319b3326501ea737622c2425304378ed96aa75ac56e
results/reference/retfound/retfound_internal_seed_level_pooled_metrics.csv,577,17ee52e8f8f77a0fb139f5ed97c4de31b5dd19fb179c79c0447619294af033f5
results/reference/retfound/retfound_lodo_computational_records.csv,2354,33035b0755725c6bcdb32fc12b7dfe31c327e4b99eefb6e17c1b4c5f7612b7cf
results/reference/retfound/retfound_lodo_metrics.csv,1425,bb8eb41a1f59f68959fe8a011e884417b9cf1c6b63748b2862723167e99703b5
results/reference/retfound/retfound_lodo_sample_predictions.csv,404939,b191206d0b0d14336fee485e694241871c549460feb6c08989b803d3e2746248
results/reference/retfound/retfound_mae_cfp_feature_metadata.csv,14325,c00f585b6ae59cd841cf9d3135e46c21432f75a0c35f2c67b39f56f302ade8b0
results/reference/retfound/retfound_mae_cfp_features_594.npz,2270877,842dc25abd2e267dee6bbaf7de42233e756089b635a7a46f71858eb413df87a3
results/reference/source_prediction/MANUSCRIPT_READY_RESULTS.md,1723,c4b5d2b5eaedc855f0a2d359d9dbf71fc31484531a240b0bee615e643fa40d5c
results/reference/source_prediction/RESPONSE_LETTER_DRAFT.md,1155,fae665b391e5fa21ef140c03f2825d447df63905696c7f98aeba534eba996b61
results/reference/source_prediction/RUN_METADATA.json,1499,f7278470658480eeba984dfd5555dd2b849845064e18be15ad226ac849d67877
results/reference/source_prediction/VALIDATION_REPORT.json,903,4437b570970ed746eddcd94c041cd8336681433ca891a448007f80d7c05c7b95
results/reference/source_prediction/analysis_manifest.csv,14326,01c5ad97c281f3d59d7b24cff0fc1cf12e8f332c583092f0eca2de101d9005b1
results/reference/source_prediction/class_conditioned_source_predictions.csv,129904,837105d24ad22be462392c9d9274f90e7154bd53aa39c3dcc2a6ec5d4ed7a933
results/reference/source_prediction/conditional_permutation_null_distributions.csv,28137,3f7acc0944a3cc269b24ba6236957ea2b72b6f88247606e88f2bc5896cc296f7
results/reference/source_prediction/source_prediction_fold_metrics.csv,10800,15ee30251042ab0f6d9428f072c99b27d666c3f3b346162af134582857a9252b
results/reference/source_prediction/source_prediction_predictions.csv,159900,07f1d058a9611a0f2dbbc08640afb5cd831c51d516e17f184a0bdcaf65dff85c
results/reference/source_prediction/table_1_overall_source_prediction.csv,1256,787e9da92ad2e1ebae4519125167d552aa2b3b445f842dd9c9f020ca78480084
results/reference/source_prediction/table_2_class_conditioned_source_prediction.csv,2844,f4a1607ba9ed50263280779b91cc91bb6912982fea251c196a70eb9d8239bdda
results/reference/source_prediction/table_3_class_conditioned_pooled_summary.csv,1106,bc910b9312fb188b82c27bc40d94ca096e54d290077185531b7ebe0124481137
results/reference/source_prediction/table_4_per_source_recall.csv,2339,212a8715f3e56ca7154627d4e583abe1da97c12d63aebf164023eba81418cd55
results/reference/source_prediction/table_5_paired_vs_disease_only.csv,1693,84afde6eff99b923c80a87c4d2cd27bede4e336e2e6eb00cfcd8190d1bf7c4b0
results/reference/source_prediction/table_6_paired_vs_majority.csv,1665,5e3296106fee02679d35ef9adca8ca43e1ff87078a61ed82b49d00f8e260d51f
results/reference/source_prediction/table_7_conditional_permutation_tests.csv,820,1d20c9085b56b1c0c6987ae449ce98509b86cb79e3f61b19b5a48f71ffd32973
results/reference/stare_v8/ANALYSIS_METADATA.json,1373,ce2e4bd24c59f1b3f7fe2c58a255af5dd4da1dc2099b02b853b4e29633ae824c
results/reference/stare_v8/HANDCRAFTED_EQUIVALENCE_GATE.json,260,7b885bf0af5a6a4f662174f29aec268b6126dc1e0e072ef022551bbe7a1f674a
results/reference/stare_v8/MANUSCRIPT_READY_STARE_RESULTS_EN.txt,1531,1f920a96757fc847d08131913bd850ed441f156d5d3b1440a80c1028b7ecdf9b
results/reference/stare_v8/VALIDATION_REPORT.json,615,e23481ef11e2144e7e32a2c15123574d28132bef0a88ed8defe7c023acdffe2c
results/reference/stare_v8/confusion_matrices/FROZEN_VIT_SVM_consensus_confusion_matrix.csv,101,696b91789f925eccaf3d7e42f94212f918a0387429b95459dba57ce546e4e9f8
results/reference/stare_v8/confusion_matrices/PROPOSED_HYBRID_PCA128_SVM_consensus_confusion_matrix.csv,102,82d95c85288433e02fce059d7dca259dc0ca354e334921bb9c9761e55e0bf72e
results/reference/stare_v8/feature_cache/feature_extraction_timing.json,965,83fcff7e3674649555fff0ecf1e9d102d37658db4d73e423963cdc63978d1f6f
results/reference/stare_v8/feature_cache/stare_handcrafted_32d.npy,12928,fc3601da9326a11355177b3771c70d562d3b8435d57cc7789179a684f636808d
results/reference/stare_v8/feature_cache/stare_sample_ids.csv,3282,e9af8df54d8a724575baeb9620c2d0ea0fe668b8cbf1ed33d056ec9200e87b59
results/reference/stare_v8/feature_cache/stare_vit_b16_768d.npy,307328,3fdde8c083827ebd4ca975375ad4118e36bcfcf2e4382b4c88705f7c7506326d
results/reference/stare_v8/figures/figure_1_stare_performance.png,250516,9f0e5e849984be60f0b8d784c09db1df9770d90d71d0a81e347089425c90c364
results/reference/stare_v8/handcrafted_feature_equivalence_by_sample.csv,47317,96d009de3dd2daa111bce4f250161fd067328a0fc6cc16ebfef99bbcffb9c408
results/reference/stare_v8/stare_consensus_predictions.csv,31287,880e6181d41585c3b48a217c5dca6866f8059b0ac3e4b54b5a2d13fa3b7683fd
results/reference/stare_v8/stare_inclusion_manifest.csv,20984,0e8061e0c1e520e3e4064f5871657ef80d51a25e9de3bd275f8f3bb48117c1f3
results/reference/stare_v8/stare_paired_image_transitions.csv,7474,4fb2fe9b43ad322bb727aeff76a595c16e7ec0338369cf75243e6370059612d4
results/reference/stare_v8/stare_predictions_all_runs.csv,303781,53962972049568668d4d453bbd193bc1c32a621e622c8f8b8a8a59e91586df66
results/reference/stare_v8/stare_run_metrics.csv,2361,eb2ddafd66649ba959a4c6c88b67eb50f2430f49924e7ad90ddfea48363bb93b
results/reference/stare_v8/table_1_stare_five_seed_summary.csv,630,623703d5dab9cbc5e75dc24dd14ac4a099e0f2ac8c56065ccc49265eed659058
results/reference/stare_v8/table_2_primary_seed42_metrics.csv,660,a7e0c457d3828705509b876eb7229f2891e02362993c7017e002235aed0e6e19
results/reference/stare_v8/table_3_consensus_metrics.csv,184,bc35ac7591759a5d949024a5fc579bf2949232ea21f077b5068b7e80cff749a4
results/reference/stare_v8/table_4_class_metrics.csv,539,7ac0654a0497ca1b714f216f37640a457a00b551d2e61b723981169439591290
results/reference/stare_v8/table_5_paired_statistics.json,635,5dc76d36033db170160f487984429a76cdfa622f0746e16e59a820e671b02474
results/reference/transformer_comparison/README.md,948,af9f44c9563e5b739fb33675a7f721fb102cce1a1c2176dcf62108bca0ffc84b
scripts/audit_integrity.py,1406,9bb847a3012d689c75103c2751eb72db6bcaaa2dae2f86eaa296a94fd7ee226d
scripts/audit_public_package.py,2457,25c163c2f54b7e91a5452218dfb0b8bd3b956b670f1e3ddc5c6879a6b8f61857
scripts/recompute_metrics_from_predictions.py,1203,720861063e88d91ef62921b9f4283f96de98b19a96bdaf3132f08bc4c9690b2e
scripts/reproduce_hogcnn_primary_metrics.py,685,c9347f32d8c77e67be13205c7cf4d1e59b95bd07851cbb8a39a992e1216a01f7
scripts/reproduce_nested_primary_metrics.py,978,1b7a7392e9b541e47cb4cf229fb5fa59457ae2e4fd8fd95bf8e4f69470be22ee
scripts/reproduce_retfound_primary_metrics.py,711,f0cc52636f57a1f114f1d9ca5f539952f8b129faae7a925133e5ff0b9f75d572
scripts/reproduce_stare_summary.py,372,2974a50621e06efcac29f3847f6d3c2c4cfb9d288121ed157e8fa2b4adbc8b72
src/assisted_roi_crop.py,2465,8b593db9a94adbef290055143216b0a41143de2f5d1e74cbe819338c243eb765
src/handcrafted32.py,1289,53de28c0f507dc30c27139225556d4d1fccec19bd03d48dcd07d3e56b75e8da1
src/preprocessing.py,3585,5ba3e08c528ffda7c05afc34ac2b08aa241094907e25a2004dbc8e88fe94ecb0
src/replay_roi_coordinates.py,1009,403d7cfe7a316f70cfa326b1b397c540000ae6a9587c8f6dca52d3c02123cbfb
src/vit_features.py,1269,b8ae3417e9d36b4e11596018fa8dbd98f3ea4f0a225e46fff6efb1dba5732383
