scenario,display_label,seed,held_out_source,best_inner_macro_f1,C,gamma,class_weight,smote_k_neighbors,pca_mode,requested_pca_components,effective_pca_components,pca_explained_variance
HYBRID_NO_PCA_800D,No PCA (800D),123,ADAM,0.9185118560310814,1.0,0.001,,5,none,,800,
HYBRID_NO_PCA_800D,No PCA (800D),123,FIVES,0.9073859159191644,10.0,0.001,,3,none,,800,
HYBRID_NO_PCA_800D,No PCA (800D),123,ODIR,0.9061986737048661,1.0,0.001,,3,none,,800,
HYBRID_NO_PCA_800D,No PCA (800D),123,RFMID,0.9095539610430888,10.0,0.001,,3,none,,800,
HYBRID_NO_PCA_800D,No PCA (800D),2026,ADAM,0.9166948477826208,1.0,scale,,5,none,,800,
HYBRID_NO_PCA_800D,No PCA (800D),2026,FIVES,0.910622267033004,10.0,0.001,,5,none,,800,
HYBRID_NO_PCA_800D,No PCA (800D),2026,ODIR,0.91292794569045,1.0,0.001,,3,none,,800,
HYBRID_NO_PCA_800D,No PCA (800D),2026,RFMID,0.9176533846061382,10.0,0.001,,5,none,,800,
HYBRID_NO_PCA_800D,No PCA (800D),3407,ADAM,0.9178471794623116,10.0,0.001,,3,none,,800,
HYBRID_NO_PCA_800D,No PCA (800D),3407,FIVES,0.9149788069171544,10.0,0.001,,5,none,,800,
HYBRID_NO_PCA_800D,No PCA (800D),3407,ODIR,0.925321316822977,10.0,0.001,,3,none,,800,
HYBRID_NO_PCA_800D,No PCA (800D),3407,RFMID,0.900953943304104,10.0,0.001,,3,none,,800,
HYBRID_NO_PCA_800D,No PCA (800D),42,ADAM,0.9227589982390013,10.0,0.001,,3,none,,800,
HYBRID_NO_PCA_800D,No PCA (800D),42,FIVES,0.9106177094804045,1.0,0.001,,5,none,,800,
HYBRID_NO_PCA_800D,No PCA (800D),42,ODIR,0.9165189538197094,10.0,0.001,,3,none,,800,
HYBRID_NO_PCA_800D,No PCA (800D),42,RFMID,0.9073325351352941,1.0,scale,,3,none,,800,
HYBRID_NO_PCA_800D,No PCA (800D),7777,ADAM,0.9138662346023718,10.0,0.001,,5,none,,800,
HYBRID_NO_PCA_800D,No PCA (800D),7777,FIVES,0.9065006260289464,10.0,0.001,,3,none,,800,
HYBRID_NO_PCA_800D,No PCA (800D),7777,ODIR,0.9151057898153697,1.0,0.001,,3,none,,800,
HYBRID_NO_PCA_800D,No PCA (800D),7777,RFMID,0.9127738195628957,10.0,0.001,,3,none,,800,
HYBRID_PCA_128D_PROPOSED,PCA-128 (proposed),123,ADAM,0.9205684899836668,10.0,scale,,3,fixed,128.0,128,0.921468198299408
HYBRID_PCA_128D_PROPOSED,PCA-128 (proposed),123,FIVES,0.897936158092791,10.0,0.001,,5,fixed,128.0,128,0.9341111183166504
HYBRID_PCA_128D_PROPOSED,PCA-128 (proposed),123,ODIR,0.9159161437439468,1.0,0.001,,5,fixed,128.0,128,0.9386606216430664
HYBRID_PCA_128D_PROPOSED,PCA-128 (proposed),123,RFMID,0.906019309984648,10.0,scale,,5,fixed,128.0,128,0.9305635094642639
HYBRID_PCA_128D_PROPOSED,PCA-128 (proposed),2026,ADAM,0.9262638071542181,1.0,0.001,,5,fixed,128.0,128,0.9216768145561218
HYBRID_PCA_128D_PROPOSED,PCA-128 (proposed),2026,FIVES,0.913208426412617,10.0,0.001,,3,fixed,128.0,128,0.9347688555717468
HYBRID_PCA_128D_PROPOSED,PCA-128 (proposed),2026,ODIR,0.9147742078223782,1.0,scale,,3,fixed,128.0,128,0.9393284320831299
HYBRID_PCA_128D_PROPOSED,PCA-128 (proposed),2026,RFMID,0.9097814007447225,10.0,0.001,,3,fixed,128.0,128,0.9305444359779358
HYBRID_PCA_128D_PROPOSED,PCA-128 (proposed),3407,ADAM,0.9256656253687352,1.0,0.001,,5,fixed,128.0,128,0.9216972589492798
HYBRID_PCA_128D_PROPOSED,PCA-128 (proposed),3407,FIVES,0.911863727552075,10.0,scale,,5,fixed,128.0,128,0.9334332942962646
HYBRID_PCA_128D_PROPOSED,PCA-128 (proposed),3407,ODIR,0.9408603494681217,1.0,0.001,,3,fixed,128.0,128,0.939422607421875
HYBRID_PCA_128D_PROPOSED,PCA-128 (proposed),3407,RFMID,0.8992941259992208,1.0,0.001,,3,fixed,128.0,128,0.9304913282394409
HYBRID_PCA_128D_PROPOSED,PCA-128 (proposed),42,ADAM,0.9234504282473406,10.0,scale,,3,fixed,128.0,128,0.9215186238288879
HYBRID_PCA_128D_PROPOSED,PCA-128 (proposed),42,FIVES,0.9131377480958582,10.0,0.001,,5,fixed,128.0,128,0.9342671632766724
HYBRID_PCA_128D_PROPOSED,PCA-128 (proposed),42,ODIR,0.9232282701281819,10.0,scale,,5,fixed,128.0,128,0.9388834834098816
HYBRID_PCA_128D_PROPOSED,PCA-128 (proposed),42,RFMID,0.9081559092918727,10.0,0.001,,5,fixed,128.0,128,0.9307312369346619
HYBRID_PCA_128D_PROPOSED,PCA-128 (proposed),7777,ADAM,0.9195696517609906,1.0,0.001,,5,fixed,128.0,128,0.9212366342544556
HYBRID_PCA_128D_PROPOSED,PCA-128 (proposed),7777,FIVES,0.9035718929999558,10.0,0.001,,5,fixed,128.0,128,0.9345517754554749
HYBRID_PCA_128D_PROPOSED,PCA-128 (proposed),7777,ODIR,0.9292965833299301,1.0,0.001,,5,fixed,128.0,128,0.938377320766449
HYBRID_PCA_128D_PROPOSED,PCA-128 (proposed),7777,RFMID,0.9085964923552934,1.0,0.001,,3,fixed,128.0,128,0.9304611086845398
HYBRID_PCA_256D,PCA-256,123,ADAM,0.9230241069004037,10.0,0.001,,5,fixed,256.0,256,0.9834089279174805
HYBRID_PCA_256D,PCA-256,123,FIVES,0.9006991322337833,10.0,0.001,,5,fixed,256.0,256,0.9894773960113525
HYBRID_PCA_256D,PCA-256,123,ODIR,0.9134558709949407,10.0,0.001,,3,fixed,256.0,256,0.9929192066192627
HYBRID_PCA_256D,PCA-256,123,RFMID,0.9073666540073836,10.0,0.001,,3,fixed,256.0,256,0.9869938492774963
HYBRID_PCA_256D,PCA-256,2026,ADAM,0.9204990988662899,1.0,0.001,,5,fixed,256.0,256,0.983163058757782
HYBRID_PCA_256D,PCA-256,2026,FIVES,0.9136261612970683,10.0,scale,,5,fixed,256.0,256,0.9894457459449768
HYBRID_PCA_256D,PCA-256,2026,ODIR,0.9205525430501938,1.0,0.001,,3,fixed,256.0,256,0.9929895997047424
HYBRID_PCA_256D,PCA-256,2026,RFMID,0.9148826809653158,10.0,0.001,,5,fixed,256.0,256,0.9872938394546509
HYBRID_PCA_256D,PCA-256,3407,ADAM,0.920704893088131,1.0,0.001,,3,fixed,256.0,256,0.9828450679779053
HYBRID_PCA_256D,PCA-256,3407,FIVES,0.91253677887,10.0,0.001,,5,fixed,256.0,256,0.9893122911453247
HYBRID_PCA_256D,PCA-256,3407,ODIR,0.9317290798298645,1.0,0.001,,3,fixed,256.0,256,0.9929543733596802
HYBRID_PCA_256D,PCA-256,3407,RFMID,0.9006107528408773,1.0,0.001,,3,fixed,256.0,256,0.9869381785392761
HYBRID_PCA_256D,PCA-256,42,ADAM,0.9289674069686538,10.0,0.001,,3,fixed,256.0,256,0.9831721186637878
HYBRID_PCA_256D,PCA-256,42,FIVES,0.907547334577065,1.0,0.001,,5,fixed,256.0,256,0.9893454313278198
HYBRID_PCA_256D,PCA-256,42,ODIR,0.9241393522333152,1.0,0.001,,3,fixed,256.0,256,0.9930607676506042
HYBRID_PCA_256D,PCA-256,42,RFMID,0.911234898485913,10.0,scale,,3,fixed,256.0,256,0.9871658086776733
HYBRID_PCA_256D,PCA-256,7777,ADAM,0.9184956328518761,1.0,0.001,,3,fixed,256.0,256,0.9829054474830627
HYBRID_PCA_256D,PCA-256,7777,FIVES,0.9096221501283717,10.0,0.001,,3,fixed,256.0,256,0.9895511269569397
HYBRID_PCA_256D,PCA-256,7777,ODIR,0.9197468903468812,1.0,0.001,,3,fixed,256.0,256,0.9929097890853882
HYBRID_PCA_256D,PCA-256,7777,RFMID,0.9097884488798567,10.0,0.001,,3,fixed,256.0,256,0.9869706034660339
HYBRID_PCA_64D,PCA-64,123,ADAM,0.9184001019773947,10.0,0.001,,3,fixed,64.0,64,0.8182768821716309
HYBRID_PCA_64D,PCA-64,123,FIVES,0.8978121002019546,10.0,scale,,3,fixed,64.0,64,0.8303301930427551
HYBRID_PCA_64D,PCA-64,123,ODIR,0.9180966409761483,10.0,0.001,,5,fixed,64.0,64,0.8352673053741455
HYBRID_PCA_64D,PCA-64,123,RFMID,0.9067190605201649,1.0,scale,,5,fixed,64.0,64,0.8300504684448242
HYBRID_PCA_64D,PCA-64,2026,ADAM,0.9240600812762121,1.0,0.001,,5,fixed,64.0,64,0.8192230463027954
HYBRID_PCA_64D,PCA-64,2026,FIVES,0.9130078233951844,10.0,0.001,,3,fixed,64.0,64,0.8322683572769165
HYBRID_PCA_64D,PCA-64,2026,ODIR,0.9176748499933257,10.0,0.001,,3,fixed,64.0,64,0.836489737033844
HYBRID_PCA_64D,PCA-64,2026,RFMID,0.9030228865418641,1.0,0.001,,3,fixed,64.0,64,0.8299606442451477
HYBRID_PCA_64D,PCA-64,3407,ADAM,0.9188201010729391,10.0,0.001,,3,fixed,64.0,64,0.8163734078407288
HYBRID_PCA_64D,PCA-64,3407,FIVES,0.9170610114656865,10.0,scale,,5,fixed,64.0,64,0.8293157815933228
HYBRID_PCA_64D,PCA-64,3407,ODIR,0.9439768103054879,10.0,scale,,5,fixed,64.0,64,0.8346368074417114
HYBRID_PCA_64D,PCA-64,3407,RFMID,0.8962924463461753,10.0,scale,,5,fixed,64.0,64,0.8288438320159912
HYBRID_PCA_64D,PCA-64,42,ADAM,0.927339728220232,1.0,0.001,,3,fixed,64.0,64,0.8177858591079712
HYBRID_PCA_64D,PCA-64,42,FIVES,0.9131189866774958,10.0,0.001,,5,fixed,64.0,64,0.8317155838012695
HYBRID_PCA_64D,PCA-64,42,ODIR,0.922039482593022,1.0,scale,,3,fixed,64.0,64,0.8386476039886475
HYBRID_PCA_64D,PCA-64,42,RFMID,0.9123570020407932,1.0,scale,,3,fixed,64.0,64,0.831184983253479
HYBRID_PCA_64D,PCA-64,7777,ADAM,0.9223247396453997,1.0,0.001,,3,fixed,64.0,64,0.8182710409164429
HYBRID_PCA_64D,PCA-64,7777,FIVES,0.9158164852169192,10.0,0.001,,5,fixed,64.0,64,0.831290602684021
HYBRID_PCA_64D,PCA-64,7777,ODIR,0.9329030750149632,1.0,scale,,5,fixed,64.0,64,0.8348231315612793
HYBRID_PCA_64D,PCA-64,7777,RFMID,0.9066435444018099,1.0,scale,,3,fixed,64.0,64,0.8297494053840637
HYBRID_PCA_95PCT_VARIANCE,PCA-95% variance,123,ADAM,0.9256227663304517,10.0,0.001,,5,variance,0.95,164,0.9503248333930969
HYBRID_PCA_95PCT_VARIANCE,PCA-95% variance,123,FIVES,0.8929644244338917,1.0,scale,,5,variance,0.95,148,0.9504773616790771
HYBRID_PCA_95PCT_VARIANCE,PCA-95% variance,123,ODIR,0.9174194439442693,1.0,0.001,,5,variance,0.95,142,0.9507519006729126
HYBRID_PCA_95PCT_VARIANCE,PCA-95% variance,123,RFMID,0.906019309984648,10.0,scale,,5,variance,0.95,153,0.950411319732666
HYBRID_PCA_95PCT_VARIANCE,PCA-95% variance,2026,ADAM,0.9262638071542181,1.0,0.001,,5,variance,0.95,165,0.9504252076148987
HYBRID_PCA_95PCT_VARIANCE,PCA-95% variance,2026,FIVES,0.9156221818067412,10.0,0.001,,3,variance,0.95,147,0.9502899646759033
HYBRID_PCA_95PCT_VARIANCE,PCA-95% variance,2026,ODIR,0.9169367477871582,1.0,0.001,,3,variance,0.95,141,0.9506150484085083
HYBRID_PCA_95PCT_VARIANCE,PCA-95% variance,2026,RFMID,0.9090080004756241,10.0,0.001,,5,variance,0.95,151,0.950003445148468
HYBRID_PCA_95PCT_VARIANCE,PCA-95% variance,3407,ADAM,0.919732846851923,1.0,0.001,,5,variance,0.95,165,0.9504493474960327
HYBRID_PCA_95PCT_VARIANCE,PCA-95% variance,3407,FIVES,0.9149620816478118,10.0,scale,,3,variance,0.95,148,0.9506427049636841
HYBRID_PCA_95PCT_VARIANCE,PCA-95% variance,3407,ODIR,0.9411895769272317,10.0,0.001,,3,variance,0.95,141,0.9505572319030762
HYBRID_PCA_95PCT_VARIANCE,PCA-95% variance,3407,RFMID,0.8992941259992208,1.0,0.001,,3,variance,0.95,153,0.9501971006393433
HYBRID_PCA_95PCT_VARIANCE,PCA-95% variance,42,ADAM,0.9237553434903364,10.0,0.001,,3,variance,0.95,165,0.9502973556518555
HYBRID_PCA_95PCT_VARIANCE,PCA-95% variance,42,FIVES,0.9101615576196678,10.0,0.001,,5,variance,0.95,148,0.9504263401031494
HYBRID_PCA_95PCT_VARIANCE,PCA-95% variance,42,ODIR,0.9276216616677062,10.0,0.001,,5,variance,0.95,141,0.9503077268600464
HYBRID_PCA_95PCT_VARIANCE,PCA-95% variance,42,RFMID,0.9084422598380112,10.0,scale,,3,variance,0.95,152,0.9504534602165222
HYBRID_PCA_95PCT_VARIANCE,PCA-95% variance,7777,ADAM,0.9184956328518761,1.0,0.001,,3,variance,0.95,166,0.950424313545227
HYBRID_PCA_95PCT_VARIANCE,PCA-95% variance,7777,FIVES,0.9035718929999558,10.0,0.001,,5,variance,0.95,147,0.9500854015350342
HYBRID_PCA_95PCT_VARIANCE,PCA-95% variance,7777,ODIR,0.9295949454232082,1.0,0.001,,3,variance,0.95,141,0.9500911235809326
HYBRID_PCA_95PCT_VARIANCE,PCA-95% variance,7777,RFMID,0.9085964923552934,1.0,0.001,,3,variance,0.95,153,0.9505210518836975
