sample_id,source_dataset,true_label,outer_fold,pred_A_HANDCRAFTED_32D,correct_A_HANDCRAFTED_32D,pred_B_VIT_B16_768D,correct_B_VIT_B16_768D,pred_C_FUSION_800D,correct_C_FUSION_800D,pred_D_VIT_B16_PCA128,correct_D_VIT_B16_PCA128,pred_E_FUSION_PCA128_PROPOSED,correct_E_FUSION_PCA128_PROPOSED
S000001,ADAM,AMD_DRY,4,AMD_DRY,1,AMD_DRY,1,AMD_DRY,1,AMD_DRY,1,AMD_DRY,1
S000002,ADAM,AMD_DRY,1,AMD_DRY,1,AMD_DRY,1,AMD_DRY,1,AMD_DRY,1,AMD_DRY,1
S000003,ADAM,AMD_DRY,1,AMD_DRY,1,AMD_DRY,1,AMD_DRY,1,AMD_DRY,1,AMD_DRY,1
S000004,ADAM,AMD_DRY,5,AMD_DRY,1,AMD_DRY,1,AMD_DRY,1,AMD_DRY,1,AMD_DRY,1
S000005,ADAM,AMD_DRY,2,AMD_DRY,1,NORMAL,0,NORMAL,0,NORMAL,0,NORMAL,0
S000006,ADAM,AMD_DRY,2,AMD_DRY,1,AMD_DRY,1,AMD_DRY,1,AMD_DRY,1,AMD_DRY,1
S000007,ADAM,AMD_DRY,5,AMD_DRY,1,AMD_DRY,1,AMD_DRY,1,AMD_DRY,1,AMD_DRY,1
S000008,ADAM,AMD_DRY,5,AMD_DRY,1,AMD_DRY,1,AMD_DRY,1,AMD_DRY,1,AMD_DRY,1
S000009,ADAM,AMD_DRY,2,AMD_DRY,1,AMD_DRY,1,AMD_DRY,1,AMD_DRY,1,AMD_DRY,1
S000010,ADAM,AMD_DRY,1,AMD_DRY,1,AMD_DRY,1,AMD_DRY,1,AMD_DRY,1,AMD_DRY,1
S000011,ADAM,AMD_DRY,2,AMD_DRY,1,AMD_DRY,1,AMD_DRY,1,AMD_DRY,1,AMD_DRY,1
S000012,ADAM,AMD_DRY,3,AMD_DRY,1,AMD_DRY,1,AMD_DRY,1,AMD_DRY,1,AMD_DRY,1
S000013,ADAM,AMD_DRY,1,AMD_DRY,1,AMD_DRY,1,AMD_DRY,1,AMD_DRY,1,AMD_DRY,1
S000014,ADAM,AMD_DRY,3,NORMAL,0,NORMAL,0,NORMAL,0,NORMAL,0,NORMAL,0
S000015,ADAM,AMD_DRY,4,AMD_DRY,1,AMD_DRY,1,AMD_DRY,1,AMD_DRY,1,AMD_DRY,1
S000016,ADAM,AMD_DRY,3,AMD_DRY,1,AMD_DRY,1,AMD_DRY,1,AMD_DRY,1,AMD_DRY,1
S000017,ADAM,AMD_DRY,5,AMD_WET,0,AMD_DRY,1,AMD_DRY,1,AMD_DRY,1,AMD_DRY,1
S000018,ADAM,AMD_DRY,4,AMD_WET,0,AMD_DRY,1,AMD_DRY,1,AMD_DRY,1,AMD_DRY,1
S000019,ADAM,AMD_DRY,1,AMD_DRY,1,NORMAL,0,AMD_DRY,1,NORMAL,0,AMD_DRY,1
S000020,ADAM,AMD_DRY,3,AMD_DRY,1,AMD_DRY,1,AMD_DRY,1,AMD_DRY,1,AMD_DRY,1
S000021,ADAM,AMD_DRY,4,AMD_DRY,1,AMD_DRY,1,AMD_DRY,1,AMD_DRY,1,AMD_DRY,1
S000022,ADAM,AMD_DRY,5,AMD_DRY,1,AMD_DRY,1,AMD_DRY,1,AMD_DRY,1,AMD_DRY,1
S000023,ADAM,AMD_DRY,4,AMD_WET,0,AMD_DRY,1,AMD_DRY,1,AMD_DRY,1,AMD_DRY,1
S000024,ADAM,AMD_DRY,4,AMD_DRY,1,AMD_DRY,1,AMD_DRY,1,AMD_DRY,1,AMD_DRY,1
S000025,ADAM,AMD_DRY,2,NORMAL,0,AMD_DRY,1,AMD_DRY,1,AMD_DRY,1,AMD_DRY,1
S000026,ADAM,AMD_DRY,1,AMD_DRY,1,AMD_WET,0,AMD_DRY,1,AMD_WET,0,AMD_WET,0
S000027,ADAM,AMD_DRY,2,AMD_DRY,1,AMD_DRY,1,AMD_DRY,1,AMD_DRY,1,AMD_DRY,1
S000028,ADAM,AMD_DRY,3,NORMAL,0,NORMAL,0,NORMAL,0,NORMAL,0,NORMAL,0
S000029,ADAM,AMD_DRY,5,AMD_DRY,1,AMD_DRY,1,AMD_DRY,1,AMD_DRY,1,AMD_DRY,1
S000030,ADAM,AMD_DRY,4,NORMAL,0,NORMAL,0,NORMAL,0,NORMAL,0,NORMAL,0
S000031,ADAM,AMD_DRY,3,NORMAL,0,NORMAL,0,NORMAL,0,NORMAL,0,NORMAL,0
S000032,ADAM,AMD_DRY,1,AMD_DRY,1,AMD_DRY,1,AMD_DRY,1,AMD_DRY,1,AMD_DRY,1
S000033,ADAM,AMD_DRY,2,AMD_DRY,1,AMD_DRY,1,AMD_DRY,1,AMD_DRY,1,AMD_DRY,1
S000034,ADAM,AMD_DRY,3,AMD_DRY,1,AMD_DRY,1,AMD_DRY,1,AMD_DRY,1,AMD_DRY,1
S000035,ADAM,AMD_DRY,5,AMD_DRY,1,AMD_DRY,1,AMD_DRY,1,AMD_DRY,1,AMD_DRY,1
S000036,ADAM,AMD_WET,3,AMD_DRY,0,AMD_DRY,0,AMD_DRY,0,AMD_DRY,0,AMD_DRY,0
S000037,ADAM,AMD_WET,2,AMD_WET,1,AMD_WET,1,AMD_WET,1,AMD_WET,1,AMD_WET,1
S000038,ADAM,AMD_WET,3,AMD_DRY,0,AMD_WET,1,AMD_WET,1,AMD_WET,1,AMD_WET,1
S000039,ADAM,AMD_WET,2,AMD_WET,1,AMD_WET,1,AMD_WET,1,AMD_WET,1,AMD_WET,1
S000040,ADAM,AMD_WET,1,AMD_WET,1,AMD_WET,1,AMD_WET,1,AMD_WET,1,AMD_WET,1
S000041,ADAM,AMD_WET,4,AMD_WET,1,AMD_WET,1,AMD_WET,1,AMD_WET,1,AMD_WET,1
S000042,ADAM,AMD_WET,4,AMD_DRY,0,AMD_WET,1,AMD_WET,1,AMD_WET,1,AMD_WET,1
S000043,ADAM,AMD_WET,4,AMD_WET,1,AMD_WET,1,AMD_WET,1,AMD_WET,1,AMD_WET,1
S000044,ADAM,AMD_WET,2,AMD_DRY,0,AMD_DRY,0,AMD_DRY,0,AMD_DRY,0,AMD_DRY,0
S000045,ADAM,AMD_WET,1,AMD_DRY,0,AMD_WET,1,AMD_WET,1,AMD_WET,1,AMD_WET,1
S000046,ADAM,AMD_WET,5,AMD_WET,1,AMD_WET,1,AMD_WET,1,AMD_WET,1,AMD_WET,1
S000047,ADAM,AMD_WET,1,AMD_DRY,0,AMD_WET,1,AMD_WET,1,AMD_WET,1,AMD_WET,1
S000048,ADAM,AMD_WET,5,AMD_WET,1,AMD_WET,1,AMD_WET,1,AMD_WET,1,AMD_WET,1
S000049,ADAM,AMD_WET,2,NORMAL,0,NORMAL,0,AMD_DRY,0,NORMAL,0,NORMAL,0
S000050,ADAM,AMD_WET,3,AMD_DRY,0,AMD_WET,1,AMD_DRY,0,AMD_WET,1,AMD_DRY,0
S000051,ADAM,AMD_WET,1,AMD_WET,1,AMD_WET,1,AMD_WET,1,AMD_WET,1,AMD_WET,1
S000052,ADAM,AMD_WET,5,AMD_WET,1,AMD_DRY,0,AMD_DRY,0,AMD_DRY,0,AMD_DRY,0
S000053,FIVES,NORMAL,4,NORMAL,1,NORMAL,1,NORMAL,1,NORMAL,1,NORMAL,1
S000054,FIVES,NORMAL,2,NORMAL,1,NORMAL,1,NORMAL,1,NORMAL,1,NORMAL,1
S000055,FIVES,NORMAL,5,NORMAL,1,NORMAL,1,NORMAL,1,NORMAL,1,NORMAL,1
S000056,FIVES,NORMAL,5,NORMAL,1,NORMAL,1,NORMAL,1,NORMAL,1,NORMAL,1
S000057,FIVES,NORMAL,4,NORMAL,1,NORMAL,1,NORMAL,1,NORMAL,1,NORMAL,1
S000058,FIVES,NORMAL,3,NORMAL,1,NORMAL,1,NORMAL,1,NORMAL,1,NORMAL,1
S000059,FIVES,NORMAL,2,NORMAL,1,NORMAL,1,NORMAL,1,NORMAL,1,NORMAL,1
S000060,FIVES,NORMAL,2,NORMAL,1,NORMAL,1,NORMAL,1,NORMAL,1,NORMAL,1
S000061,FIVES,NORMAL,3,NORMAL,1,NORMAL,1,NORMAL,1,NORMAL,1,NORMAL,1
S000062,FIVES,NORMAL,1,NORMAL,1,NORMAL,1,NORMAL,1,NORMAL,1,NORMAL,1
S000063,FIVES,NORMAL,2,NORMAL,1,NORMAL,1,NORMAL,1,NORMAL,1,NORMAL,1
S000064,FIVES,NORMAL,1,NORMAL,1,NORMAL,1,NORMAL,1,NORMAL,1,NORMAL,1
S000065,FIVES,NORMAL,4,NORMAL,1,NORMAL,1,NORMAL,1,NORMAL,1,NORMAL,1
S000066,FIVES,NORMAL,4,NORMAL,1,NORMAL,1,NORMAL,1,NORMAL,1,NORMAL,1
S000067,FIVES,NORMAL,4,NORMAL,1,NORMAL,1,NORMAL,1,NORMAL,1,NORMAL,1
S000068,FIVES,NORMAL,2,NORMAL,1,NORMAL,1,NORMAL,1,NORMAL,1,NORMAL,1
S000069,FIVES,NORMAL,2,NORMAL,1,NORMAL,1,NORMAL,1,NORMAL,1,NORMAL,1
S000070,FIVES,NORMAL,3,NORMAL,1,NORMAL,1,NORMAL,1,NORMAL,1,NORMAL,1
S000071,FIVES,NORMAL,1,AMD_WET,0,NORMAL,1,NORMAL,1,NORMAL,1,NORMAL,1
S000072,FIVES,NORMAL,1,NORMAL,1,NORMAL,1,NORMAL,1,NORMAL,1,NORMAL,1
S000073,FIVES,NORMAL,3,NORMAL,1,NORMAL,1,NORMAL,1,NORMAL,1,NORMAL,1
S000074,FIVES,NORMAL,4,NORMAL,1,NORMAL,1,NORMAL,1,NORMAL,1,NORMAL,1
S000075,FIVES,NORMAL,3,NORMAL,1,NORMAL,1,NORMAL,1,NORMAL,1,NORMAL,1
S000076,FIVES,NORMAL,3,NORMAL,1,NORMAL,1,NORMAL,1,NORMAL,1,NORMAL,1
S000077,FIVES,NORMAL,4,NORMAL,1,NORMAL,1,NORMAL,1,NORMAL,1,NORMAL,1
S000078,FIVES,NORMAL,5,NORMAL,1,NORMAL,1,NORMAL,1,NORMAL,1,NORMAL,1
S000079,FIVES,NORMAL,5,NORMAL,1,NORMAL,1,NORMAL,1,NORMAL,1,NORMAL,1
S000080,FIVES,NORMAL,3,NORMAL,1,NORMAL,1,NORMAL,1,NORMAL,1,NORMAL,1
S000081,FIVES,NORMAL,4,NORMAL,1,NORMAL,1,NORMAL,1,NORMAL,1,NORMAL,1
S000082,FIVES,NORMAL,3,NORMAL,1,NORMAL,1,NORMAL,1,NORMAL,1,NORMAL,1
S000083,FIVES,NORMAL,1,NORMAL,1,NORMAL,1,NORMAL,1,NORMAL,1,NORMAL,1
S000084,FIVES,NORMAL,4,NORMAL,1,NORMAL,1,NORMAL,1,NORMAL,1,NORMAL,1
S000085,FIVES,NORMAL,1,NORMAL,1,NORMAL,1,NORMAL,1,NORMAL,1,NORMAL,1
S000086,FIVES,NORMAL,3,NORMAL,1,NORMAL,1,NORMAL,1,NORMAL,1,NORMAL,1
S000087,FIVES,NORMAL,3,NORMAL,1,NORMAL,1,NORMAL,1,NORMAL,1,NORMAL,1
S000088,FIVES,NORMAL,5,NORMAL,1,NORMAL,1,NORMAL,1,NORMAL,1,NORMAL,1
S000089,FIVES,NORMAL,4,NORMAL,1,NORMAL,1,NORMAL,1,NORMAL,1,NORMAL,1
S000090,FIVES,NORMAL,1,NORMAL,1,NORMAL,1,NORMAL,1,NORMAL,1,NORMAL,1
S000091,FIVES,NORMAL,2,NORMAL,1,NORMAL,1,NORMAL,1,NORMAL,1,NORMAL,1
S000092,FIVES,NORMAL,2,NORMAL,1,NORMAL,1,NORMAL,1,NORMAL,1,NORMAL,1
S000093,FIVES,NORMAL,1,NORMAL,1,NORMAL,1,NORMAL,1,NORMAL,1,NORMAL,1
S000094,FIVES,NORMAL,4,NORMAL,1,NORMAL,1,NORMAL,1,NORMAL,1,NORMAL,1
S000095,FIVES,NORMAL,5,NORMAL,1,NORMAL,1,NORMAL,1,NORMAL,1,NORMAL,1
S000096,FIVES,NORMAL,5,NORMAL,1,NORMAL,1,NORMAL,1,NORMAL,1,NORMAL,1
S000097,FIVES,NORMAL,5,NORMAL,1,NORMAL,1,NORMAL,1,NORMAL,1,NORMAL,1
S000098,FIVES,NORMAL,2,NORMAL,1,NORMAL,1,NORMAL,1,NORMAL,1,NORMAL,1
S000099,FIVES,NORMAL,2,AMD_DRY,0,NORMAL,1,NORMAL,1,NORMAL,1,NORMAL,1
S000100,FIVES,NORMAL,4,NORMAL,1,NORMAL,1,NORMAL,1,NORMAL,1,NORMAL,1
S000101,FIVES,NORMAL,1,NORMAL,1,NORMAL,1,NORMAL,1,NORMAL,1,NORMAL,1
S000102,FIVES,NORMAL,2,NORMAL,1,NORMAL,1,NORMAL,1,NORMAL,1,NORMAL,1
S000103,FIVES,NORMAL,5,NORMAL,1,NORMAL,1,NORMAL,1,NORMAL,1,NORMAL,1
S000104,FIVES,NORMAL,3,NORMAL,1,NORMAL,1,NORMAL,1,NORMAL,1,NORMAL,1
S000105,FIVES,NORMAL,1,NORMAL,1,NORMAL,1,NORMAL,1,NORMAL,1,NORMAL,1
S000106,FIVES,NORMAL,1,NORMAL,1,NORMAL,1,NORMAL,1,NORMAL,1,NORMAL,1
S000107,FIVES,NORMAL,1,NORMAL,1,NORMAL,1,NORMAL,1,NORMAL,1,NORMAL,1
S000108,FIVES,NORMAL,4,NORMAL,1,NORMAL,1,NORMAL,1,NORMAL,1,NORMAL,1
S000109,FIVES,NORMAL,5,NORMAL,1,NORMAL,1,NORMAL,1,NORMAL,1,NORMAL,1
S000110,FIVES,NORMAL,4,NORMAL,1,NORMAL,1,NORMAL,1,NORMAL,1,NORMAL,1
S000111,FIVES,NORMAL,1,NORMAL,1,NORMAL,1,NORMAL,1,NORMAL,1,NORMAL,1
S000112,FIVES,NORMAL,2,NORMAL,1,NORMAL,1,NORMAL,1,NORMAL,1,NORMAL,1
S000113,FIVES,NORMAL,2,NORMAL,1,NORMAL,1,NORMAL,1,NORMAL,1,NORMAL,1
S000114,FIVES,NORMAL,1,NORMAL,1,NORMAL,1,NORMAL,1,NORMAL,1,NORMAL,1
S000115,FIVES,NORMAL,3,NORMAL,1,NORMAL,1,NORMAL,1,NORMAL,1,NORMAL,1
S000116,FIVES,NORMAL,3,NORMAL,1,NORMAL,1,NORMAL,1,AMD_DRY,0,NORMAL,1
S000117,FIVES,NORMAL,5,NORMAL,1,NORMAL,1,NORMAL,1,NORMAL,1,NORMAL,1
S000118,FIVES,NORMAL,5,NORMAL,1,NORMAL,1,NORMAL,1,NORMAL,1,NORMAL,1
S000119,FIVES,NORMAL,5,NORMAL,1,NORMAL,1,NORMAL,1,NORMAL,1,NORMAL,1
S000120,FIVES,NORMAL,4,NORMAL,1,NORMAL,1,NORMAL,1,NORMAL,1,NORMAL,1
S000121,FIVES,NORMAL,2,NORMAL,1,NORMAL,1,NORMAL,1,NORMAL,1,NORMAL,1
S000122,FIVES,NORMAL,4,NORMAL,1,NORMAL,1,NORMAL,1,NORMAL,1,NORMAL,1
S000123,FIVES,NORMAL,1,NORMAL,1,NORMAL,1,NORMAL,1,NORMAL,1,NORMAL,1
S000124,FIVES,NORMAL,1,NORMAL,1,NORMAL,1,NORMAL,1,NORMAL,1,NORMAL,1
S000125,FIVES,NORMAL,5,NORMAL,1,NORMAL,1,NORMAL,1,NORMAL,1,NORMAL,1
S000126,FIVES,NORMAL,1,NORMAL,1,NORMAL,1,NORMAL,1,NORMAL,1,NORMAL,1
S000127,FIVES,NORMAL,3,NORMAL,1,NORMAL,1,NORMAL,1,NORMAL,1,NORMAL,1
S000128,FIVES,NORMAL,5,NORMAL,1,NORMAL,1,NORMAL,1,NORMAL,1,NORMAL,1
S000129,FIVES,NORMAL,3,NORMAL,1,NORMAL,1,NORMAL,1,NORMAL,1,NORMAL,1
S000130,FIVES,NORMAL,5,NORMAL,1,NORMAL,1,NORMAL,1,NORMAL,1,NORMAL,1
S000131,FIVES,NORMAL,4,NORMAL,1,NORMAL,1,NORMAL,1,NORMAL,1,NORMAL,1
S000132,FIVES,NORMAL,3,NORMAL,1,NORMAL,1,NORMAL,1,NORMAL,1,NORMAL,1
S000133,FIVES,NORMAL,5,NORMAL,1,NORMAL,1,NORMAL,1,NORMAL,1,NORMAL,1
S000134,FIVES,NORMAL,2,NORMAL,1,NORMAL,1,NORMAL,1,NORMAL,1,NORMAL,1
S000135,FIVES,NORMAL,4,NORMAL,1,NORMAL,1,NORMAL,1,NORMAL,1,NORMAL,1
S000136,FIVES,NORMAL,1,NORMAL,1,NORMAL,1,NORMAL,1,NORMAL,1,NORMAL,1
S000137,FIVES,NORMAL,2,NORMAL,1,NORMAL,1,NORMAL,1,NORMAL,1,NORMAL,1
S000138,FIVES,NORMAL,2,NORMAL,1,NORMAL,1,NORMAL,1,NORMAL,1,NORMAL,1
S000139,FIVES,NORMAL,3,NORMAL,1,NORMAL,1,NORMAL,1,NORMAL,1,NORMAL,1
S000140,FIVES,NORMAL,3,NORMAL,1,NORMAL,1,NORMAL,1,NORMAL,1,NORMAL,1
S000141,FIVES,NORMAL,5,NORMAL,1,NORMAL,1,NORMAL,1,NORMAL,1,NORMAL,1
S000142,FIVES,NORMAL,1,NORMAL,1,NORMAL,1,NORMAL,1,NORMAL,1,NORMAL,1
S000143,FIVES,NORMAL,1,NORMAL,1,NORMAL,1,NORMAL,1,NORMAL,1,NORMAL,1
S000144,FIVES,NORMAL,3,NORMAL,1,NORMAL,1,NORMAL,1,NORMAL,1,NORMAL,1
S000145,FIVES,NORMAL,5,NORMAL,1,NORMAL,1,NORMAL,1,NORMAL,1,NORMAL,1
S000146,FIVES,NORMAL,4,NORMAL,1,NORMAL,1,NORMAL,1,NORMAL,1,NORMAL,1
S000147,FIVES,NORMAL,2,NORMAL,1,NORMAL,1,NORMAL,1,NORMAL,1,NORMAL,1
S000148,FIVES,NORMAL,3,NORMAL,1,NORMAL,1,NORMAL,1,NORMAL,1,NORMAL,1
S000149,FIVES,NORMAL,4,NORMAL,1,NORMAL,1,NORMAL,1,NORMAL,1,NORMAL,1
S000150,FIVES,NORMAL,2,NORMAL,1,NORMAL,1,NORMAL,1,NORMAL,1,NORMAL,1
S000151,FIVES,NORMAL,5,NORMAL,1,NORMAL,1,NORMAL,1,NORMAL,1,NORMAL,1
S000152,FIVES,AMD_DRY,3,AMD_DRY,1,AMD_WET,0,AMD_WET,0,AMD_WET,0,AMD_WET,0
S000153,FIVES,AMD_DRY,2,AMD_DRY,1,AMD_DRY,1,AMD_DRY,1,AMD_DRY,1,AMD_DRY,1
S000154,FIVES,AMD_DRY,2,AMD_DRY,1,AMD_DRY,1,AMD_DRY,1,AMD_DRY,1,AMD_DRY,1
S000155,FIVES,AMD_DRY,5,AMD_DRY,1,AMD_DRY,1,AMD_DRY,1,AMD_DRY,1,AMD_DRY,1
S000156,FIVES,AMD_DRY,3,AMD_WET,0,AMD_WET,0,AMD_WET,0,AMD_WET,0,AMD_WET,0
S000157,FIVES,AMD_DRY,1,AMD_DRY,1,AMD_DRY,1,AMD_WET,0,AMD_DRY,1,AMD_DRY,1
S000158,FIVES,AMD_DRY,4,AMD_DRY,1,AMD_DRY,1,AMD_DRY,1,AMD_DRY,1,AMD_DRY,1
S000159,FIVES,AMD_DRY,4,AMD_WET,0,AMD_WET,0,AMD_WET,0,AMD_WET,0,AMD_WET,0
S000160,FIVES,AMD_DRY,2,AMD_DRY,1,AMD_WET,0,AMD_WET,0,AMD_WET,0,AMD_WET,0
S000161,FIVES,AMD_DRY,3,AMD_WET,0,AMD_WET,0,AMD_WET,0,AMD_WET,0,AMD_WET,0
S000162,FIVES,AMD_DRY,4,AMD_DRY,1,AMD_DRY,1,AMD_DRY,1,AMD_DRY,1,AMD_DRY,1
S000163,FIVES,AMD_DRY,5,AMD_DRY,1,AMD_DRY,1,AMD_DRY,1,AMD_DRY,1,AMD_DRY,1
S000164,FIVES,AMD_DRY,5,AMD_WET,0,AMD_DRY,1,AMD_DRY,1,AMD_DRY,1,AMD_DRY,1
S000165,FIVES,AMD_DRY,1,AMD_DRY,1,AMD_DRY,1,AMD_DRY,1,AMD_DRY,1,AMD_DRY,1
S000166,FIVES,AMD_DRY,1,AMD_WET,0,AMD_WET,0,AMD_WET,0,AMD_WET,0,AMD_WET,0
S000167,FIVES,AMD_WET,2,AMD_WET,1,AMD_WET,1,AMD_WET,1,AMD_WET,1,AMD_WET,1
S000168,FIVES,AMD_WET,5,AMD_WET,1,AMD_WET,1,AMD_WET,1,AMD_WET,1,AMD_WET,1
S000169,FIVES,AMD_WET,5,AMD_WET,1,AMD_WET,1,AMD_WET,1,AMD_WET,1,AMD_WET,1
S000170,FIVES,AMD_WET,3,AMD_WET,1,AMD_WET,1,AMD_WET,1,AMD_WET,1,AMD_WET,1
S000171,FIVES,AMD_WET,1,AMD_WET,1,AMD_WET,1,AMD_WET,1,AMD_WET,1,AMD_WET,1
S000172,FIVES,AMD_WET,3,AMD_WET,1,AMD_WET,1,AMD_WET,1,AMD_WET,1,AMD_WET,1
S000173,FIVES,AMD_WET,3,AMD_WET,1,AMD_WET,1,AMD_WET,1,AMD_WET,1,AMD_WET,1
S000174,FIVES,AMD_WET,3,AMD_WET,1,AMD_WET,1,AMD_WET,1,AMD_WET,1,AMD_WET,1
S000175,FIVES,AMD_WET,1,AMD_WET,1,AMD_WET,1,AMD_WET,1,AMD_WET,1,AMD_WET,1
S000176,FIVES,AMD_WET,5,AMD_WET,1,AMD_WET,1,AMD_WET,1,AMD_WET,1,AMD_WET,1
S000177,FIVES,AMD_WET,4,AMD_WET,1,AMD_WET,1,AMD_WET,1,AMD_WET,1,AMD_WET,1
S000178,FIVES,AMD_WET,2,AMD_WET,1,AMD_WET,1,AMD_WET,1,AMD_WET,1,AMD_WET,1
S000179,FIVES,AMD_WET,4,AMD_WET,1,AMD_WET,1,AMD_WET,1,AMD_WET,1,AMD_WET,1
S000180,FIVES,AMD_WET,2,AMD_WET,1,AMD_WET,1,AMD_WET,1,AMD_WET,1,AMD_WET,1
S000181,FIVES,AMD_WET,1,AMD_WET,1,AMD_WET,1,AMD_WET,1,AMD_WET,1,AMD_WET,1
S000182,FIVES,AMD_WET,4,AMD_WET,1,AMD_WET,1,AMD_WET,1,AMD_WET,1,AMD_WET,1
S000183,FIVES,AMD_WET,2,AMD_WET,1,AMD_WET,1,AMD_WET,1,AMD_WET,1,AMD_WET,1
S000184,FIVES,AMD_WET,2,AMD_WET,1,AMD_WET,1,AMD_WET,1,AMD_WET,1,AMD_WET,1
S000185,FIVES,AMD_WET,4,AMD_WET,1,AMD_WET,1,AMD_WET,1,AMD_WET,1,AMD_WET,1
S000186,FIVES,AMD_WET,2,AMD_WET,1,AMD_WET,1,AMD_WET,1,AMD_WET,1,AMD_WET,1
S000187,FIVES,AMD_WET,4,AMD_WET,1,AMD_WET,1,AMD_WET,1,AMD_WET,1,AMD_WET,1
S000188,FIVES,AMD_WET,2,AMD_WET,1,AMD_WET,1,AMD_WET,1,AMD_WET,1,AMD_WET,1
S000189,FIVES,AMD_WET,4,AMD_WET,1,AMD_WET,1,AMD_WET,1,AMD_WET,1,AMD_WET,1
S000190,FIVES,AMD_WET,3,AMD_WET,1,AMD_WET,1,AMD_WET,1,AMD_WET,1,AMD_WET,1
S000191,FIVES,AMD_WET,5,AMD_WET,1,AMD_WET,1,AMD_WET,1,AMD_WET,1,AMD_WET,1
S000192,FIVES,AMD_WET,4,NORMAL,0,NORMAL,0,NORMAL,0,NORMAL,0,NORMAL,0
S000193,FIVES,AMD_WET,3,AMD_WET,1,AMD_WET,1,AMD_WET,1,AMD_WET,1,AMD_WET,1
S000194,FIVES,AMD_WET,5,AMD_WET,1,AMD_WET,1,AMD_WET,1,AMD_WET,1,AMD_WET,1
S000195,FIVES,AMD_WET,5,AMD_WET,1,AMD_WET,1,AMD_WET,1,AMD_WET,1,AMD_WET,1
S000196,FIVES,AMD_WET,1,AMD_WET,1,AMD_WET,1,AMD_WET,1,AMD_WET,1,AMD_WET,1
S000197,FIVES,AMD_WET,1,AMD_WET,1,AMD_WET,1,AMD_WET,1,AMD_WET,1,AMD_WET,1
S000198,FIVES,AMD_WET,1,AMD_WET,1,AMD_WET,1,AMD_WET,1,AMD_WET,1,AMD_WET,1
S000199,FIVES,AMD_WET,1,AMD_DRY,0,AMD_WET,1,AMD_WET,1,AMD_WET,1,AMD_WET,1
S000200,FIVES,AMD_WET,3,AMD_DRY,0,AMD_DRY,0,AMD_DRY,0,AMD_DRY,0,AMD_DRY,0
S000201,FIVES,AMD_WET,3,AMD_WET,1,AMD_WET,1,AMD_WET,1,AMD_WET,1,AMD_WET,1
S000202,FIVES,AMD_WET,5,AMD_WET,1,AMD_WET,1,AMD_WET,1,AMD_WET,1,AMD_WET,1
S000203,FIVES,AMD_WET,4,NORMAL,0,AMD_WET,1,AMD_WET,1,AMD_WET,1,AMD_WET,1
S000204,FIVES,AMD_WET,3,AMD_WET,1,AMD_WET,1,AMD_WET,1,AMD_WET,1,AMD_WET,1
S000205,FIVES,AMD_WET,2,AMD_WET,1,AMD_WET,1,AMD_WET,1,AMD_WET,1,AMD_WET,1
S000207,FIVES,AMD_WET,3,AMD_WET,1,AMD_WET,1,AMD_WET,1,AMD_WET,1,AMD_WET,1
S000208,FIVES,AMD_WET,3,AMD_WET,1,AMD_WET,1,AMD_WET,1,AMD_WET,1,AMD_WET,1
S000209,FIVES,AMD_WET,1,AMD_WET,1,AMD_WET,1,AMD_WET,1,AMD_WET,1,AMD_WET,1
S000210,FIVES,AMD_WET,2,AMD_WET,1,AMD_WET,1,AMD_WET,1,AMD_WET,1,AMD_WET,1
S000211,FIVES,AMD_WET,5,AMD_WET,1,AMD_WET,1,AMD_WET,1,AMD_WET,1,AMD_WET,1
S000212,FIVES,AMD_WET,4,AMD_WET,1,AMD_WET,1,AMD_WET,1,AMD_WET,1,AMD_WET,1
S000213,FIVES,AMD_WET,3,NORMAL,0,AMD_WET,1,AMD_WET,1,AMD_WET,1,AMD_WET,1
S000214,FIVES,AMD_WET,1,AMD_WET,1,AMD_WET,1,AMD_WET,1,AMD_WET,1,AMD_WET,1
S000215,FIVES,AMD_WET,5,AMD_WET,1,AMD_WET,1,AMD_WET,1,AMD_WET,1,AMD_WET,1
S000216,FIVES,AMD_WET,3,AMD_WET,1,AMD_WET,1,AMD_WET,1,AMD_WET,1,AMD_WET,1
S000217,FIVES,AMD_WET,5,AMD_WET,1,AMD_WET,1,AMD_WET,1,AMD_WET,1,AMD_WET,1
S000218,FIVES,AMD_WET,4,NORMAL,0,AMD_WET,1,AMD_WET,1,AMD_WET,1,AMD_WET,1
S000220,FIVES,AMD_WET,3,AMD_DRY,0,AMD_WET,1,AMD_WET,1,AMD_WET,1,AMD_WET,1
S000221,FIVES,AMD_WET,1,AMD_WET,1,AMD_WET,1,AMD_WET,1,AMD_WET,1,AMD_WET,1
S000222,FIVES,AMD_WET,2,AMD_WET,1,AMD_WET,1,AMD_WET,1,AMD_WET,1,AMD_WET,1
S000223,FIVES,AMD_WET,1,AMD_WET,1,AMD_WET,1,AMD_WET,1,AMD_WET,1,AMD_WET,1
S000224,FIVES,AMD_WET,4,AMD_WET,1,AMD_WET,1,AMD_WET,1,AMD_WET,1,AMD_WET,1
S000225,FIVES,AMD_WET,4,AMD_WET,1,AMD_WET,1,AMD_WET,1,AMD_WET,1,AMD_WET,1
S000226,FIVES,AMD_WET,2,AMD_WET,1,AMD_WET,1,AMD_WET,1,AMD_WET,1,AMD_WET,1
S000227,FIVES,AMD_WET,4,AMD_WET,1,AMD_WET,1,AMD_WET,1,AMD_WET,1,AMD_WET,1
S000228,FIVES,AMD_WET,1,AMD_WET,1,AMD_WET,1,AMD_WET,1,AMD_WET,1,AMD_WET,1
S000229,FIVES,AMD_WET,5,AMD_WET,1,AMD_WET,1,AMD_WET,1,AMD_WET,1,AMD_WET,1
S000230,FIVES,AMD_WET,2,AMD_WET,1,AMD_WET,1,AMD_WET,1,AMD_WET,1,AMD_WET,1
S000231,FIVES,AMD_WET,1,AMD_DRY,0,AMD_WET,1,AMD_WET,1,AMD_WET,1,AMD_WET,1
S000232,FIVES,AMD_WET,5,AMD_WET,1,AMD_WET,1,AMD_WET,1,AMD_WET,1,AMD_WET,1
S000233,FIVES,AMD_WET,2,NORMAL,0,AMD_WET,1,AMD_WET,1,AMD_WET,1,AMD_WET,1
S000234,FIVES,AMD_WET,4,NORMAL,0,AMD_WET,1,AMD_WET,1,AMD_WET,1,AMD_WET,1
S000235,FIVES,AMD_WET,5,AMD_WET,1,AMD_WET,1,AMD_WET,1,AMD_WET,1,AMD_WET,1
S000236,FIVES,AMD_WET,5,AMD_WET,1,AMD_WET,1,AMD_WET,1,AMD_WET,1,AMD_WET,1
S000238,FIVES,AMD_WET,2,AMD_WET,1,AMD_WET,1,AMD_WET,1,AMD_WET,1,AMD_WET,1
S000239,ODIR,NORMAL,3,NORMAL,1,NORMAL,1,NORMAL,1,NORMAL,1,NORMAL,1
S000240,ODIR,NORMAL,1,NORMAL,1,NORMAL,1,NORMAL,1,NORMAL,1,NORMAL,1
S000241,ODIR,NORMAL,2,NORMAL,1,NORMAL,1,NORMAL,1,NORMAL,1,NORMAL,1
S000242,ODIR,NORMAL,4,NORMAL,1,NORMAL,1,NORMAL,1,NORMAL,1,NORMAL,1
S000243,ODIR,NORMAL,4,NORMAL,1,NORMAL,1,NORMAL,1,NORMAL,1,NORMAL,1
S000244,ODIR,NORMAL,2,NORMAL,1,NORMAL,1,NORMAL,1,NORMAL,1,NORMAL,1
S000245,ODIR,NORMAL,4,NORMAL,1,NORMAL,1,NORMAL,1,NORMAL,1,NORMAL,1
S000246,ODIR,NORMAL,4,NORMAL,1,NORMAL,1,NORMAL,1,NORMAL,1,NORMAL,1
S000247,ODIR,NORMAL,4,NORMAL,1,NORMAL,1,NORMAL,1,NORMAL,1,NORMAL,1
S000248,ODIR,NORMAL,4,NORMAL,1,NORMAL,1,NORMAL,1,NORMAL,1,NORMAL,1
S000249,ODIR,NORMAL,4,NORMAL,1,NORMAL,1,NORMAL,1,NORMAL,1,NORMAL,1
S000250,ODIR,NORMAL,2,NORMAL,1,NORMAL,1,NORMAL,1,NORMAL,1,NORMAL,1
S000251,ODIR,NORMAL,3,NORMAL,1,NORMAL,1,NORMAL,1,NORMAL,1,NORMAL,1
S000252,ODIR,NORMAL,1,NORMAL,1,NORMAL,1,NORMAL,1,NORMAL,1,NORMAL,1
S000253,ODIR,NORMAL,4,NORMAL,1,NORMAL,1,NORMAL,1,NORMAL,1,NORMAL,1
S000254,ODIR,NORMAL,5,NORMAL,1,NORMAL,1,NORMAL,1,NORMAL,1,NORMAL,1
S000255,ODIR,NORMAL,1,NORMAL,1,NORMAL,1,NORMAL,1,NORMAL,1,NORMAL,1
S000256,ODIR,NORMAL,1,NORMAL,1,NORMAL,1,NORMAL,1,NORMAL,1,NORMAL,1
S000257,ODIR,NORMAL,3,NORMAL,1,NORMAL,1,NORMAL,1,NORMAL,1,NORMAL,1
S000258,ODIR,NORMAL,1,NORMAL,1,NORMAL,1,NORMAL,1,NORMAL,1,NORMAL,1
S000259,ODIR,NORMAL,2,NORMAL,1,NORMAL,1,NORMAL,1,NORMAL,1,NORMAL,1
S000260,ODIR,NORMAL,2,NORMAL,1,NORMAL,1,NORMAL,1,NORMAL,1,NORMAL,1
S000261,ODIR,NORMAL,2,NORMAL,1,NORMAL,1,NORMAL,1,NORMAL,1,NORMAL,1
S000262,ODIR,NORMAL,5,NORMAL,1,NORMAL,1,NORMAL,1,NORMAL,1,NORMAL,1
S000263,ODIR,NORMAL,3,NORMAL,1,NORMAL,1,NORMAL,1,NORMAL,1,NORMAL,1
S000264,ODIR,NORMAL,1,NORMAL,1,NORMAL,1,NORMAL,1,NORMAL,1,NORMAL,1
S000265,ODIR,NORMAL,1,NORMAL,1,NORMAL,1,NORMAL,1,NORMAL,1,NORMAL,1
S000266,ODIR,NORMAL,2,NORMAL,1,NORMAL,1,NORMAL,1,NORMAL,1,NORMAL,1
S000267,ODIR,NORMAL,1,NORMAL,1,NORMAL,1,NORMAL,1,NORMAL,1,NORMAL,1
S000268,ODIR,NORMAL,1,NORMAL,1,NORMAL,1,NORMAL,1,NORMAL,1,NORMAL,1
S000269,ODIR,NORMAL,4,NORMAL,1,NORMAL,1,NORMAL,1,NORMAL,1,NORMAL,1
S000270,ODIR,NORMAL,3,NORMAL,1,NORMAL,1,NORMAL,1,NORMAL,1,NORMAL,1
S000271,ODIR,NORMAL,5,NORMAL,1,NORMAL,1,NORMAL,1,NORMAL,1,NORMAL,1
S000272,ODIR,NORMAL,5,NORMAL,1,NORMAL,1,NORMAL,1,NORMAL,1,NORMAL,1
S000273,ODIR,NORMAL,3,NORMAL,1,NORMAL,1,NORMAL,1,NORMAL,1,NORMAL,1
S000274,ODIR,NORMAL,1,NORMAL,1,NORMAL,1,NORMAL,1,NORMAL,1,NORMAL,1
S000275,ODIR,NORMAL,1,NORMAL,1,NORMAL,1,NORMAL,1,NORMAL,1,NORMAL,1
S000276,ODIR,NORMAL,2,NORMAL,1,NORMAL,1,NORMAL,1,NORMAL,1,NORMAL,1
S000277,ODIR,NORMAL,3,NORMAL,1,NORMAL,1,NORMAL,1,NORMAL,1,NORMAL,1
S000278,ODIR,NORMAL,3,NORMAL,1,NORMAL,1,NORMAL,1,NORMAL,1,NORMAL,1
S000279,ODIR,NORMAL,5,NORMAL,1,NORMAL,1,NORMAL,1,NORMAL,1,NORMAL,1
S000280,ODIR,NORMAL,5,NORMAL,1,NORMAL,1,NORMAL,1,NORMAL,1,NORMAL,1
S000281,ODIR,NORMAL,5,NORMAL,1,NORMAL,1,NORMAL,1,NORMAL,1,NORMAL,1
S000282,ODIR,NORMAL,1,NORMAL,1,NORMAL,1,NORMAL,1,NORMAL,1,NORMAL,1
S000283,ODIR,NORMAL,4,NORMAL,1,NORMAL,1,NORMAL,1,NORMAL,1,NORMAL,1
S000284,ODIR,NORMAL,2,NORMAL,1,NORMAL,1,NORMAL,1,NORMAL,1,NORMAL,1
S000285,ODIR,NORMAL,4,NORMAL,1,NORMAL,1,NORMAL,1,NORMAL,1,NORMAL,1
S000286,ODIR,NORMAL,4,NORMAL,1,NORMAL,1,NORMAL,1,NORMAL,1,NORMAL,1
S000287,ODIR,NORMAL,2,NORMAL,1,NORMAL,1,NORMAL,1,NORMAL,1,NORMAL,1
S000288,ODIR,NORMAL,5,NORMAL,1,NORMAL,1,NORMAL,1,NORMAL,1,NORMAL,1
S000289,ODIR,NORMAL,5,NORMAL,1,NORMAL,1,NORMAL,1,NORMAL,1,NORMAL,1
S000290,ODIR,NORMAL,2,NORMAL,1,NORMAL,1,NORMAL,1,NORMAL,1,NORMAL,1
S000291,ODIR,NORMAL,1,NORMAL,1,NORMAL,1,NORMAL,1,NORMAL,1,NORMAL,1
S000292,ODIR,NORMAL,4,NORMAL,1,NORMAL,1,NORMAL,1,NORMAL,1,NORMAL,1
S000293,ODIR,NORMAL,2,NORMAL,1,NORMAL,1,NORMAL,1,NORMAL,1,NORMAL,1
S000294,ODIR,NORMAL,5,NORMAL,1,NORMAL,1,NORMAL,1,NORMAL,1,NORMAL,1
S000295,ODIR,NORMAL,2,NORMAL,1,NORMAL,1,NORMAL,1,NORMAL,1,NORMAL,1
S000296,ODIR,NORMAL,3,NORMAL,1,NORMAL,1,NORMAL,1,NORMAL,1,NORMAL,1
S000297,ODIR,NORMAL,2,NORMAL,1,NORMAL,1,NORMAL,1,NORMAL,1,NORMAL,1
S000298,ODIR,NORMAL,1,NORMAL,1,NORMAL,1,NORMAL,1,NORMAL,1,NORMAL,1
S000299,ODIR,NORMAL,4,NORMAL,1,AMD_DRY,0,AMD_DRY,0,AMD_DRY,0,AMD_DRY,0
S000300,ODIR,NORMAL,2,NORMAL,1,NORMAL,1,NORMAL,1,NORMAL,1,NORMAL,1
S000301,ODIR,NORMAL,3,NORMAL,1,NORMAL,1,NORMAL,1,NORMAL,1,NORMAL,1
S000302,ODIR,NORMAL,4,NORMAL,1,NORMAL,1,NORMAL,1,NORMAL,1,NORMAL,1
S000303,ODIR,NORMAL,5,NORMAL,1,NORMAL,1,NORMAL,1,NORMAL,1,NORMAL,1
S000304,ODIR,NORMAL,5,NORMAL,1,NORMAL,1,NORMAL,1,NORMAL,1,NORMAL,1
S000305,ODIR,NORMAL,5,NORMAL,1,NORMAL,1,NORMAL,1,NORMAL,1,NORMAL,1
S000306,ODIR,NORMAL,3,NORMAL,1,NORMAL,1,NORMAL,1,NORMAL,1,NORMAL,1
S000307,ODIR,NORMAL,1,NORMAL,1,NORMAL,1,NORMAL,1,NORMAL,1,NORMAL,1
S000308,ODIR,NORMAL,3,NORMAL,1,NORMAL,1,NORMAL,1,NORMAL,1,NORMAL,1
S000309,ODIR,NORMAL,4,NORMAL,1,NORMAL,1,NORMAL,1,NORMAL,1,NORMAL,1
S000310,ODIR,NORMAL,2,NORMAL,1,NORMAL,1,NORMAL,1,NORMAL,1,NORMAL,1
S000311,ODIR,NORMAL,5,NORMAL,1,NORMAL,1,NORMAL,1,NORMAL,1,NORMAL,1
S000312,ODIR,NORMAL,5,NORMAL,1,NORMAL,1,NORMAL,1,NORMAL,1,NORMAL,1
S000313,ODIR,NORMAL,5,NORMAL,1,NORMAL,1,NORMAL,1,NORMAL,1,NORMAL,1
S000314,ODIR,NORMAL,4,NORMAL,1,NORMAL,1,NORMAL,1,NORMAL,1,NORMAL,1
S000315,ODIR,NORMAL,5,NORMAL,1,NORMAL,1,NORMAL,1,NORMAL,1,NORMAL,1
S000316,ODIR,NORMAL,4,NORMAL,1,NORMAL,1,NORMAL,1,NORMAL,1,NORMAL,1
S000317,ODIR,NORMAL,1,NORMAL,1,NORMAL,1,NORMAL,1,NORMAL,1,NORMAL,1
S000318,ODIR,NORMAL,1,NORMAL,1,NORMAL,1,NORMAL,1,NORMAL,1,NORMAL,1
S000319,ODIR,NORMAL,3,NORMAL,1,NORMAL,1,NORMAL,1,NORMAL,1,NORMAL,1
S000320,ODIR,NORMAL,5,NORMAL,1,NORMAL,1,NORMAL,1,NORMAL,1,NORMAL,1
S000321,ODIR,NORMAL,1,NORMAL,1,NORMAL,1,NORMAL,1,NORMAL,1,NORMAL,1
S000322,ODIR,NORMAL,2,NORMAL,1,NORMAL,1,NORMAL,1,NORMAL,1,NORMAL,1
S000323,ODIR,NORMAL,4,NORMAL,1,NORMAL,1,NORMAL,1,NORMAL,1,NORMAL,1
S000324,ODIR,NORMAL,3,NORMAL,1,NORMAL,1,NORMAL,1,NORMAL,1,NORMAL,1
S000325,ODIR,NORMAL,3,NORMAL,1,NORMAL,1,NORMAL,1,NORMAL,1,NORMAL,1
S000326,ODIR,NORMAL,1,NORMAL,1,NORMAL,1,NORMAL,1,NORMAL,1,NORMAL,1
S000327,ODIR,NORMAL,1,NORMAL,1,NORMAL,1,NORMAL,1,NORMAL,1,NORMAL,1
S000328,ODIR,NORMAL,3,NORMAL,1,NORMAL,1,NORMAL,1,NORMAL,1,NORMAL,1
S000329,ODIR,NORMAL,1,AMD_DRY,0,NORMAL,1,NORMAL,1,NORMAL,1,NORMAL,1
S000330,ODIR,NORMAL,4,AMD_WET,0,NORMAL,1,NORMAL,1,NORMAL,1,NORMAL,1
S000331,ODIR,NORMAL,3,NORMAL,1,NORMAL,1,NORMAL,1,NORMAL,1,NORMAL,1
S000332,ODIR,NORMAL,5,NORMAL,1,NORMAL,1,NORMAL,1,NORMAL,1,NORMAL,1
S000333,ODIR,NORMAL,1,NORMAL,1,NORMAL,1,NORMAL,1,NORMAL,1,NORMAL,1
S000334,ODIR,NORMAL,3,NORMAL,1,NORMAL,1,NORMAL,1,NORMAL,1,NORMAL,1
S000335,ODIR,NORMAL,5,NORMAL,1,NORMAL,1,NORMAL,1,NORMAL,1,NORMAL,1
S000336,ODIR,NORMAL,4,NORMAL,1,NORMAL,1,NORMAL,1,NORMAL,1,NORMAL,1
S000337,ODIR,NORMAL,4,AMD_WET,0,NORMAL,1,NORMAL,1,NORMAL,1,NORMAL,1
S000338,ODIR,NORMAL,3,NORMAL,1,NORMAL,1,NORMAL,1,NORMAL,1,NORMAL,1
S000339,ODIR,NORMAL,3,NORMAL,1,NORMAL,1,NORMAL,1,NORMAL,1,NORMAL,1
S000340,ODIR,NORMAL,2,NORMAL,1,NORMAL,1,NORMAL,1,NORMAL,1,NORMAL,1
S000341,ODIR,NORMAL,5,NORMAL,1,NORMAL,1,NORMAL,1,NORMAL,1,NORMAL,1
S000342,ODIR,NORMAL,3,NORMAL,1,NORMAL,1,NORMAL,1,NORMAL,1,NORMAL,1
S000343,ODIR,NORMAL,5,NORMAL,1,NORMAL,1,NORMAL,1,NORMAL,1,NORMAL,1
S000344,ODIR,NORMAL,2,NORMAL,1,NORMAL,1,NORMAL,1,NORMAL,1,NORMAL,1
S000345,ODIR,NORMAL,2,NORMAL,1,NORMAL,1,NORMAL,1,NORMAL,1,NORMAL,1
S000346,ODIR,NORMAL,5,NORMAL,1,NORMAL,1,NORMAL,1,NORMAL,1,NORMAL,1
S000347,ODIR,NORMAL,2,NORMAL,1,NORMAL,1,NORMAL,1,NORMAL,1,NORMAL,1
S000348,ODIR,NORMAL,3,NORMAL,1,NORMAL,1,NORMAL,1,NORMAL,1,NORMAL,1
S000349,ODIR,NORMAL,1,NORMAL,1,NORMAL,1,NORMAL,1,NORMAL,1,NORMAL,1
S000350,ODIR,NORMAL,2,NORMAL,1,NORMAL,1,NORMAL,1,NORMAL,1,NORMAL,1
S000351,ODIR,NORMAL,1,NORMAL,1,NORMAL,1,NORMAL,1,NORMAL,1,NORMAL,1
S000352,ODIR,NORMAL,2,NORMAL,1,NORMAL,1,NORMAL,1,NORMAL,1,NORMAL,1
S000353,ODIR,NORMAL,4,AMD_DRY,0,NORMAL,1,NORMAL,1,NORMAL,1,NORMAL,1
S000354,ODIR,NORMAL,3,NORMAL,1,NORMAL,1,NORMAL,1,NORMAL,1,NORMAL,1
S000355,ODIR,NORMAL,5,NORMAL,1,NORMAL,1,NORMAL,1,NORMAL,1,NORMAL,1
S000356,ODIR,NORMAL,1,NORMAL,1,NORMAL,1,NORMAL,1,NORMAL,1,NORMAL,1
S000357,ODIR,NORMAL,3,NORMAL,1,NORMAL,1,NORMAL,1,NORMAL,1,NORMAL,1
S000358,ODIR,NORMAL,5,AMD_WET,0,NORMAL,1,NORMAL,1,NORMAL,1,NORMAL,1
S000359,ODIR,NORMAL,2,NORMAL,1,NORMAL,1,NORMAL,1,NORMAL,1,NORMAL,1
S000360,ODIR,NORMAL,4,NORMAL,1,NORMAL,1,NORMAL,1,NORMAL,1,NORMAL,1
S000361,ODIR,NORMAL,2,NORMAL,1,NORMAL,1,NORMAL,1,NORMAL,1,NORMAL,1
S000362,ODIR,NORMAL,3,NORMAL,1,NORMAL,1,NORMAL,1,NORMAL,1,NORMAL,1
S000363,ODIR,NORMAL,4,NORMAL,1,NORMAL,1,NORMAL,1,NORMAL,1,NORMAL,1
S000364,ODIR,AMD_DRY,4,AMD_DRY,1,AMD_DRY,1,AMD_DRY,1,AMD_DRY,1,AMD_DRY,1
S000365,ODIR,AMD_DRY,4,AMD_DRY,1,AMD_DRY,1,AMD_DRY,1,AMD_DRY,1,AMD_DRY,1
S000366,ODIR,AMD_DRY,2,AMD_DRY,1,AMD_DRY,1,AMD_DRY,1,AMD_DRY,1,AMD_DRY,1
S000367,ODIR,AMD_DRY,3,AMD_WET,0,AMD_WET,0,AMD_WET,0,AMD_WET,0,AMD_DRY,1
S000368,ODIR,AMD_DRY,2,AMD_DRY,1,AMD_DRY,1,AMD_DRY,1,AMD_DRY,1,AMD_DRY,1
S000369,ODIR,AMD_DRY,2,AMD_DRY,1,AMD_DRY,1,AMD_DRY,1,AMD_DRY,1,AMD_DRY,1
S000370,ODIR,AMD_DRY,2,AMD_DRY,1,AMD_DRY,1,AMD_DRY,1,AMD_DRY,1,AMD_DRY,1
S000371,ODIR,AMD_DRY,4,AMD_DRY,1,AMD_DRY,1,AMD_DRY,1,AMD_DRY,1,AMD_DRY,1
S000372,ODIR,AMD_DRY,4,AMD_DRY,1,AMD_DRY,1,AMD_DRY,1,AMD_DRY,1,AMD_DRY,1
S000373,ODIR,AMD_DRY,3,AMD_DRY,1,AMD_DRY,1,AMD_DRY,1,AMD_DRY,1,AMD_DRY,1
S000374,ODIR,AMD_DRY,2,AMD_WET,0,AMD_DRY,1,AMD_DRY,1,AMD_DRY,1,AMD_DRY,1
S000375,ODIR,AMD_DRY,3,AMD_DRY,1,AMD_DRY,1,AMD_DRY,1,AMD_DRY,1,AMD_DRY,1
S000376,ODIR,AMD_DRY,5,AMD_DRY,1,AMD_DRY,1,AMD_DRY,1,AMD_DRY,1,AMD_DRY,1
S000377,ODIR,AMD_DRY,2,AMD_DRY,1,AMD_DRY,1,AMD_DRY,1,AMD_DRY,1,AMD_DRY,1
S000378,ODIR,AMD_DRY,2,AMD_DRY,1,AMD_DRY,1,AMD_DRY,1,AMD_DRY,1,AMD_DRY,1
S000379,ODIR,AMD_DRY,2,AMD_WET,0,AMD_DRY,1,AMD_DRY,1,AMD_DRY,1,AMD_DRY,1
S000380,ODIR,AMD_DRY,2,AMD_DRY,1,AMD_DRY,1,AMD_DRY,1,AMD_DRY,1,AMD_DRY,1
S000381,ODIR,AMD_DRY,3,AMD_DRY,1,AMD_DRY,1,AMD_DRY,1,AMD_DRY,1,AMD_DRY,1
S000382,ODIR,AMD_DRY,1,AMD_DRY,1,AMD_DRY,1,AMD_DRY,1,AMD_DRY,1,AMD_DRY,1
S000383,ODIR,AMD_DRY,2,AMD_DRY,1,AMD_DRY,1,AMD_DRY,1,AMD_DRY,1,AMD_DRY,1
S000384,ODIR,AMD_DRY,5,AMD_DRY,1,AMD_DRY,1,AMD_DRY,1,AMD_DRY,1,AMD_DRY,1
S000385,ODIR,AMD_DRY,5,AMD_DRY,1,AMD_DRY,1,AMD_DRY,1,AMD_DRY,1,AMD_DRY,1
S000386,ODIR,AMD_DRY,5,AMD_DRY,1,AMD_DRY,1,AMD_DRY,1,AMD_DRY,1,AMD_DRY,1
S000387,ODIR,AMD_DRY,1,AMD_DRY,1,AMD_DRY,1,AMD_DRY,1,AMD_DRY,1,AMD_DRY,1
S000388,ODIR,AMD_DRY,1,AMD_DRY,1,AMD_DRY,1,AMD_DRY,1,AMD_DRY,1,AMD_DRY,1
S000389,ODIR,AMD_DRY,3,AMD_DRY,1,AMD_DRY,1,AMD_DRY,1,AMD_DRY,1,AMD_DRY,1
S000390,ODIR,AMD_DRY,2,AMD_DRY,1,AMD_DRY,1,AMD_DRY,1,AMD_DRY,1,AMD_DRY,1
S000391,ODIR,AMD_DRY,4,NORMAL,0,AMD_DRY,1,AMD_DRY,1,AMD_DRY,1,AMD_DRY,1
S000392,ODIR,AMD_DRY,4,AMD_DRY,1,AMD_DRY,1,AMD_DRY,1,AMD_DRY,1,AMD_DRY,1
S000393,ODIR,AMD_DRY,5,AMD_DRY,1,AMD_DRY,1,AMD_DRY,1,AMD_DRY,1,AMD_DRY,1
S000394,ODIR,AMD_DRY,3,AMD_DRY,1,AMD_DRY,1,AMD_DRY,1,AMD_DRY,1,AMD_DRY,1
S000395,ODIR,AMD_DRY,4,AMD_DRY,1,AMD_DRY,1,AMD_DRY,1,AMD_DRY,1,AMD_DRY,1
S000396,ODIR,AMD_DRY,4,AMD_DRY,1,AMD_DRY,1,AMD_DRY,1,AMD_DRY,1,AMD_DRY,1
S000397,ODIR,AMD_DRY,1,AMD_DRY,1,AMD_DRY,1,AMD_DRY,1,AMD_DRY,1,AMD_DRY,1
S000398,ODIR,AMD_DRY,4,AMD_DRY,1,AMD_DRY,1,AMD_DRY,1,AMD_DRY,1,AMD_DRY,1
S000399,ODIR,AMD_DRY,3,AMD_DRY,1,AMD_DRY,1,AMD_DRY,1,AMD_DRY,1,AMD_DRY,1
S000400,ODIR,AMD_DRY,5,AMD_WET,0,AMD_DRY,1,AMD_DRY,1,AMD_DRY,1,AMD_DRY,1
S000401,ODIR,AMD_DRY,5,AMD_DRY,1,AMD_DRY,1,AMD_DRY,1,AMD_DRY,1,AMD_DRY,1
S000402,ODIR,AMD_DRY,2,AMD_DRY,1,AMD_DRY,1,AMD_DRY,1,AMD_DRY,1,AMD_DRY,1
S000403,ODIR,AMD_DRY,5,AMD_DRY,1,AMD_DRY,1,AMD_DRY,1,AMD_DRY,1,AMD_DRY,1
S000404,ODIR,AMD_DRY,4,AMD_DRY,1,AMD_DRY,1,AMD_DRY,1,AMD_DRY,1,AMD_DRY,1
S000405,ODIR,AMD_DRY,1,AMD_DRY,1,AMD_DRY,1,AMD_DRY,1,AMD_DRY,1,AMD_DRY,1
S000406,ODIR,AMD_DRY,4,AMD_DRY,1,AMD_DRY,1,AMD_DRY,1,AMD_DRY,1,AMD_DRY,1
S000407,ODIR,AMD_DRY,4,AMD_WET,0,AMD_WET,0,AMD_WET,0,AMD_WET,0,AMD_WET,0
S000408,ODIR,AMD_DRY,1,AMD_DRY,1,AMD_DRY,1,AMD_DRY,1,AMD_DRY,1,AMD_DRY,1
S000409,ODIR,AMD_DRY,4,AMD_DRY,1,AMD_DRY,1,AMD_DRY,1,AMD_DRY,1,AMD_DRY,1
S000410,ODIR,AMD_DRY,5,AMD_DRY,1,AMD_DRY,1,AMD_DRY,1,AMD_DRY,1,AMD_DRY,1
S000411,ODIR,AMD_DRY,3,AMD_DRY,1,AMD_DRY,1,AMD_DRY,1,AMD_DRY,1,AMD_DRY,1
S000412,ODIR,AMD_DRY,3,AMD_DRY,1,AMD_DRY,1,AMD_DRY,1,AMD_DRY,1,AMD_DRY,1
S000413,ODIR,AMD_DRY,1,AMD_DRY,1,AMD_DRY,1,AMD_DRY,1,AMD_DRY,1,AMD_DRY,1
S000414,ODIR,AMD_DRY,1,AMD_DRY,1,AMD_DRY,1,AMD_DRY,1,AMD_DRY,1,AMD_DRY,1
S000415,ODIR,AMD_DRY,1,AMD_DRY,1,AMD_DRY,1,AMD_DRY,1,AMD_DRY,1,AMD_DRY,1
S000416,ODIR,AMD_DRY,2,NORMAL,0,AMD_DRY,1,AMD_DRY,1,AMD_DRY,1,AMD_DRY,1
S000417,ODIR,AMD_DRY,3,AMD_DRY,1,AMD_DRY,1,AMD_DRY,1,AMD_DRY,1,AMD_DRY,1
S000418,ODIR,AMD_DRY,3,AMD_DRY,1,AMD_WET,0,AMD_WET,0,AMD_WET,0,AMD_WET,0
S000419,ODIR,AMD_DRY,5,AMD_DRY,1,AMD_DRY,1,AMD_DRY,1,AMD_DRY,1,AMD_DRY,1
S000420,ODIR,AMD_DRY,5,AMD_DRY,1,AMD_DRY,1,AMD_DRY,1,AMD_DRY,1,AMD_DRY,1
S000421,ODIR,AMD_DRY,1,AMD_DRY,1,AMD_DRY,1,AMD_DRY,1,AMD_DRY,1,AMD_DRY,1
S000422,ODIR,AMD_DRY,1,AMD_DRY,1,AMD_DRY,1,AMD_DRY,1,AMD_DRY,1,AMD_DRY,1
S000423,ODIR,AMD_DRY,3,AMD_WET,0,AMD_DRY,1,AMD_DRY,1,AMD_DRY,1,AMD_DRY,1
S000424,ODIR,AMD_DRY,4,NORMAL,0,NORMAL,0,NORMAL,0,NORMAL,0,NORMAL,0
S000425,ODIR,AMD_DRY,5,AMD_DRY,1,NORMAL,0,NORMAL,0,NORMAL,0,NORMAL,0
S000426,ODIR,AMD_DRY,3,AMD_DRY,1,AMD_DRY,1,AMD_DRY,1,AMD_DRY,1,AMD_DRY,1
S000427,ODIR,AMD_DRY,5,AMD_DRY,1,AMD_DRY,1,AMD_DRY,1,AMD_DRY,1,AMD_DRY,1
S000428,ODIR,AMD_DRY,4,NORMAL,0,AMD_DRY,1,AMD_DRY,1,AMD_DRY,1,AMD_DRY,1
S000429,ODIR,AMD_DRY,1,AMD_DRY,1,AMD_DRY,1,AMD_DRY,1,AMD_DRY,1,AMD_DRY,1
S000430,ODIR,AMD_DRY,5,AMD_DRY,1,AMD_DRY,1,AMD_DRY,1,AMD_DRY,1,AMD_DRY,1
S000431,ODIR,AMD_DRY,1,AMD_DRY,1,AMD_DRY,1,AMD_DRY,1,AMD_DRY,1,AMD_DRY,1
S000432,ODIR,AMD_DRY,1,AMD_DRY,1,AMD_DRY,1,AMD_DRY,1,AMD_DRY,1,AMD_DRY,1
S000433,ODIR,AMD_DRY,1,AMD_DRY,1,AMD_DRY,1,AMD_DRY,1,AMD_DRY,1,AMD_DRY,1
S000434,ODIR,AMD_DRY,4,AMD_DRY,1,AMD_DRY,1,AMD_DRY,1,AMD_DRY,1,AMD_DRY,1
S000435,ODIR,AMD_DRY,3,AMD_DRY,1,AMD_DRY,1,AMD_DRY,1,AMD_DRY,1,AMD_DRY,1
S000436,ODIR,AMD_DRY,1,AMD_DRY,1,AMD_DRY,1,AMD_DRY,1,AMD_DRY,1,AMD_DRY,1
S000437,ODIR,AMD_DRY,1,AMD_DRY,1,AMD_DRY,1,AMD_DRY,1,AMD_DRY,1,AMD_DRY,1
S000438,ODIR,AMD_DRY,5,AMD_DRY,1,AMD_DRY,1,AMD_DRY,1,AMD_DRY,1,AMD_DRY,1
S000439,ODIR,AMD_DRY,2,AMD_DRY,1,AMD_DRY,1,AMD_DRY,1,AMD_DRY,1,AMD_DRY,1
S000440,ODIR,AMD_DRY,3,NORMAL,0,NORMAL,0,NORMAL,0,NORMAL,0,NORMAL,0
S000441,ODIR,AMD_DRY,2,AMD_DRY,1,AMD_DRY,1,AMD_DRY,1,AMD_DRY,1,AMD_DRY,1
S000442,ODIR,AMD_DRY,3,AMD_DRY,1,AMD_DRY,1,AMD_DRY,1,AMD_DRY,1,AMD_DRY,1
S000443,ODIR,AMD_DRY,5,AMD_WET,0,AMD_DRY,1,AMD_DRY,1,AMD_DRY,1,AMD_DRY,1
S000444,ODIR,AMD_DRY,2,NORMAL,0,NORMAL,0,NORMAL,0,NORMAL,0,NORMAL,0
S000445,ODIR,AMD_WET,4,AMD_WET,1,AMD_DRY,0,AMD_DRY,0,AMD_DRY,0,AMD_DRY,0
S000446,ODIR,AMD_WET,1,AMD_WET,1,AMD_DRY,0,AMD_DRY,0,AMD_DRY,0,AMD_DRY,0
S000447,ODIR,AMD_WET,2,AMD_WET,1,AMD_WET,1,AMD_WET,1,AMD_WET,1,AMD_WET,1
S000448,ODIR,AMD_WET,3,AMD_WET,1,AMD_WET,1,AMD_WET,1,AMD_WET,1,AMD_WET,1
S000449,ODIR,AMD_WET,5,AMD_WET,1,AMD_DRY,0,AMD_WET,1,AMD_DRY,0,AMD_WET,1
S000450,ODIR,AMD_WET,1,AMD_WET,1,AMD_WET,1,AMD_WET,1,AMD_WET,1,AMD_WET,1
S000451,ODIR,AMD_WET,5,AMD_DRY,0,AMD_WET,1,AMD_WET,1,AMD_WET,1,AMD_WET,1
S000452,ODIR,AMD_WET,1,AMD_DRY,0,AMD_WET,1,AMD_WET,1,AMD_WET,1,AMD_WET,1
S000453,ODIR,AMD_WET,3,AMD_DRY,0,AMD_WET,1,AMD_WET,1,AMD_WET,1,AMD_WET,1
S000454,ODIR,AMD_WET,1,AMD_WET,1,AMD_WET,1,AMD_WET,1,AMD_WET,1,AMD_WET,1
S000455,ODIR,AMD_WET,2,AMD_WET,1,AMD_WET,1,AMD_WET,1,AMD_WET,1,AMD_WET,1
S000456,ODIR,AMD_WET,4,AMD_WET,1,AMD_WET,1,AMD_WET,1,AMD_WET,1,AMD_WET,1
S000457,ODIR,AMD_WET,3,AMD_WET,1,AMD_WET,1,AMD_WET,1,AMD_WET,1,AMD_WET,1
S000458,ODIR,AMD_WET,3,AMD_WET,1,AMD_DRY,0,AMD_DRY,0,AMD_DRY,0,AMD_DRY,0
S000459,ODIR,AMD_WET,2,AMD_DRY,0,AMD_WET,1,AMD_WET,1,AMD_WET,1,AMD_WET,1
S000460,ODIR,AMD_WET,2,AMD_DRY,0,AMD_DRY,0,AMD_DRY,0,AMD_DRY,0,AMD_DRY,0
S000461,ODIR,AMD_WET,3,AMD_DRY,0,AMD_WET,1,AMD_WET,1,AMD_WET,1,AMD_WET,1
S000462,ODIR,AMD_WET,5,AMD_WET,1,AMD_WET,1,AMD_WET,1,AMD_WET,1,AMD_WET,1
S000463,ODIR,AMD_WET,4,AMD_WET,1,AMD_WET,1,AMD_WET,1,AMD_WET,1,AMD_WET,1
S000464,ODIR,AMD_WET,3,AMD_DRY,0,AMD_WET,1,AMD_WET,1,AMD_WET,1,AMD_WET,1
S000465,ODIR,AMD_WET,2,AMD_DRY,0,AMD_WET,1,AMD_WET,1,AMD_WET,1,AMD_WET,1
S000466,ODIR,AMD_WET,4,AMD_WET,1,AMD_WET,1,AMD_WET,1,AMD_WET,1,AMD_WET,1
S000467,ODIR,AMD_WET,1,AMD_DRY,0,AMD_DRY,0,AMD_DRY,0,AMD_DRY,0,AMD_DRY,0
S000468,ODIR,AMD_WET,4,AMD_WET,1,AMD_WET,1,AMD_WET,1,AMD_WET,1,AMD_WET,1
S000469,ODIR,AMD_WET,5,AMD_WET,1,AMD_WET,1,AMD_WET,1,AMD_WET,1,AMD_WET,1
S000470,ODIR,AMD_WET,4,AMD_WET,1,AMD_WET,1,AMD_WET,1,AMD_WET,1,AMD_WET,1
S000471,ODIR,AMD_WET,5,AMD_DRY,0,AMD_WET,1,AMD_WET,1,AMD_WET,1,AMD_WET,1
S000472,ODIR,AMD_WET,2,AMD_DRY,0,AMD_DRY,0,AMD_DRY,0,AMD_DRY,0,AMD_DRY,0
S000473,RFMID,NORMAL,3,NORMAL,1,NORMAL,1,NORMAL,1,NORMAL,1,NORMAL,1
S000474,RFMID,NORMAL,5,NORMAL,1,NORMAL,1,NORMAL,1,NORMAL,1,NORMAL,1
S000475,RFMID,NORMAL,5,NORMAL,1,NORMAL,1,NORMAL,1,NORMAL,1,NORMAL,1
S000476,RFMID,NORMAL,4,NORMAL,1,NORMAL,1,NORMAL,1,NORMAL,1,NORMAL,1
S000477,RFMID,NORMAL,1,NORMAL,1,NORMAL,1,NORMAL,1,NORMAL,1,NORMAL,1
S000478,RFMID,NORMAL,2,NORMAL,1,NORMAL,1,NORMAL,1,NORMAL,1,NORMAL,1
S000479,RFMID,NORMAL,5,NORMAL,1,NORMAL,1,NORMAL,1,NORMAL,1,NORMAL,1
S000480,RFMID,NORMAL,1,NORMAL,1,NORMAL,1,NORMAL,1,NORMAL,1,NORMAL,1
S000481,RFMID,NORMAL,2,NORMAL,1,NORMAL,1,NORMAL,1,NORMAL,1,NORMAL,1
S000482,RFMID,NORMAL,3,NORMAL,1,NORMAL,1,NORMAL,1,NORMAL,1,NORMAL,1
S000483,RFMID,NORMAL,5,NORMAL,1,NORMAL,1,NORMAL,1,NORMAL,1,NORMAL,1
S000484,RFMID,NORMAL,1,NORMAL,1,NORMAL,1,NORMAL,1,NORMAL,1,NORMAL,1
S000485,RFMID,NORMAL,1,NORMAL,1,NORMAL,1,NORMAL,1,NORMAL,1,NORMAL,1
S000486,RFMID,NORMAL,4,NORMAL,1,NORMAL,1,NORMAL,1,NORMAL,1,NORMAL,1
S000487,RFMID,NORMAL,5,NORMAL,1,NORMAL,1,NORMAL,1,NORMAL,1,NORMAL,1
S000488,RFMID,NORMAL,4,NORMAL,1,NORMAL,1,NORMAL,1,NORMAL,1,NORMAL,1
S000489,RFMID,NORMAL,5,NORMAL,1,NORMAL,1,NORMAL,1,NORMAL,1,NORMAL,1
S000490,RFMID,NORMAL,2,NORMAL,1,NORMAL,1,NORMAL,1,NORMAL,1,NORMAL,1
S000491,RFMID,NORMAL,1,AMD_WET,0,NORMAL,1,NORMAL,1,NORMAL,1,NORMAL,1
S000492,RFMID,NORMAL,4,NORMAL,1,NORMAL,1,NORMAL,1,NORMAL,1,NORMAL,1
S000493,RFMID,NORMAL,1,NORMAL,1,NORMAL,1,NORMAL,1,NORMAL,1,NORMAL,1
S000494,RFMID,NORMAL,2,NORMAL,1,NORMAL,1,NORMAL,1,NORMAL,1,NORMAL,1
S000495,RFMID,NORMAL,5,NORMAL,1,NORMAL,1,NORMAL,1,NORMAL,1,NORMAL,1
S000496,RFMID,NORMAL,5,NORMAL,1,NORMAL,1,NORMAL,1,NORMAL,1,NORMAL,1
S000497,RFMID,NORMAL,3,NORMAL,1,NORMAL,1,NORMAL,1,NORMAL,1,NORMAL,1
S000498,RFMID,NORMAL,2,NORMAL,1,NORMAL,1,NORMAL,1,NORMAL,1,NORMAL,1
S000499,RFMID,NORMAL,3,NORMAL,1,AMD_WET,0,AMD_WET,0,NORMAL,1,NORMAL,1
S000500,RFMID,NORMAL,3,NORMAL,1,NORMAL,1,NORMAL,1,NORMAL,1,NORMAL,1
S000501,RFMID,NORMAL,4,NORMAL,1,NORMAL,1,NORMAL,1,NORMAL,1,NORMAL,1
S000502,RFMID,NORMAL,2,NORMAL,1,NORMAL,1,NORMAL,1,NORMAL,1,NORMAL,1
S000503,RFMID,NORMAL,5,NORMAL,1,NORMAL,1,NORMAL,1,NORMAL,1,NORMAL,1
S000504,RFMID,NORMAL,1,NORMAL,1,NORMAL,1,NORMAL,1,NORMAL,1,NORMAL,1
S000505,RFMID,NORMAL,3,NORMAL,1,NORMAL,1,NORMAL,1,NORMAL,1,NORMAL,1
S000506,RFMID,NORMAL,1,NORMAL,1,NORMAL,1,NORMAL,1,NORMAL,1,NORMAL,1
S000507,RFMID,NORMAL,1,NORMAL,1,NORMAL,1,NORMAL,1,NORMAL,1,NORMAL,1
S000508,RFMID,NORMAL,2,NORMAL,1,NORMAL,1,NORMAL,1,NORMAL,1,NORMAL,1
S000509,RFMID,NORMAL,2,NORMAL,1,NORMAL,1,NORMAL,1,NORMAL,1,NORMAL,1
S000510,RFMID,NORMAL,2,NORMAL,1,NORMAL,1,NORMAL,1,NORMAL,1,NORMAL,1
S000511,RFMID,NORMAL,4,NORMAL,1,NORMAL,1,NORMAL,1,NORMAL,1,NORMAL,1
S000512,RFMID,NORMAL,3,NORMAL,1,NORMAL,1,NORMAL,1,NORMAL,1,NORMAL,1
S000513,RFMID,NORMAL,5,NORMAL,1,NORMAL,1,NORMAL,1,NORMAL,1,NORMAL,1
S000514,RFMID,NORMAL,3,NORMAL,1,NORMAL,1,NORMAL,1,NORMAL,1,NORMAL,1
S000515,RFMID,NORMAL,1,NORMAL,1,NORMAL,1,NORMAL,1,NORMAL,1,NORMAL,1
S000516,RFMID,NORMAL,2,NORMAL,1,NORMAL,1,NORMAL,1,NORMAL,1,NORMAL,1
S000517,RFMID,NORMAL,2,NORMAL,1,NORMAL,1,NORMAL,1,NORMAL,1,NORMAL,1
S000518,RFMID,NORMAL,2,NORMAL,1,NORMAL,1,NORMAL,1,NORMAL,1,NORMAL,1
S000519,RFMID,NORMAL,5,NORMAL,1,NORMAL,1,NORMAL,1,NORMAL,1,NORMAL,1
S000520,RFMID,NORMAL,4,NORMAL,1,NORMAL,1,NORMAL,1,NORMAL,1,NORMAL,1
S000521,RFMID,NORMAL,3,NORMAL,1,NORMAL,1,NORMAL,1,NORMAL,1,NORMAL,1
S000522,RFMID,NORMAL,1,NORMAL,1,NORMAL,1,NORMAL,1,NORMAL,1,NORMAL,1
S000523,RFMID,NORMAL,2,NORMAL,1,NORMAL,1,NORMAL,1,NORMAL,1,NORMAL,1
S000524,RFMID,NORMAL,3,NORMAL,1,NORMAL,1,NORMAL,1,NORMAL,1,NORMAL,1
S000525,RFMID,NORMAL,5,NORMAL,1,NORMAL,1,NORMAL,1,NORMAL,1,NORMAL,1
S000526,RFMID,NORMAL,5,NORMAL,1,NORMAL,1,NORMAL,1,NORMAL,1,NORMAL,1
S000527,RFMID,NORMAL,1,NORMAL,1,NORMAL,1,NORMAL,1,NORMAL,1,NORMAL,1
S000528,RFMID,NORMAL,4,NORMAL,1,NORMAL,1,NORMAL,1,NORMAL,1,NORMAL,1
S000529,RFMID,NORMAL,1,NORMAL,1,NORMAL,1,NORMAL,1,NORMAL,1,NORMAL,1
S000530,RFMID,NORMAL,3,NORMAL,1,NORMAL,1,NORMAL,1,NORMAL,1,NORMAL,1
S000531,RFMID,NORMAL,4,NORMAL,1,NORMAL,1,NORMAL,1,NORMAL,1,NORMAL,1
S000532,RFMID,NORMAL,4,NORMAL,1,NORMAL,1,NORMAL,1,NORMAL,1,NORMAL,1
S000533,RFMID,NORMAL,4,NORMAL,1,NORMAL,1,NORMAL,1,NORMAL,1,NORMAL,1
S000534,RFMID,NORMAL,3,NORMAL,1,NORMAL,1,NORMAL,1,NORMAL,1,NORMAL,1
S000535,RFMID,NORMAL,4,NORMAL,1,NORMAL,1,NORMAL,1,NORMAL,1,NORMAL,1
S000536,RFMID,AMD_DRY,5,AMD_WET,0,AMD_DRY,1,AMD_DRY,1,AMD_DRY,1,AMD_DRY,1
S000537,RFMID,AMD_DRY,2,AMD_DRY,1,AMD_DRY,1,AMD_DRY,1,AMD_DRY,1,AMD_DRY,1
S000538,RFMID,AMD_DRY,5,AMD_DRY,1,AMD_WET,0,AMD_WET,0,AMD_WET,0,AMD_WET,0
S000539,RFMID,AMD_DRY,4,AMD_DRY,1,AMD_WET,0,AMD_WET,0,AMD_WET,0,AMD_WET,0
S000540,RFMID,AMD_DRY,3,AMD_WET,0,AMD_WET,0,AMD_WET,0,AMD_WET,0,AMD_WET,0
S000541,RFMID,AMD_DRY,3,AMD_WET,0,AMD_WET,0,AMD_WET,0,AMD_DRY,1,AMD_DRY,1
S000542,RFMID,AMD_DRY,1,AMD_WET,0,AMD_WET,0,AMD_WET,0,AMD_WET,0,AMD_WET,0
S000543,RFMID,AMD_DRY,4,AMD_WET,0,AMD_WET,0,AMD_DRY,1,AMD_DRY,1,AMD_DRY,1
S000544,RFMID,AMD_WET,3,AMD_WET,1,AMD_WET,1,AMD_WET,1,AMD_WET,1,AMD_WET,1
S000545,RFMID,AMD_WET,1,AMD_WET,1,AMD_WET,1,AMD_WET,1,AMD_WET,1,AMD_WET,1
S000546,RFMID,AMD_WET,3,AMD_WET,1,AMD_WET,1,AMD_WET,1,AMD_WET,1,AMD_WET,1
S000547,RFMID,AMD_WET,5,AMD_WET,1,AMD_WET,1,AMD_WET,1,AMD_WET,1,AMD_WET,1
S000548,RFMID,AMD_WET,4,AMD_WET,1,AMD_WET,1,AMD_WET,1,AMD_WET,1,AMD_WET,1
S000549,RFMID,AMD_WET,3,AMD_WET,1,AMD_WET,1,AMD_WET,1,AMD_WET,1,AMD_WET,1
S000550,RFMID,AMD_WET,4,AMD_WET,1,AMD_WET,1,AMD_WET,1,AMD_WET,1,AMD_WET,1
S000551,RFMID,AMD_WET,4,AMD_WET,1,AMD_WET,1,AMD_WET,1,AMD_WET,1,AMD_WET,1
S000552,RFMID,AMD_WET,1,NORMAL,0,AMD_WET,1,AMD_WET,1,AMD_WET,1,AMD_WET,1
S000553,RFMID,AMD_WET,1,AMD_DRY,0,AMD_WET,1,AMD_WET,1,AMD_WET,1,AMD_WET,1
S000554,RFMID,AMD_WET,5,AMD_WET,1,AMD_WET,1,AMD_WET,1,AMD_WET,1,AMD_WET,1
S000555,RFMID,AMD_WET,2,AMD_WET,1,AMD_WET,1,AMD_WET,1,AMD_WET,1,AMD_WET,1
S000556,RFMID,AMD_WET,5,AMD_WET,1,AMD_WET,1,AMD_WET,1,AMD_WET,1,AMD_WET,1
S000557,RFMID,AMD_WET,2,AMD_WET,1,AMD_WET,1,AMD_WET,1,AMD_WET,1,AMD_WET,1
S000558,RFMID,AMD_WET,4,AMD_WET,1,AMD_WET,1,AMD_WET,1,AMD_WET,1,AMD_WET,1
S000559,RFMID,AMD_WET,2,AMD_WET,1,AMD_WET,1,AMD_WET,1,AMD_WET,1,AMD_WET,1
S000560,RFMID,AMD_WET,3,AMD_WET,1,AMD_WET,1,AMD_WET,1,AMD_WET,1,AMD_WET,1
S000561,RFMID,AMD_WET,3,AMD_WET,1,AMD_WET,1,AMD_WET,1,AMD_WET,1,AMD_WET,1
S000562,RFMID,AMD_WET,3,AMD_DRY,0,AMD_WET,1,AMD_WET,1,AMD_WET,1,AMD_WET,1
S000563,RFMID,AMD_WET,3,AMD_WET,1,AMD_WET,1,AMD_WET,1,AMD_WET,1,AMD_WET,1
S000564,RFMID,AMD_WET,3,AMD_DRY,0,AMD_DRY,0,AMD_DRY,0,AMD_DRY,0,AMD_DRY,0
S000565,RFMID,AMD_WET,1,AMD_WET,1,AMD_WET,1,AMD_WET,1,AMD_WET,1,AMD_WET,1
S000566,RFMID,AMD_WET,4,AMD_WET,1,AMD_WET,1,AMD_WET,1,AMD_WET,1,AMD_WET,1
S000567,RFMID,AMD_WET,5,AMD_WET,1,AMD_WET,1,AMD_WET,1,AMD_WET,1,AMD_WET,1
S000568,RFMID,AMD_WET,2,NORMAL,0,AMD_WET,1,AMD_WET,1,AMD_WET,1,AMD_WET,1
S000569,RFMID,AMD_WET,3,AMD_WET,1,AMD_WET,1,AMD_WET,1,AMD_WET,1,AMD_WET,1
S000570,RFMID,AMD_WET,5,AMD_WET,1,AMD_WET,1,AMD_WET,1,AMD_WET,1,AMD_WET,1
S000571,RFMID,AMD_WET,2,AMD_WET,1,AMD_WET,1,AMD_WET,1,AMD_WET,1,AMD_WET,1
S000572,RFMID,AMD_WET,2,AMD_WET,1,AMD_WET,1,AMD_WET,1,AMD_WET,1,AMD_WET,1
S000573,RFMID,AMD_WET,2,AMD_WET,1,AMD_WET,1,AMD_WET,1,AMD_WET,1,AMD_WET,1
S000574,RFMID,AMD_WET,5,AMD_WET,1,AMD_WET,1,AMD_WET,1,AMD_WET,1,AMD_WET,1
S000575,RFMID,AMD_WET,4,AMD_WET,1,AMD_WET,1,AMD_WET,1,AMD_WET,1,AMD_WET,1
S000576,RFMID,AMD_WET,1,AMD_WET,1,AMD_WET,1,AMD_WET,1,AMD_WET,1,AMD_WET,1
S000577,RFMID,AMD_WET,5,AMD_WET,1,AMD_WET,1,AMD_WET,1,AMD_WET,1,AMD_WET,1
S000578,RFMID,AMD_WET,1,AMD_WET,1,AMD_WET,1,AMD_WET,1,AMD_WET,1,AMD_WET,1
S000579,RFMID,AMD_WET,4,AMD_WET,1,AMD_WET,1,AMD_WET,1,AMD_WET,1,AMD_WET,1
S000580,RFMID,AMD_WET,1,AMD_WET,1,AMD_WET,1,AMD_WET,1,AMD_WET,1,AMD_WET,1
S000581,RFMID,AMD_WET,5,AMD_WET,1,AMD_WET,1,AMD_WET,1,AMD_WET,1,AMD_WET,1
S000582,RFMID,AMD_WET,4,AMD_WET,1,AMD_WET,1,AMD_WET,1,AMD_WET,1,AMD_WET,1
S000583,RFMID,AMD_WET,1,AMD_WET,1,AMD_WET,1,AMD_WET,1,AMD_WET,1,AMD_WET,1
S000584,RFMID,AMD_WET,1,AMD_WET,1,AMD_WET,1,AMD_WET,1,AMD_WET,1,AMD_WET,1
S000585,RFMID,AMD_WET,5,AMD_WET,1,AMD_WET,1,AMD_WET,1,AMD_WET,1,AMD_WET,1
S000586,RFMID,AMD_WET,2,NORMAL,0,AMD_WET,1,AMD_WET,1,AMD_WET,1,AMD_WET,1
S000587,RFMID,AMD_WET,2,AMD_WET,1,AMD_WET,1,AMD_WET,1,AMD_WET,1,AMD_WET,1
S000588,RFMID,AMD_WET,5,AMD_WET,1,AMD_WET,1,AMD_WET,1,AMD_WET,1,AMD_WET,1
S000589,RFMID,AMD_WET,1,AMD_WET,1,AMD_WET,1,AMD_WET,1,AMD_WET,1,AMD_WET,1
S000590,RFMID,AMD_WET,4,AMD_WET,1,AMD_WET,1,AMD_WET,1,AMD_WET,1,AMD_WET,1
S000591,RFMID,AMD_WET,1,AMD_WET,1,AMD_WET,1,AMD_WET,1,AMD_WET,1,AMD_WET,1
S000592,RFMID,AMD_WET,4,AMD_WET,1,AMD_WET,1,AMD_WET,1,AMD_WET,1,AMD_WET,1
S000593,RFMID,AMD_WET,3,AMD_WET,1,AMD_WET,1,AMD_WET,1,AMD_WET,1,AMD_WET,1
S000594,RFMID,AMD_WET,2,AMD_WET,1,AMD_WET,1,AMD_WET,1,AMD_WET,1,AMD_WET,1
S000595,RFMID,AMD_WET,2,AMD_WET,1,AMD_WET,1,AMD_WET,1,AMD_WET,1,AMD_WET,1
S000596,RFMID,AMD_WET,3,AMD_WET,1,AMD_WET,1,AMD_WET,1,AMD_WET,1,AMD_WET,1
S000597,RFMID,AMD_WET,4,NORMAL,0,AMD_WET,1,AMD_WET,1,AMD_WET,1,AMD_WET,1
