seed,held_out_source,n,accuracy,macro_f1,balanced_accuracy
42,ADAM,52,0.5961538461538461,0.45569150908416756,0.5941176470588235
42,FIVES,183,0.9453551912568307,0.8900553015853795,0.8821256038647342
42,ODIR,234,0.6239316239316239,0.5887890097459662,0.6909100529100529
42,RFMID,125,0.864,0.736231884057971,0.7627865961199293
123,ADAM,52,0.6153846153846154,0.45502645502645506,0.6084033613445379
123,FIVES,183,0.9344262295081968,0.8593029428353406,0.8753915971307276
123,ODIR,234,0.6196581196581197,0.5763766890060077,0.6732110523221634
123,RFMID,125,0.864,0.7584250481275653,0.7982804232804233
2026,ADAM,52,0.5384615384615384,0.433274887979739,0.5512605042016807
2026,FIVES,183,0.9453551912568307,0.883267973856209,0.8821256038647342
2026,ODIR,234,0.6025641025641025,0.5568411386593205,0.6659882422104644
2026,RFMID,125,0.872,0.7558315436876156,0.8035714285714285
3407,ADAM,52,0.5384615384615384,0.433274887979739,0.5512605042016807
3407,FIVES,183,0.9453551912568307,0.8900553015853795,0.8821256038647342
3407,ODIR,234,0.6282051282051282,0.5801432585066149,0.6770958259847148
3407,RFMID,125,0.848,0.7466931216931217,0.7885802469135802
7777,ADAM,52,0.5576923076923077,0.4492063492063492,0.565546218487395
7777,FIVES,183,0.9508196721311475,0.8943090863327461,0.8869565217391303
7777,ODIR,234,0.6068376068376068,0.5623336701815277,0.6701034685479129
7777,RFMID,125,0.864,0.7538493826296827,0.7982804232804233
