method,scope,seed,held_out_source,fit_seconds,prediction_seconds,n_train,n_test
RETFOUND_MAE_CFP_FROZEN_PCA128_SVM,cached_feature_lodo,42,ADAM,0.5777591000005486,0.00943810000171652,542,52
RETFOUND_MAE_CFP_FROZEN_PCA128_SVM,cached_feature_lodo,42,FIVES,0.42534149999846704,0.025591800003894605,411,183
RETFOUND_MAE_CFP_FROZEN_PCA128_SVM,cached_feature_lodo,42,ODIR,0.39394890000403393,0.023005399998510256,360,234
RETFOUND_MAE_CFP_FROZEN_PCA128_SVM,cached_feature_lodo,42,RFMID,0.5438395999954082,0.01683929999853717,469,125
RETFOUND_MAE_CFP_FROZEN_PCA128_SVM,cached_feature_lodo,123,ADAM,0.6143374999955995,0.011089100000390317,542,52
RETFOUND_MAE_CFP_FROZEN_PCA128_SVM,cached_feature_lodo,123,FIVES,0.43911550000484567,0.01762099999905331,411,183
RETFOUND_MAE_CFP_FROZEN_PCA128_SVM,cached_feature_lodo,123,ODIR,0.3415095000018482,0.01963919999980135,360,234
RETFOUND_MAE_CFP_FROZEN_PCA128_SVM,cached_feature_lodo,123,RFMID,0.47854999999981374,0.015602699997543823,469,125
RETFOUND_MAE_CFP_FROZEN_PCA128_SVM,cached_feature_lodo,2026,ADAM,0.5071564000027138,0.00574159999814583,542,52
RETFOUND_MAE_CFP_FROZEN_PCA128_SVM,cached_feature_lodo,2026,FIVES,0.40041090000158874,0.01831310000125086,411,183
RETFOUND_MAE_CFP_FROZEN_PCA128_SVM,cached_feature_lodo,2026,ODIR,0.3396349000031478,0.01830830000108108,360,234
RETFOUND_MAE_CFP_FROZEN_PCA128_SVM,cached_feature_lodo,2026,RFMID,0.44525460000295425,0.016869999999471474,469,125
RETFOUND_MAE_CFP_FROZEN_PCA128_SVM,cached_feature_lodo,3407,ADAM,0.5417904999994789,0.0054755000019213185,542,52
RETFOUND_MAE_CFP_FROZEN_PCA128_SVM,cached_feature_lodo,3407,FIVES,0.41446189999987837,0.01648229999409523,411,183
RETFOUND_MAE_CFP_FROZEN_PCA128_SVM,cached_feature_lodo,3407,ODIR,0.3372811999943224,0.01682989999972051,360,234
RETFOUND_MAE_CFP_FROZEN_PCA128_SVM,cached_feature_lodo,3407,RFMID,0.4336020999980974,0.014488699998764787,469,125
RETFOUND_MAE_CFP_FROZEN_PCA128_SVM,cached_feature_lodo,7777,ADAM,0.46400619999621995,0.0041013000009115785,542,52
RETFOUND_MAE_CFP_FROZEN_PCA128_SVM,cached_feature_lodo,7777,FIVES,0.3940119000035338,0.01659079999808455,411,183
RETFOUND_MAE_CFP_FROZEN_PCA128_SVM,cached_feature_lodo,7777,ODIR,0.35490350000327453,0.018761500003165565,360,234
RETFOUND_MAE_CFP_FROZEN_PCA128_SVM,cached_feature_lodo,7777,RFMID,0.461011100000178,0.012896200001705438,469,125
