method,scope,seed,outer_fold,fit_seconds,prediction_seconds,n_train,n_test
RETFOUND_MAE_CFP_FROZEN_PCA128_SVM,cached_feature_outer_fold,42,1,5.498552599994582,0.009616799994546454,475,119
RETFOUND_MAE_CFP_FROZEN_PCA128_SVM,cached_feature_outer_fold,42,2,0.44339559999934863,0.013013899995712563,475,119
RETFOUND_MAE_CFP_FROZEN_PCA128_SVM,cached_feature_outer_fold,42,3,0.4603671000004397,0.011411000006773975,475,119
RETFOUND_MAE_CFP_FROZEN_PCA128_SVM,cached_feature_outer_fold,42,4,0.5151992000028258,0.012348899996140972,475,119
RETFOUND_MAE_CFP_FROZEN_PCA128_SVM,cached_feature_outer_fold,42,5,0.4889145999986795,0.012070800003129989,476,118
RETFOUND_MAE_CFP_FROZEN_PCA128_SVM,cached_feature_outer_fold,123,1,0.40325180000218097,0.012940399996296037,475,119
RETFOUND_MAE_CFP_FROZEN_PCA128_SVM,cached_feature_outer_fold,123,2,0.47484659999463474,0.012007900004391558,475,119
RETFOUND_MAE_CFP_FROZEN_PCA128_SVM,cached_feature_outer_fold,123,3,0.5062662999989698,0.011125700002594385,475,119
RETFOUND_MAE_CFP_FROZEN_PCA128_SVM,cached_feature_outer_fold,123,4,0.4929402000052505,0.012875700005679391,475,119
RETFOUND_MAE_CFP_FROZEN_PCA128_SVM,cached_feature_outer_fold,123,5,0.523192000000563,0.012098600003810134,476,118
RETFOUND_MAE_CFP_FROZEN_PCA128_SVM,cached_feature_outer_fold,2026,1,0.5185228999980609,0.012055500003043562,475,119
RETFOUND_MAE_CFP_FROZEN_PCA128_SVM,cached_feature_outer_fold,2026,2,0.5293630000014673,0.015173899999354035,475,119
RETFOUND_MAE_CFP_FROZEN_PCA128_SVM,cached_feature_outer_fold,2026,3,0.5825092000013683,0.015210199999273755,475,119
RETFOUND_MAE_CFP_FROZEN_PCA128_SVM,cached_feature_outer_fold,2026,4,0.49177829999825917,0.015579500002786517,475,119
RETFOUND_MAE_CFP_FROZEN_PCA128_SVM,cached_feature_outer_fold,2026,5,0.5558583999954863,0.01416120000067167,476,118
RETFOUND_MAE_CFP_FROZEN_PCA128_SVM,cached_feature_outer_fold,3407,1,0.47222429999965243,0.015009099995950237,475,119
RETFOUND_MAE_CFP_FROZEN_PCA128_SVM,cached_feature_outer_fold,3407,2,0.3954557999968529,0.013485099996614736,475,119
RETFOUND_MAE_CFP_FROZEN_PCA128_SVM,cached_feature_outer_fold,3407,3,0.4830308000018704,0.015019799997389782,475,119
RETFOUND_MAE_CFP_FROZEN_PCA128_SVM,cached_feature_outer_fold,3407,4,0.4328462999983458,0.01172759999462869,475,119
RETFOUND_MAE_CFP_FROZEN_PCA128_SVM,cached_feature_outer_fold,3407,5,0.4647925000026589,0.012179099998320453,476,118
RETFOUND_MAE_CFP_FROZEN_PCA128_SVM,cached_feature_outer_fold,7777,1,0.4026497000013478,0.012858100002631545,475,119
RETFOUND_MAE_CFP_FROZEN_PCA128_SVM,cached_feature_outer_fold,7777,2,0.4656329999997979,0.012463500002922956,475,119
RETFOUND_MAE_CFP_FROZEN_PCA128_SVM,cached_feature_outer_fold,7777,3,0.45237160000397125,0.01339890000235755,475,119
RETFOUND_MAE_CFP_FROZEN_PCA128_SVM,cached_feature_outer_fold,7777,4,0.42692209999950137,0.012116000005335081,475,119
RETFOUND_MAE_CFP_FROZEN_PCA128_SVM,cached_feature_outer_fold,7777,5,0.4460596999997506,0.010768000000098255,476,118
