method,seed,held_out_source,n,accuracy,macro_f1,balanced_accuracy,n_true_classes,true_classes_evaluated,absent_true_classes
HOGCNN_EFFICIENTNETB3_ADAPTED_3CLASS,42,ADAM,52,0.5384615384615384,0.45464852607709755,0.626890756302521,2,AMD_DRY|AMD_WET,NORMAL
HOGCNN_EFFICIENTNETB3_ADAPTED_3CLASS,42,FIVES,183,0.8907103825136612,0.8060966369411902,0.8629190455277412,3,AMD_DRY|AMD_WET|NORMAL,
HOGCNN_EFFICIENTNETB3_ADAPTED_3CLASS,42,ODIR,234,0.7777777777777778,0.7143423530577856,0.7546584362139918,3,AMD_DRY|AMD_WET|NORMAL,
HOGCNN_EFFICIENTNETB3_ADAPTED_3CLASS,42,RFMID,125,0.824,0.6716237568547263,0.6955467372134039,3,AMD_DRY|AMD_WET|NORMAL,
HOGCNN_EFFICIENTNETB3_ADAPTED_3CLASS,123,ADAM,52,0.75,0.5265536723163842,0.7991596638655463,2,AMD_DRY|AMD_WET,NORMAL
HOGCNN_EFFICIENTNETB3_ADAPTED_3CLASS,123,FIVES,183,0.907103825136612,0.8158437218587595,0.8512370077587468,3,AMD_DRY|AMD_WET|NORMAL,
HOGCNN_EFFICIENTNETB3_ADAPTED_3CLASS,123,ODIR,234,0.8376068376068376,0.7867370815494171,0.7903515579071135,3,AMD_DRY|AMD_WET|NORMAL,
HOGCNN_EFFICIENTNETB3_ADAPTED_3CLASS,123,RFMID,125,0.752,0.6353552604134812,0.6790123456790124,3,AMD_DRY|AMD_WET|NORMAL,
HOGCNN_EFFICIENTNETB3_ADAPTED_3CLASS,2026,ADAM,52,0.6346153846153846,0.49654439128123334,0.6680672268907563,2,AMD_DRY|AMD_WET,NORMAL
HOGCNN_EFFICIENTNETB3_ADAPTED_3CLASS,2026,FIVES,183,0.8961748633879781,0.8004447933019362,0.8415751720099546,3,AMD_DRY|AMD_WET|NORMAL,
HOGCNN_EFFICIENTNETB3_ADAPTED_3CLASS,2026,ODIR,234,0.7478632478632479,0.7099363846197151,0.7285573192239859,3,AMD_DRY|AMD_WET|NORMAL,
HOGCNN_EFFICIENTNETB3_ADAPTED_3CLASS,2026,RFMID,125,0.888,0.6989715157090409,0.70326278659612,3,AMD_DRY|AMD_WET|NORMAL,
HOGCNN_EFFICIENTNETB3_ADAPTED_3CLASS,3407,ADAM,52,0.6730769230769231,0.48998098581249083,0.7571428571428571,2,AMD_DRY|AMD_WET,NORMAL
HOGCNN_EFFICIENTNETB3_ADAPTED_3CLASS,3407,FIVES,183,0.8961748633879781,0.7770386762228755,0.7908651734738692,3,AMD_DRY|AMD_WET|NORMAL,
HOGCNN_EFFICIENTNETB3_ADAPTED_3CLASS,3407,ODIR,234,0.8846153846153846,0.8210653604605157,0.8216801881246326,3,AMD_DRY|AMD_WET|NORMAL,
HOGCNN_EFFICIENTNETB3_ADAPTED_3CLASS,3407,RFMID,125,0.872,0.7283872775676054,0.7627865961199295,3,AMD_DRY|AMD_WET|NORMAL,
HOGCNN_EFFICIENTNETB3_ADAPTED_3CLASS,7777,ADAM,52,0.6538461538461539,0.48213730972351665,0.6974789915966386,2,AMD_DRY|AMD_WET,NORMAL
HOGCNN_EFFICIENTNETB3_ADAPTED_3CLASS,7777,FIVES,183,0.907103825136612,0.7922339051835454,0.8005270092226614,3,AMD_DRY|AMD_WET|NORMAL,
HOGCNN_EFFICIENTNETB3_ADAPTED_3CLASS,7777,ODIR,234,0.8846153846153846,0.8291912512236964,0.8352639623750734,3,AMD_DRY|AMD_WET|NORMAL,
HOGCNN_EFFICIENTNETB3_ADAPTED_3CLASS,7777,RFMID,125,0.832,0.6746790543581987,0.6973104056437389,3,AMD_DRY|AMD_WET|NORMAL,
