method,sample_id,source_dataset,true_label,predicted_label,correct,max_vote_count,tie_resolved_by_mean_probability,mean_prob_AMD_DRY,mean_prob_AMD_WET,mean_prob_NORMAL,held_out_source
HOGCNN_EFFICIENTNETB3_ADAPTED_3CLASS,S000001,ADAM,AMD_DRY,AMD_WET,0,2,True,0.2644889891147614,0.41997178792953493,0.31553921168670057,ADAM
HOGCNN_EFFICIENTNETB3_ADAPTED_3CLASS,S000002,ADAM,AMD_DRY,NORMAL,0,5,False,4.7775098168834075e-06,3.987116384725209e-07,0.9999948501586914,ADAM
HOGCNN_EFFICIENTNETB3_ADAPTED_3CLASS,S000003,ADAM,AMD_DRY,AMD_DRY,1,3,False,0.6719050666317343,7.192590719569125e-05,0.32802299277391284,ADAM
HOGCNN_EFFICIENTNETB3_ADAPTED_3CLASS,S000004,ADAM,AMD_DRY,AMD_DRY,1,4,False,0.7768230875954032,4.183039711733727e-05,0.22313505472320685,ADAM
HOGCNN_EFFICIENTNETB3_ADAPTED_3CLASS,S000005,ADAM,AMD_DRY,NORMAL,0,4,False,0.3323606594465673,0.000665207373094745,0.6669741163030267,ADAM
HOGCNN_EFFICIENTNETB3_ADAPTED_3CLASS,S000006,ADAM,AMD_DRY,AMD_DRY,1,4,False,0.8455070912837982,0.1539924722386104,0.0005004463855129871,ADAM
HOGCNN_EFFICIENTNETB3_ADAPTED_3CLASS,S000007,ADAM,AMD_DRY,AMD_DRY,1,4,False,0.7985506772994995,0.20070060783664304,0.0007487478186590125,ADAM
HOGCNN_EFFICIENTNETB3_ADAPTED_3CLASS,S000008,ADAM,AMD_DRY,AMD_WET,0,5,False,0.043850144278258084,0.8618932247161866,0.094256612774916,ADAM
HOGCNN_EFFICIENTNETB3_ADAPTED_3CLASS,S000009,ADAM,AMD_DRY,AMD_DRY,1,5,False,0.9828306794166565,0.010149854157953086,0.007019437445228505,ADAM
HOGCNN_EFFICIENTNETB3_ADAPTED_3CLASS,S000010,ADAM,AMD_DRY,AMD_WET,0,3,False,0.0631738256663084,0.6545057207345962,0.2823204194195569,ADAM
HOGCNN_EFFICIENTNETB3_ADAPTED_3CLASS,S000011,ADAM,AMD_DRY,AMD_DRY,1,5,False,0.9726532936096192,0.024337924990959436,0.0030087567260551396,ADAM
HOGCNN_EFFICIENTNETB3_ADAPTED_3CLASS,S000012,ADAM,AMD_DRY,AMD_DRY,1,5,False,0.9981442809104919,0.0011954734536971045,0.0006602735719894781,ADAM
HOGCNN_EFFICIENTNETB3_ADAPTED_3CLASS,S000013,ADAM,AMD_DRY,AMD_DRY,1,5,False,0.9255013585090637,0.06924682865501382,0.00525183030313201,ADAM
HOGCNN_EFFICIENTNETB3_ADAPTED_3CLASS,S000014,ADAM,AMD_DRY,AMD_DRY,1,5,False,0.9794493317604065,0.00854030795599101,0.012010323693903046,ADAM
HOGCNN_EFFICIENTNETB3_ADAPTED_3CLASS,S000015,ADAM,AMD_DRY,AMD_DRY,1,5,False,0.999722421169281,0.0002546957848320153,2.289390805194774e-05,ADAM
HOGCNN_EFFICIENTNETB3_ADAPTED_3CLASS,S000016,ADAM,AMD_DRY,AMD_WET,0,3,False,0.07341922298073769,0.596315598487854,0.3302651890553534,ADAM
HOGCNN_EFFICIENTNETB3_ADAPTED_3CLASS,S000017,ADAM,AMD_DRY,AMD_DRY,1,5,False,0.9963154911994934,0.0030689912758930403,0.000615506140712796,ADAM
HOGCNN_EFFICIENTNETB3_ADAPTED_3CLASS,S000018,ADAM,AMD_DRY,AMD_DRY,1,4,False,0.6909960493445396,0.029743195101764285,0.27926073023409115,ADAM
HOGCNN_EFFICIENTNETB3_ADAPTED_3CLASS,S000019,ADAM,AMD_DRY,NORMAL,0,5,False,0.002382275884156115,0.0012393581098876893,0.9963783383369446,ADAM
HOGCNN_EFFICIENTNETB3_ADAPTED_3CLASS,S000020,ADAM,AMD_DRY,AMD_WET,0,3,False,0.09305977849289775,0.4282673348672688,0.4786728983744979,ADAM
HOGCNN_EFFICIENTNETB3_ADAPTED_3CLASS,S000021,ADAM,AMD_DRY,AMD_DRY,1,4,False,0.8219291895627976,0.0003652893385151401,0.1777055158148869,ADAM
HOGCNN_EFFICIENTNETB3_ADAPTED_3CLASS,S000022,ADAM,AMD_DRY,NORMAL,0,4,False,0.21207742094993592,0.03774614091962576,0.7501764476299286,ADAM
HOGCNN_EFFICIENTNETB3_ADAPTED_3CLASS,S000023,ADAM,AMD_DRY,AMD_DRY,1,3,False,0.6343989908695221,0.3619762790222012,0.0036247848000130036,ADAM
HOGCNN_EFFICIENTNETB3_ADAPTED_3CLASS,S000024,ADAM,AMD_DRY,AMD_DRY,1,5,False,0.9824073553085327,0.0018889233224399504,0.01570370760266542,ADAM
HOGCNN_EFFICIENTNETB3_ADAPTED_3CLASS,S000025,ADAM,AMD_DRY,AMD_WET,0,4,False,0.031226966343820096,0.7691923305392265,0.1995807115919888,ADAM
HOGCNN_EFFICIENTNETB3_ADAPTED_3CLASS,S000026,ADAM,AMD_DRY,AMD_DRY,1,5,False,0.9995039701461792,0.0003528033061286351,0.0001432084482143381,ADAM
HOGCNN_EFFICIENTNETB3_ADAPTED_3CLASS,S000027,ADAM,AMD_DRY,AMD_DRY,1,4,False,0.7872802257537842,0.0005159936144991661,0.21220377028548681,ADAM
HOGCNN_EFFICIENTNETB3_ADAPTED_3CLASS,S000028,ADAM,AMD_DRY,AMD_DRY,1,4,False,0.777717761695385,0.00034897918667411434,0.22193323738174514,ADAM
HOGCNN_EFFICIENTNETB3_ADAPTED_3CLASS,S000029,ADAM,AMD_DRY,NORMAL,0,3,False,0.43829737907508387,0.00010486584146747191,0.5615977481007576,ADAM
HOGCNN_EFFICIENTNETB3_ADAPTED_3CLASS,S000030,ADAM,AMD_DRY,NORMAL,0,5,False,4.898363546308043e-06,4.838212516932068e-07,0.9999946355819702,ADAM
HOGCNN_EFFICIENTNETB3_ADAPTED_3CLASS,S000031,ADAM,AMD_DRY,NORMAL,0,5,False,0.00014695924613548073,2.081546322099115e-05,0.9998322367668152,ADAM
HOGCNN_EFFICIENTNETB3_ADAPTED_3CLASS,S000032,ADAM,AMD_DRY,AMD_DRY,1,5,False,0.998318886756897,0.0004616910138167896,0.0012194187200520901,ADAM
HOGCNN_EFFICIENTNETB3_ADAPTED_3CLASS,S000033,ADAM,AMD_DRY,AMD_DRY,1,5,False,0.9994235396385193,4.560069847547865e-05,0.0005308457824436452,ADAM
HOGCNN_EFFICIENTNETB3_ADAPTED_3CLASS,S000034,ADAM,AMD_DRY,NORMAL,0,5,False,0.03611377608031034,0.1664514759555459,0.7974347472190857,ADAM
HOGCNN_EFFICIENTNETB3_ADAPTED_3CLASS,S000035,ADAM,AMD_DRY,AMD_WET,0,5,False,0.10789953209459782,0.7961948871612549,0.09590554870665073,ADAM
HOGCNN_EFFICIENTNETB3_ADAPTED_3CLASS,S000036,ADAM,AMD_WET,AMD_WET,1,3,False,0.04612337732687592,0.6062567442655563,0.34761989004036875,ADAM
HOGCNN_EFFICIENTNETB3_ADAPTED_3CLASS,S000037,ADAM,AMD_WET,AMD_DRY,0,3,False,0.4527438670396805,0.5358899280428886,0.011366207276296336,ADAM
HOGCNN_EFFICIENTNETB3_ADAPTED_3CLASS,S000038,ADAM,AMD_WET,AMD_WET,1,5,False,0.0011984813507297076,0.9987472653388977,5.4267792661732984e-05,ADAM
HOGCNN_EFFICIENTNETB3_ADAPTED_3CLASS,S000039,ADAM,AMD_WET,AMD_WET,1,5,False,0.003392065642401576,0.9964223504066467,0.0001855373802413851,ADAM
HOGCNN_EFFICIENTNETB3_ADAPTED_3CLASS,S000040,ADAM,AMD_WET,AMD_WET,1,5,False,0.0019826802439510518,0.997943913936615,7.339638505658997e-05,ADAM
HOGCNN_EFFICIENTNETB3_ADAPTED_3CLASS,S000041,ADAM,AMD_WET,AMD_WET,1,5,False,2.8398788839645306e-05,0.9999698877334595,1.7249565659405165e-06,ADAM
HOGCNN_EFFICIENTNETB3_ADAPTED_3CLASS,S000042,ADAM,AMD_WET,AMD_WET,1,5,False,0.035122517306535886,0.9150349736213684,0.04984251732876146,ADAM
HOGCNN_EFFICIENTNETB3_ADAPTED_3CLASS,S000043,ADAM,AMD_WET,AMD_WET,1,5,False,0.00018049171455629675,0.9998087286949158,1.0780846769620212e-05,ADAM
HOGCNN_EFFICIENTNETB3_ADAPTED_3CLASS,S000044,ADAM,AMD_WET,AMD_DRY,0,3,False,0.5727180942893029,0.42227638587046384,0.005005529726258828,ADAM
HOGCNN_EFFICIENTNETB3_ADAPTED_3CLASS,S000045,ADAM,AMD_WET,AMD_WET,1,5,False,0.14149467330425977,0.8552371859550476,0.003268154914258048,ADAM
HOGCNN_EFFICIENTNETB3_ADAPTED_3CLASS,S000046,ADAM,AMD_WET,AMD_WET,1,4,False,0.2163911174982786,0.7828905582427979,0.0007183518086094409,ADAM
HOGCNN_EFFICIENTNETB3_ADAPTED_3CLASS,S000047,ADAM,AMD_WET,AMD_WET,1,5,False,0.00031967452927617046,0.9996742486953736,6.074640894151995e-06,ADAM
HOGCNN_EFFICIENTNETB3_ADAPTED_3CLASS,S000048,ADAM,AMD_WET,AMD_WET,1,5,False,0.0022020894953584504,0.997745132446289,5.2788168361050934e-05,ADAM
HOGCNN_EFFICIENTNETB3_ADAPTED_3CLASS,S000049,ADAM,AMD_WET,AMD_WET,1,4,False,0.006082621379755437,0.7981918200850486,0.19572553844191135,ADAM
HOGCNN_EFFICIENTNETB3_ADAPTED_3CLASS,S000050,ADAM,AMD_WET,AMD_WET,1,5,False,0.001075832593778614,0.9989112734794616,1.2887457877397424e-05,ADAM
HOGCNN_EFFICIENTNETB3_ADAPTED_3CLASS,S000051,ADAM,AMD_WET,AMD_WET,1,5,False,1.5348656146298156e-05,0.9999809741973877,3.6762319005474892e-06,ADAM
HOGCNN_EFFICIENTNETB3_ADAPTED_3CLASS,S000052,ADAM,AMD_WET,AMD_WET,1,5,False,0.0002235631372826674,0.9997554302215577,2.1022381530499955e-05,ADAM
HOGCNN_EFFICIENTNETB3_ADAPTED_3CLASS,S000053,FIVES,NORMAL,NORMAL,1,5,False,0.0019020487682006148,3.851594737536157e-07,0.998097586631775,FIVES
HOGCNN_EFFICIENTNETB3_ADAPTED_3CLASS,S000054,FIVES,NORMAL,NORMAL,1,5,False,0.13812239916296676,0.0006725610589455755,0.8612050414085388,FIVES
HOGCNN_EFFICIENTNETB3_ADAPTED_3CLASS,S000055,FIVES,NORMAL,NORMAL,1,5,False,0.031577464257497925,0.0005928766665874718,0.9678296685218811,FIVES
HOGCNN_EFFICIENTNETB3_ADAPTED_3CLASS,S000056,FIVES,NORMAL,NORMAL,1,5,False,0.03295035737464787,6.064412820592224e-05,0.9669889569282532,FIVES
HOGCNN_EFFICIENTNETB3_ADAPTED_3CLASS,S000057,FIVES,NORMAL,NORMAL,1,4,False,0.2165562296897406,0.00013599048719470375,0.7833077918738127,FIVES
HOGCNN_EFFICIENTNETB3_ADAPTED_3CLASS,S000058,FIVES,NORMAL,NORMAL,1,5,False,0.001070073392536841,8.103259614422598e-07,0.9989291071891785,FIVES
HOGCNN_EFFICIENTNETB3_ADAPTED_3CLASS,S000059,FIVES,NORMAL,NORMAL,1,5,False,0.005842568505829604,4.213069245828649e-06,0.9941532254219055,FIVES
HOGCNN_EFFICIENTNETB3_ADAPTED_3CLASS,S000060,FIVES,NORMAL,NORMAL,1,5,False,0.007687325678307389,1.187465085266126e-05,0.9923008203506469,FIVES
HOGCNN_EFFICIENTNETB3_ADAPTED_3CLASS,S000061,FIVES,NORMAL,NORMAL,1,5,False,0.005397201995481282,8.634439447341435e-06,0.994594132900238,FIVES
HOGCNN_EFFICIENTNETB3_ADAPTED_3CLASS,S000062,FIVES,NORMAL,NORMAL,1,5,False,0.006958229810368266,1.1695255202326393e-05,0.9930300951004029,FIVES
HOGCNN_EFFICIENTNETB3_ADAPTED_3CLASS,S000063,FIVES,NORMAL,NORMAL,1,5,False,0.023327093073203287,0.0005559355518926168,0.976116955280304,FIVES
HOGCNN_EFFICIENTNETB3_ADAPTED_3CLASS,S000064,FIVES,NORMAL,NORMAL,1,5,False,0.09594383756630123,0.009871797054074705,0.8941843986511231,FIVES
HOGCNN_EFFICIENTNETB3_ADAPTED_3CLASS,S000065,FIVES,NORMAL,NORMAL,1,5,False,0.03438731316564372,6.002221706324917e-05,0.9655526638031006,FIVES
HOGCNN_EFFICIENTNETB3_ADAPTED_3CLASS,S000066,FIVES,NORMAL,NORMAL,1,5,False,0.00954488906544384,1.38223929642578e-05,0.9904412865638733,FIVES
HOGCNN_EFFICIENTNETB3_ADAPTED_3CLASS,S000067,FIVES,NORMAL,NORMAL,1,5,False,0.006660126756833052,1.889130452141785e-05,0.9933210015296936,FIVES
HOGCNN_EFFICIENTNETB3_ADAPTED_3CLASS,S000068,FIVES,NORMAL,NORMAL,1,5,False,0.09937994033971335,0.0002805130849765192,0.9003395318984986,FIVES
HOGCNN_EFFICIENTNETB3_ADAPTED_3CLASS,S000069,FIVES,NORMAL,NORMAL,1,5,False,0.0012282122527661698,6.834887957218871e-07,0.9987710952758789,FIVES
HOGCNN_EFFICIENTNETB3_ADAPTED_3CLASS,S000070,FIVES,NORMAL,NORMAL,1,5,False,0.020084632602811327,1.5431289965306406e-05,0.9798999547958374,FIVES
HOGCNN_EFFICIENTNETB3_ADAPTED_3CLASS,S000071,FIVES,NORMAL,NORMAL,1,5,False,0.05505879101910978,0.00046675746029904984,0.9444744348526001,FIVES
HOGCNN_EFFICIENTNETB3_ADAPTED_3CLASS,S000072,FIVES,NORMAL,NORMAL,1,5,False,0.03067030549100309,0.0010061141967526055,0.968323576450348,FIVES
HOGCNN_EFFICIENTNETB3_ADAPTED_3CLASS,S000073,FIVES,NORMAL,NORMAL,1,5,False,0.03293193657682423,7.894192868320715e-05,0.9669891238212586,FIVES
HOGCNN_EFFICIENTNETB3_ADAPTED_3CLASS,S000074,FIVES,NORMAL,NORMAL,1,5,False,0.02584199821940274,5.062145105227955e-06,0.974152946472168,FIVES
HOGCNN_EFFICIENTNETB3_ADAPTED_3CLASS,S000075,FIVES,NORMAL,NORMAL,1,5,False,0.0025545778465982496,1.3211632916565463e-06,0.9974440813064576,FIVES
HOGCNN_EFFICIENTNETB3_ADAPTED_3CLASS,S000076,FIVES,NORMAL,NORMAL,1,5,False,0.010887515973035989,3.8946883300639e-05,0.9890735626220704,FIVES
HOGCNN_EFFICIENTNETB3_ADAPTED_3CLASS,S000077,FIVES,NORMAL,NORMAL,1,5,False,0.007226019041013387,1.7743624587751584e-05,0.9927562117576599,FIVES
HOGCNN_EFFICIENTNETB3_ADAPTED_3CLASS,S000078,FIVES,NORMAL,NORMAL,1,5,False,0.0032928986503009128,4.993216962034807e-06,0.9967021107673645,FIVES
HOGCNN_EFFICIENTNETB3_ADAPTED_3CLASS,S000079,FIVES,NORMAL,NORMAL,1,5,False,0.004741464865412581,2.234785386123761e-06,0.9952563047409058,FIVES
HOGCNN_EFFICIENTNETB3_ADAPTED_3CLASS,S000080,FIVES,NORMAL,NORMAL,1,5,False,0.002589359255858881,3.2863175320585468e-06,0.9974073648452759,FIVES
HOGCNN_EFFICIENTNETB3_ADAPTED_3CLASS,S000081,FIVES,NORMAL,NORMAL,1,5,False,0.0014995565134618971,8.184721795978512e-07,0.998499619960785,FIVES
HOGCNN_EFFICIENTNETB3_ADAPTED_3CLASS,S000082,FIVES,NORMAL,NORMAL,1,5,False,0.03414205769549881,0.0027595818924964987,0.9630983710289002,FIVES
HOGCNN_EFFICIENTNETB3_ADAPTED_3CLASS,S000083,FIVES,NORMAL,NORMAL,1,5,False,0.007824115451853686,1.3965655317704773e-05,0.9921618938446045,FIVES
HOGCNN_EFFICIENTNETB3_ADAPTED_3CLASS,S000084,FIVES,NORMAL,NORMAL,1,5,False,0.0018973238585104468,4.031576076424237e-07,0.9981022715568543,FIVES
HOGCNN_EFFICIENTNETB3_ADAPTED_3CLASS,S000085,FIVES,NORMAL,NORMAL,1,5,False,0.003808256958132006,7.938204059954046e-06,0.9961838126182556,FIVES
HOGCNN_EFFICIENTNETB3_ADAPTED_3CLASS,S000086,FIVES,NORMAL,AMD_DRY,0,3,False,0.4722938448190689,0.0020592883272911424,0.5256468504667282,FIVES
HOGCNN_EFFICIENTNETB3_ADAPTED_3CLASS,S000087,FIVES,NORMAL,NORMAL,1,5,False,0.028989191183791264,0.00018888166522401661,0.9708219289779663,FIVES
HOGCNN_EFFICIENTNETB3_ADAPTED_3CLASS,S000088,FIVES,NORMAL,NORMAL,1,5,False,0.19026692463085054,0.0009007660879433388,0.808832311630249,FIVES
HOGCNN_EFFICIENTNETB3_ADAPTED_3CLASS,S000089,FIVES,NORMAL,NORMAL,1,5,False,0.04945823413145263,0.0001872048428367634,0.950354528427124,FIVES
HOGCNN_EFFICIENTNETB3_ADAPTED_3CLASS,S000090,FIVES,NORMAL,NORMAL,1,5,False,0.007382180058016274,4.129165045441141e-06,0.9926137089729309,FIVES
HOGCNN_EFFICIENTNETB3_ADAPTED_3CLASS,S000091,FIVES,NORMAL,NORMAL,1,5,False,0.0029864520418414033,3.951088041809214e-06,0.9970095872879028,FIVES
HOGCNN_EFFICIENTNETB3_ADAPTED_3CLASS,S000092,FIVES,NORMAL,NORMAL,1,5,False,0.001719362826196047,2.6446338543095747e-06,0.99827800989151,FIVES
HOGCNN_EFFICIENTNETB3_ADAPTED_3CLASS,S000093,FIVES,NORMAL,NORMAL,1,5,False,0.0025392542138973793,4.720373188149552e-06,0.9974559903144836,FIVES
HOGCNN_EFFICIENTNETB3_ADAPTED_3CLASS,S000094,FIVES,NORMAL,NORMAL,1,5,False,0.00590470268663239,1.5407991205407256e-05,0.9940799117088318,FIVES
HOGCNN_EFFICIENTNETB3_ADAPTED_3CLASS,S000095,FIVES,NORMAL,NORMAL,1,5,False,0.07443139180541039,0.0037269224674673753,0.9218416571617126,FIVES
HOGCNN_EFFICIENTNETB3_ADAPTED_3CLASS,S000096,FIVES,NORMAL,NORMAL,1,5,False,0.161768314242363,9.466855985920119e-05,0.8381370067596435,FIVES
HOGCNN_EFFICIENTNETB3_ADAPTED_3CLASS,S000097,FIVES,NORMAL,NORMAL,1,5,False,0.02408721123501891,0.0005106650639845611,0.9754021048545838,FIVES
HOGCNN_EFFICIENTNETB3_ADAPTED_3CLASS,S000098,FIVES,NORMAL,NORMAL,1,5,False,0.0019403043518465778,1.1085216323758473e-06,0.9980586171150208,FIVES
HOGCNN_EFFICIENTNETB3_ADAPTED_3CLASS,S000099,FIVES,NORMAL,AMD_WET,0,5,False,0.03815516196191311,0.8659152150154114,0.09592963950708508,FIVES
HOGCNN_EFFICIENTNETB3_ADAPTED_3CLASS,S000100,FIVES,NORMAL,NORMAL,1,5,False,0.003446460776268623,2.2057783461537637e-06,0.9965513348579407,FIVES
HOGCNN_EFFICIENTNETB3_ADAPTED_3CLASS,S000101,FIVES,NORMAL,NORMAL,1,5,False,0.003981553163447416,7.047017795969168e-06,0.9960114121437073,FIVES
HOGCNN_EFFICIENTNETB3_ADAPTED_3CLASS,S000102,FIVES,NORMAL,NORMAL,1,5,False,0.0028527133284441675,1.8172808860406064e-06,0.9971454739570618,FIVES
HOGCNN_EFFICIENTNETB3_ADAPTED_3CLASS,S000103,FIVES,NORMAL,NORMAL,1,5,False,0.005154042978506368,1.1496627490714672e-05,0.9948344588279724,FIVES
HOGCNN_EFFICIENTNETB3_ADAPTED_3CLASS,S000104,FIVES,NORMAL,NORMAL,1,5,False,0.023133468799642287,4.53538332307879e-06,0.9768620252609252,FIVES
HOGCNN_EFFICIENTNETB3_ADAPTED_3CLASS,S000105,FIVES,NORMAL,NORMAL,1,5,False,0.0017566163757379628,7.416172334018256e-07,0.9982426285743713,FIVES
HOGCNN_EFFICIENTNETB3_ADAPTED_3CLASS,S000106,FIVES,NORMAL,NORMAL,1,5,False,0.023370320063804684,6.963662427779127e-05,0.9765600323677063,FIVES
HOGCNN_EFFICIENTNETB3_ADAPTED_3CLASS,S000107,FIVES,NORMAL,NORMAL,1,5,False,0.03945181394010433,0.0001117597528150327,0.9604364275932312,FIVES
HOGCNN_EFFICIENTNETB3_ADAPTED_3CLASS,S000108,FIVES,NORMAL,NORMAL,1,5,False,0.0014586377086914127,8.784238745729311e-07,0.9985404729843139,FIVES
HOGCNN_EFFICIENTNETB3_ADAPTED_3CLASS,S000109,FIVES,NORMAL,NORMAL,1,5,False,0.002312536965260392,7.986593776543316e-07,0.9976866722106934,FIVES
HOGCNN_EFFICIENTNETB3_ADAPTED_3CLASS,S000110,FIVES,NORMAL,NORMAL,1,5,False,0.08552924738032744,0.0001479276978670896,0.9143228173255921,FIVES
HOGCNN_EFFICIENTNETB3_ADAPTED_3CLASS,S000111,FIVES,NORMAL,NORMAL,1,5,False,0.08415179999428801,0.0006611798895391985,0.9151870012283325,FIVES
HOGCNN_EFFICIENTNETB3_ADAPTED_3CLASS,S000112,FIVES,NORMAL,NORMAL,1,5,False,0.06890026629253043,0.0004757800091738318,0.9306239604949951,FIVES
HOGCNN_EFFICIENTNETB3_ADAPTED_3CLASS,S000113,FIVES,NORMAL,NORMAL,1,4,False,0.10856649390998427,0.0004528226645561517,0.8909806668758392,FIVES
HOGCNN_EFFICIENTNETB3_ADAPTED_3CLASS,S000114,FIVES,NORMAL,NORMAL,1,4,False,0.351389379799366,0.00014870026557218808,0.6484619073569775,FIVES
HOGCNN_EFFICIENTNETB3_ADAPTED_3CLASS,S000115,FIVES,NORMAL,NORMAL,1,5,False,0.028312391120562098,3.322711186797278e-05,0.9716543793678284,FIVES
HOGCNN_EFFICIENTNETB3_ADAPTED_3CLASS,S000116,FIVES,NORMAL,AMD_DRY,0,5,False,0.9981681704521179,0.0005583026346243969,0.0012734988711144979,FIVES
HOGCNN_EFFICIENTNETB3_ADAPTED_3CLASS,S000117,FIVES,NORMAL,NORMAL,1,4,False,0.13475771620869637,0.00013863108169971384,0.8651036262512207,FIVES
HOGCNN_EFFICIENTNETB3_ADAPTED_3CLASS,S000118,FIVES,NORMAL,NORMAL,1,5,False,0.0018288714072980383,1.2201250508603322e-06,0.9981698870658875,FIVES
HOGCNN_EFFICIENTNETB3_ADAPTED_3CLASS,S000119,FIVES,NORMAL,NORMAL,1,5,False,0.021838976775143237,2.6138407639564322e-05,0.9781348943710327,FIVES
HOGCNN_EFFICIENTNETB3_ADAPTED_3CLASS,S000120,FIVES,NORMAL,NORMAL,1,5,False,0.021810915505193408,0.00012293579100060016,0.9780661821365356,FIVES
HOGCNN_EFFICIENTNETB3_ADAPTED_3CLASS,S000121,FIVES,NORMAL,NORMAL,1,5,False,0.00893885756331656,1.752821334832788e-05,0.9910436391830444,FIVES
HOGCNN_EFFICIENTNETB3_ADAPTED_3CLASS,S000122,FIVES,NORMAL,NORMAL,1,5,False,0.008188265668468375,2.0834522103996278e-05,0.9917909026145935,FIVES
HOGCNN_EFFICIENTNETB3_ADAPTED_3CLASS,S000123,FIVES,NORMAL,NORMAL,1,5,False,0.010764146368410365,2.844291252728226e-05,0.9892074227333069,FIVES
HOGCNN_EFFICIENTNETB3_ADAPTED_3CLASS,S000124,FIVES,NORMAL,NORMAL,1,5,False,0.002363254043936536,1.1337020053936442e-05,0.9976254582405091,FIVES
HOGCNN_EFFICIENTNETB3_ADAPTED_3CLASS,S000125,FIVES,NORMAL,NORMAL,1,5,False,0.0007333606765573819,2.817679058075839e-07,0.9992663621902466,FIVES
HOGCNN_EFFICIENTNETB3_ADAPTED_3CLASS,S000126,FIVES,NORMAL,NORMAL,1,5,False,0.017344235841665067,9.663892383855454e-05,0.9825591325759888,FIVES
HOGCNN_EFFICIENTNETB3_ADAPTED_3CLASS,S000127,FIVES,NORMAL,NORMAL,1,5,False,0.1340669711913506,0.00020887156895241788,0.8657241344451905,FIVES
HOGCNN_EFFICIENTNETB3_ADAPTED_3CLASS,S000128,FIVES,NORMAL,NORMAL,1,5,False,0.08335447189747355,0.00013918922700213444,0.9165063619613647,FIVES
HOGCNN_EFFICIENTNETB3_ADAPTED_3CLASS,S000129,FIVES,NORMAL,NORMAL,1,5,False,0.0837557961262064,6.278554913592415e-05,0.9161814093589783,FIVES
HOGCNN_EFFICIENTNETB3_ADAPTED_3CLASS,S000130,FIVES,NORMAL,NORMAL,1,5,False,0.07354720495641232,9.679042290144935e-05,0.9263560056686402,FIVES
HOGCNN_EFFICIENTNETB3_ADAPTED_3CLASS,S000131,FIVES,NORMAL,NORMAL,1,5,False,0.011278744838421062,4.7635224741071626e-05,0.9886736035346985,FIVES
HOGCNN_EFFICIENTNETB3_ADAPTED_3CLASS,S000132,FIVES,NORMAL,NORMAL,1,5,False,0.003279062802386079,2.3459273659653947e-06,0.9967185735702515,FIVES
HOGCNN_EFFICIENTNETB3_ADAPTED_3CLASS,S000133,FIVES,NORMAL,NORMAL,1,5,False,0.06014549695246387,8.666767521390284e-05,0.9397678017616272,FIVES
HOGCNN_EFFICIENTNETB3_ADAPTED_3CLASS,S000134,FIVES,NORMAL,NORMAL,1,5,False,0.001273546770709544,1.6678482574583598e-06,0.9987247824668884,FIVES
HOGCNN_EFFICIENTNETB3_ADAPTED_3CLASS,S000135,FIVES,NORMAL,NORMAL,1,5,False,0.05094360775256064,0.0019766361634538042,0.9470797300338745,FIVES
HOGCNN_EFFICIENTNETB3_ADAPTED_3CLASS,S000136,FIVES,NORMAL,NORMAL,1,5,False,0.017262605267751495,2.9356143488712406e-05,0.9827080488204956,FIVES
HOGCNN_EFFICIENTNETB3_ADAPTED_3CLASS,S000137,FIVES,NORMAL,NORMAL,1,5,False,0.04467566620878642,0.0004468693292892567,0.9548774480819702,FIVES
HOGCNN_EFFICIENTNETB3_ADAPTED_3CLASS,S000138,FIVES,NORMAL,NORMAL,1,5,False,0.007366856316286885,2.0102930752585733e-05,0.9926130890846252,FIVES
HOGCNN_EFFICIENTNETB3_ADAPTED_3CLASS,S000139,FIVES,NORMAL,NORMAL,1,5,False,0.023813130210055534,6.457934317154468e-05,0.9761222839355469,FIVES
HOGCNN_EFFICIENTNETB3_ADAPTED_3CLASS,S000140,FIVES,NORMAL,NORMAL,1,5,False,0.005322097602811482,5.3924346616440744e-05,0.9946239948272705,FIVES
HOGCNN_EFFICIENTNETB3_ADAPTED_3CLASS,S000141,FIVES,NORMAL,NORMAL,1,5,False,0.008835792188165215,1.769608315385085e-05,0.9911465406417846,FIVES
HOGCNN_EFFICIENTNETB3_ADAPTED_3CLASS,S000142,FIVES,NORMAL,NORMAL,1,5,False,0.03422713386535179,0.0002499529455235461,0.9655229210853576,FIVES
HOGCNN_EFFICIENTNETB3_ADAPTED_3CLASS,S000143,FIVES,NORMAL,NORMAL,1,5,False,0.0031449480853211753,3.564745968631655e-06,0.9968514800071716,FIVES
HOGCNN_EFFICIENTNETB3_ADAPTED_3CLASS,S000144,FIVES,NORMAL,NORMAL,1,5,False,0.0055212285783738935,1.4625449588479001e-05,0.9944641351699829,FIVES
HOGCNN_EFFICIENTNETB3_ADAPTED_3CLASS,S000145,FIVES,NORMAL,NORMAL,1,5,False,0.011187582552520326,2.2991704446440055e-05,0.9887894272804261,FIVES
HOGCNN_EFFICIENTNETB3_ADAPTED_3CLASS,S000146,FIVES,NORMAL,NORMAL,1,4,False,0.1623232094629202,0.0010468277435165874,0.8366299211978913,FIVES
HOGCNN_EFFICIENTNETB3_ADAPTED_3CLASS,S000147,FIVES,NORMAL,NORMAL,1,5,False,0.058807677787262945,0.00038721111268387177,0.9408050656318665,FIVES
HOGCNN_EFFICIENTNETB3_ADAPTED_3CLASS,S000148,FIVES,NORMAL,NORMAL,1,5,False,0.009596229023418345,2.431674929965766e-05,0.9903794527053833,FIVES
HOGCNN_EFFICIENTNETB3_ADAPTED_3CLASS,S000149,FIVES,NORMAL,NORMAL,1,5,False,0.010762891398144347,2.7585585803535652e-05,0.989209520816803,FIVES
HOGCNN_EFFICIENTNETB3_ADAPTED_3CLASS,S000150,FIVES,NORMAL,NORMAL,1,5,False,0.021842121652025526,0.00023705508460807322,0.9779207825660705,FIVES
HOGCNN_EFFICIENTNETB3_ADAPTED_3CLASS,S000151,FIVES,NORMAL,NORMAL,1,5,False,0.02994235087862762,0.00035723554337891984,0.9697003841400147,FIVES
HOGCNN_EFFICIENTNETB3_ADAPTED_3CLASS,S000152,FIVES,AMD_DRY,AMD_DRY,1,3,False,0.6347962886095047,0.3650768023158889,0.00012690838063349473,FIVES
HOGCNN_EFFICIENTNETB3_ADAPTED_3CLASS,S000153,FIVES,AMD_DRY,AMD_DRY,1,4,False,0.7760649919509888,0.2207254346460104,0.003209567052545026,FIVES
HOGCNN_EFFICIENTNETB3_ADAPTED_3CLASS,S000154,FIVES,AMD_DRY,AMD_WET,0,3,False,0.416765952098649,0.5832329076714814,1.1355393360279465e-06,FIVES
HOGCNN_EFFICIENTNETB3_ADAPTED_3CLASS,S000155,FIVES,AMD_DRY,AMD_DRY,1,5,False,0.9987622857093811,0.0012249976145312757,1.269265536301134e-05,FIVES
HOGCNN_EFFICIENTNETB3_ADAPTED_3CLASS,S000156,FIVES,AMD_DRY,AMD_WET,0,4,False,0.15403842746836743,0.8459606438875198,9.346782676944443e-07,FIVES
HOGCNN_EFFICIENTNETB3_ADAPTED_3CLASS,S000157,FIVES,AMD_DRY,AMD_DRY,1,4,False,0.6506141362246126,0.3490939885377884,0.00029186471383582104,FIVES
HOGCNN_EFFICIENTNETB3_ADAPTED_3CLASS,S000158,FIVES,AMD_DRY,AMD_DRY,1,5,False,0.9982907176017761,0.0014244617180338536,0.00028478514216772054,FIVES
HOGCNN_EFFICIENTNETB3_ADAPTED_3CLASS,S000159,FIVES,AMD_DRY,AMD_DRY,1,5,False,0.9999267101287842,7.143373146476507e-05,1.8861454993968074e-06,FIVES
HOGCNN_EFFICIENTNETB3_ADAPTED_3CLASS,S000160,FIVES,AMD_DRY,AMD_WET,0,5,False,0.03512966637449377,0.9648693442344666,9.73126966066773e-07,FIVES
HOGCNN_EFFICIENTNETB3_ADAPTED_3CLASS,S000161,FIVES,AMD_DRY,AMD_WET,0,5,False,0.00028798043957447563,0.9997116327285767,3.732561936531376e-07,FIVES
HOGCNN_EFFICIENTNETB3_ADAPTED_3CLASS,S000162,FIVES,AMD_DRY,AMD_DRY,1,5,False,0.9995733857154846,0.00037719806296081514,4.938494026092144e-05,FIVES
HOGCNN_EFFICIENTNETB3_ADAPTED_3CLASS,S000163,FIVES,AMD_DRY,AMD_DRY,1,5,False,0.9997534275054931,0.0002319397590895278,1.4628311609587996e-05,FIVES
HOGCNN_EFFICIENTNETB3_ADAPTED_3CLASS,S000164,FIVES,AMD_DRY,AMD_DRY,1,5,False,0.9995111107826233,0.00047212706832624465,1.6795075912323652e-05,FIVES
HOGCNN_EFFICIENTNETB3_ADAPTED_3CLASS,S000165,FIVES,AMD_DRY,AMD_DRY,1,5,False,0.9975012898445129,0.0020354989494080654,0.0004632016006894446,FIVES
HOGCNN_EFFICIENTNETB3_ADAPTED_3CLASS,S000166,FIVES,AMD_DRY,AMD_WET,0,4,False,0.24754098951816558,0.7523628264665604,9.617788018658757e-05,FIVES
HOGCNN_EFFICIENTNETB3_ADAPTED_3CLASS,S000167,FIVES,AMD_WET,AMD_WET,1,5,False,6.881910769191979e-05,0.9999307751655578,3.986082667939428e-07,FIVES
HOGCNN_EFFICIENTNETB3_ADAPTED_3CLASS,S000168,FIVES,AMD_WET,AMD_WET,1,5,False,0.009307869066833518,0.9906020760536194,9.003593232819185e-05,FIVES
HOGCNN_EFFICIENTNETB3_ADAPTED_3CLASS,S000169,FIVES,AMD_WET,AMD_WET,1,5,False,0.0009537608090475658,0.9989930391311646,5.321628298702308e-05,FIVES
HOGCNN_EFFICIENTNETB3_ADAPTED_3CLASS,S000170,FIVES,AMD_WET,AMD_WET,1,5,False,0.0014779384897451564,0.9984021067619324,0.0001199605698900541,FIVES
HOGCNN_EFFICIENTNETB3_ADAPTED_3CLASS,S000171,FIVES,AMD_WET,AMD_WET,1,5,False,0.0001982871073034076,0.9997999668121338,1.7608888100206776e-06,FIVES
HOGCNN_EFFICIENTNETB3_ADAPTED_3CLASS,S000172,FIVES,AMD_WET,AMD_WET,1,5,False,0.0017685400724985812,0.9982235550880432,7.910720541559612e-06,FIVES
HOGCNN_EFFICIENTNETB3_ADAPTED_3CLASS,S000173,FIVES,AMD_WET,AMD_WET,1,5,False,1.5304086981094908e-05,0.9999846458435059,7.746566533873081e-08,FIVES
HOGCNN_EFFICIENTNETB3_ADAPTED_3CLASS,S000174,FIVES,AMD_WET,AMD_WET,1,5,False,0.0004274628291620619,0.9995712757110595,1.2535591716544837e-06,FIVES
HOGCNN_EFFICIENTNETB3_ADAPTED_3CLASS,S000175,FIVES,AMD_WET,AMD_DRY,0,3,False,0.5943311837501823,0.4056291151791811,3.967644706790452e-05,FIVES
HOGCNN_EFFICIENTNETB3_ADAPTED_3CLASS,S000176,FIVES,AMD_WET,AMD_DRY,0,5,False,0.9259686350822449,0.07343187243532157,0.0005994832051328558,FIVES
HOGCNN_EFFICIENTNETB3_ADAPTED_3CLASS,S000177,FIVES,AMD_WET,AMD_WET,1,5,False,0.0006335245875504824,0.9993413805961608,2.509389879392643e-05,FIVES
HOGCNN_EFFICIENTNETB3_ADAPTED_3CLASS,S000178,FIVES,AMD_WET,AMD_WET,1,5,False,5.661264319835879e-05,0.999942147731781,1.2222634860808989e-06,FIVES
HOGCNN_EFFICIENTNETB3_ADAPTED_3CLASS,S000179,FIVES,AMD_WET,AMD_DRY,0,5,False,0.9039323925971985,0.016418706835247578,0.07964887898415327,FIVES
HOGCNN_EFFICIENTNETB3_ADAPTED_3CLASS,S000180,FIVES,AMD_WET,AMD_WET,1,5,False,0.0007846485698815187,0.9992133378982544,2.0287361445214813e-06,FIVES
HOGCNN_EFFICIENTNETB3_ADAPTED_3CLASS,S000181,FIVES,AMD_WET,AMD_WET,1,5,False,5.9946012436462584e-05,0.9999396204948425,4.189922160724446e-07,FIVES
HOGCNN_EFFICIENTNETB3_ADAPTED_3CLASS,S000182,FIVES,AMD_WET,AMD_WET,1,5,False,0.03227145506534725,0.9673638820648194,0.00036466274395934305,FIVES
HOGCNN_EFFICIENTNETB3_ADAPTED_3CLASS,S000183,FIVES,AMD_WET,AMD_WET,1,5,False,1.5686072111616447e-05,0.9999843120574952,1.2893729254778459e-08,FIVES
HOGCNN_EFFICIENTNETB3_ADAPTED_3CLASS,S000184,FIVES,AMD_WET,AMD_WET,1,5,False,2.9316306737781944e-06,0.9999970674514771,4.336497971433803e-09,FIVES
HOGCNN_EFFICIENTNETB3_ADAPTED_3CLASS,S000185,FIVES,AMD_WET,AMD_WET,1,5,False,2.2628124656018233e-07,0.9999997854232788,4.699800925082532e-10,FIVES
HOGCNN_EFFICIENTNETB3_ADAPTED_3CLASS,S000186,FIVES,AMD_WET,AMD_WET,1,5,False,0.0009607934306224309,0.9990373492240906,1.8869817027589163e-06,FIVES
HOGCNN_EFFICIENTNETB3_ADAPTED_3CLASS,S000187,FIVES,AMD_WET,AMD_DRY,0,3,False,0.6819001138210297,0.31782233216799793,0.0002775292016849562,FIVES
HOGCNN_EFFICIENTNETB3_ADAPTED_3CLASS,S000188,FIVES,AMD_WET,AMD_WET,1,5,False,0.002171525206611591,0.9977234959602356,0.00010499842331626041,FIVES
HOGCNN_EFFICIENTNETB3_ADAPTED_3CLASS,S000189,FIVES,AMD_WET,AMD_WET,1,5,False,0.001865249359320842,0.9981332540512085,1.4839014059297995e-06,FIVES
HOGCNN_EFFICIENTNETB3_ADAPTED_3CLASS,S000190,FIVES,AMD_WET,AMD_WET,1,5,False,0.03268217886561899,0.9672844767570495,3.3330394690889165e-05,FIVES
HOGCNN_EFFICIENTNETB3_ADAPTED_3CLASS,S000191,FIVES,AMD_WET,AMD_WET,1,5,False,0.0004474011800621014,0.9995514273643493,1.1789084738644818e-06,FIVES
HOGCNN_EFFICIENTNETB3_ADAPTED_3CLASS,S000192,FIVES,AMD_WET,AMD_DRY,0,5,False,0.9276542425155639,0.03596792686730623,0.036377822543727234,FIVES
HOGCNN_EFFICIENTNETB3_ADAPTED_3CLASS,S000193,FIVES,AMD_WET,AMD_WET,1,5,False,0.0039957889835932296,0.9959508180618286,5.3410489709904144e-05,FIVES
HOGCNN_EFFICIENTNETB3_ADAPTED_3CLASS,S000194,FIVES,AMD_WET,AMD_WET,1,5,False,5.930240094735168e-05,0.9999403119087219,3.5982150210916994e-07,FIVES
HOGCNN_EFFICIENTNETB3_ADAPTED_3CLASS,S000195,FIVES,AMD_WET,AMD_WET,1,5,False,1.6841229540042e-06,0.9999983072280884,4.553998171136697e-09,FIVES
HOGCNN_EFFICIENTNETB3_ADAPTED_3CLASS,S000196,FIVES,AMD_WET,AMD_WET,1,5,False,1.2368536529974763e-06,0.9999987602233886,3.2158541633809917e-09,FIVES
HOGCNN_EFFICIENTNETB3_ADAPTED_3CLASS,S000197,FIVES,AMD_WET,AMD_WET,1,5,False,0.00029447938090441315,0.9997055053710937,1.130761413631158e-08,FIVES
HOGCNN_EFFICIENTNETB3_ADAPTED_3CLASS,S000198,FIVES,AMD_WET,AMD_WET,1,5,False,0.0007522303889345494,0.9992379784584046,9.801956836241742e-06,FIVES
HOGCNN_EFFICIENTNETB3_ADAPTED_3CLASS,S000199,FIVES,AMD_WET,AMD_WET,1,5,False,0.00015901181826127875,0.9998359322547913,5.048357704562356e-06,FIVES
HOGCNN_EFFICIENTNETB3_ADAPTED_3CLASS,S000200,FIVES,AMD_WET,AMD_DRY,0,4,False,0.8180815294384957,0.18190126123954542,1.7213744820310238e-05,FIVES
HOGCNN_EFFICIENTNETB3_ADAPTED_3CLASS,S000201,FIVES,AMD_WET,AMD_WET,1,4,False,0.23996693269582464,0.7600014507770538,3.1642513852148114e-05,FIVES
HOGCNN_EFFICIENTNETB3_ADAPTED_3CLASS,S000202,FIVES,AMD_WET,AMD_WET,1,5,False,8.335998939763556e-05,0.9999164581298828,1.762159119456097e-07,FIVES
HOGCNN_EFFICIENTNETB3_ADAPTED_3CLASS,S000203,FIVES,AMD_WET,AMD_WET,1,5,False,0.0033335010577502542,0.9963617444038391,0.00030475554758595534,FIVES
HOGCNN_EFFICIENTNETB3_ADAPTED_3CLASS,S000204,FIVES,AMD_WET,AMD_WET,1,5,False,0.08993861402850598,0.9090863227844238,0.0009750690980581567,FIVES
HOGCNN_EFFICIENTNETB3_ADAPTED_3CLASS,S000205,FIVES,AMD_WET,AMD_WET,1,5,False,1.4632589662951943e-05,0.9999852657318116,1.051128814473154e-07,FIVES
HOGCNN_EFFICIENTNETB3_ADAPTED_3CLASS,S000207,FIVES,AMD_WET,AMD_WET,1,5,False,0.0479702319658827,0.9518911123275757,0.00013865422336039045,FIVES
HOGCNN_EFFICIENTNETB3_ADAPTED_3CLASS,S000208,FIVES,AMD_WET,AMD_DRY,0,4,False,0.8481816053390503,0.15070370975881814,0.00111470922420267,FIVES
HOGCNN_EFFICIENTNETB3_ADAPTED_3CLASS,S000209,FIVES,AMD_WET,AMD_WET,1,5,False,0.013723137332090119,0.9862755298614502,1.3302506946644144e-06,FIVES
HOGCNN_EFFICIENTNETB3_ADAPTED_3CLASS,S000210,FIVES,AMD_WET,AMD_WET,1,5,False,0.0001304941667026771,0.9998669266700745,2.5660620078582496e-06,FIVES
HOGCNN_EFFICIENTNETB3_ADAPTED_3CLASS,S000211,FIVES,AMD_WET,AMD_WET,1,5,False,0.00308604540041415,0.9968728303909302,4.114571299282943e-05,FIVES
HOGCNN_EFFICIENTNETB3_ADAPTED_3CLASS,S000212,FIVES,AMD_WET,AMD_WET,1,5,False,5.3842079054651494e-05,0.9999459624290467,2.0378534043435925e-07,FIVES
HOGCNN_EFFICIENTNETB3_ADAPTED_3CLASS,S000213,FIVES,AMD_WET,AMD_WET,1,5,False,0.00032494956526082366,0.9996739625930786,1.0990769805985233e-06,FIVES
HOGCNN_EFFICIENTNETB3_ADAPTED_3CLASS,S000214,FIVES,AMD_WET,AMD_WET,1,4,False,0.35018845498561857,0.6495525032281876,0.0002590235721982026,FIVES
HOGCNN_EFFICIENTNETB3_ADAPTED_3CLASS,S000215,FIVES,AMD_WET,AMD_WET,1,5,False,9.544909030996251e-05,0.9999041199684143,4.31947571066793e-07,FIVES
HOGCNN_EFFICIENTNETB3_ADAPTED_3CLASS,S000216,FIVES,AMD_WET,AMD_WET,1,5,False,1.007296191615552e-05,0.9999898910522461,4.645083588573502e-08,FIVES
HOGCNN_EFFICIENTNETB3_ADAPTED_3CLASS,S000217,FIVES,AMD_WET,AMD_DRY,0,4,False,0.7621545910835266,0.23770984368165954,0.00013554205278865084,FIVES
HOGCNN_EFFICIENTNETB3_ADAPTED_3CLASS,S000218,FIVES,AMD_WET,AMD_WET,1,5,False,0.06722132644208614,0.9327139973640441,6.469080868214405e-05,FIVES
HOGCNN_EFFICIENTNETB3_ADAPTED_3CLASS,S000220,FIVES,AMD_WET,AMD_WET,1,5,False,0.00039633547332202924,0.9995983362197876,5.329397887599008e-06,FIVES
HOGCNN_EFFICIENTNETB3_ADAPTED_3CLASS,S000221,FIVES,AMD_WET,AMD_WET,1,5,False,1.8296225335463285e-07,0.9999998331069946,1.627057052273249e-10,FIVES
HOGCNN_EFFICIENTNETB3_ADAPTED_3CLASS,S000222,FIVES,AMD_WET,AMD_WET,1,5,False,4.646888124059494e-05,0.9999526619911194,8.685779593303788e-07,FIVES
HOGCNN_EFFICIENTNETB3_ADAPTED_3CLASS,S000223,FIVES,AMD_WET,AMD_DRY,0,4,False,0.8105563163757324,0.1894024459994398,4.123226667900326e-05,FIVES
HOGCNN_EFFICIENTNETB3_ADAPTED_3CLASS,S000224,FIVES,AMD_WET,AMD_WET,1,5,False,0.014943783751368756,0.9850444197654724,1.1796896826865577e-05,FIVES
HOGCNN_EFFICIENTNETB3_ADAPTED_3CLASS,S000225,FIVES,AMD_WET,AMD_WET,1,5,False,0.0010545131692765608,0.9989422798156739,3.1751374621080687e-06,FIVES
HOGCNN_EFFICIENTNETB3_ADAPTED_3CLASS,S000226,FIVES,AMD_WET,AMD_WET,1,5,False,3.0462958590075897e-06,0.9999969482421875,1.4939664382820299e-09,FIVES
HOGCNN_EFFICIENTNETB3_ADAPTED_3CLASS,S000227,FIVES,AMD_WET,AMD_WET,1,5,False,0.0035336073487997055,0.9963670969009399,9.928677168318245e-05,FIVES
HOGCNN_EFFICIENTNETB3_ADAPTED_3CLASS,S000228,FIVES,AMD_WET,AMD_WET,1,5,False,0.00023146633818729167,0.9997674703598023,1.0497601184156213e-06,FIVES
HOGCNN_EFFICIENTNETB3_ADAPTED_3CLASS,S000229,FIVES,AMD_WET,AMD_WET,1,5,False,0.01105338487395784,0.9888628602027894,8.376424746074918e-05,FIVES
HOGCNN_EFFICIENTNETB3_ADAPTED_3CLASS,S000230,FIVES,AMD_WET,AMD_WET,1,5,False,1.6717929475421525e-06,0.9999983310699463,9.475353658953444e-10,FIVES
HOGCNN_EFFICIENTNETB3_ADAPTED_3CLASS,S000231,FIVES,AMD_WET,AMD_WET,1,5,False,0.04388061005010968,0.9551954507827759,0.0009239403796527767,FIVES
HOGCNN_EFFICIENTNETB3_ADAPTED_3CLASS,S000232,FIVES,AMD_WET,AMD_DRY,0,5,False,0.9792734980583191,0.02039203509048093,0.0003344132165523206,FIVES
HOGCNN_EFFICIENTNETB3_ADAPTED_3CLASS,S000233,FIVES,AMD_WET,AMD_WET,1,5,False,0.038352470900281335,0.9615446329116821,0.00010290965382182548,FIVES
HOGCNN_EFFICIENTNETB3_ADAPTED_3CLASS,S000234,FIVES,AMD_WET,AMD_WET,1,5,False,0.0011106896868113836,0.9988754987716675,1.3799161260408255e-05,FIVES
HOGCNN_EFFICIENTNETB3_ADAPTED_3CLASS,S000235,FIVES,AMD_WET,AMD_WET,1,5,False,0.00011265678203390851,0.9998865842819213,7.599380010882631e-07,FIVES
HOGCNN_EFFICIENTNETB3_ADAPTED_3CLASS,S000236,FIVES,AMD_WET,AMD_DRY,0,5,False,0.8490281939506531,0.14969245083630084,0.0012793810350558489,FIVES
HOGCNN_EFFICIENTNETB3_ADAPTED_3CLASS,S000238,FIVES,AMD_WET,AMD_WET,1,5,False,3.3048703842642825e-05,0.9999659061431885,1.0380755986770517e-06,FIVES
HOGCNN_EFFICIENTNETB3_ADAPTED_3CLASS,S000239,ODIR,NORMAL,NORMAL,1,5,False,0.017752763083262835,2.5607051700116123e-05,0.9822216153144836,ODIR
HOGCNN_EFFICIENTNETB3_ADAPTED_3CLASS,S000240,ODIR,NORMAL,NORMAL,1,3,False,0.38636122047901156,0.0001732366037416,0.613465565443039,ODIR
HOGCNN_EFFICIENTNETB3_ADAPTED_3CLASS,S000241,ODIR,NORMAL,NORMAL,1,5,False,4.6775871608417675e-05,8.07232149668824e-06,0.9999451279640198,ODIR
HOGCNN_EFFICIENTNETB3_ADAPTED_3CLASS,S000242,ODIR,NORMAL,NORMAL,1,5,False,0.012662207771791145,0.0001396346829551476,0.9871981859207153,ODIR
HOGCNN_EFFICIENTNETB3_ADAPTED_3CLASS,S000243,ODIR,NORMAL,NORMAL,1,5,False,5.263734337859205e-05,3.442624917582293e-06,0.9999439477920532,ODIR
HOGCNN_EFFICIENTNETB3_ADAPTED_3CLASS,S000244,ODIR,NORMAL,NORMAL,1,3,False,0.34371070731431247,8.149123030136707e-05,0.6562077850103378,ODIR
HOGCNN_EFFICIENTNETB3_ADAPTED_3CLASS,S000245,ODIR,NORMAL,NORMAL,1,5,False,0.0007440291807142785,1.5624408985281946e-05,0.9992403507232666,ODIR
HOGCNN_EFFICIENTNETB3_ADAPTED_3CLASS,S000246,ODIR,NORMAL,NORMAL,1,5,False,0.018972869533172343,0.0001130837342223856,0.980914044380188,ODIR
HOGCNN_EFFICIENTNETB3_ADAPTED_3CLASS,S000247,ODIR,NORMAL,NORMAL,1,5,False,0.03731780572998104,0.0002165296800626493,0.9624656677246094,ODIR
HOGCNN_EFFICIENTNETB3_ADAPTED_3CLASS,S000248,ODIR,NORMAL,NORMAL,1,5,False,0.10891774470219388,4.688757778581465e-05,0.8910353660583497,ODIR
HOGCNN_EFFICIENTNETB3_ADAPTED_3CLASS,S000249,ODIR,NORMAL,NORMAL,1,5,False,0.015188657118414994,5.714211473621944e-05,0.9847541928291321,ODIR
HOGCNN_EFFICIENTNETB3_ADAPTED_3CLASS,S000250,ODIR,NORMAL,NORMAL,1,3,False,0.47598664835095406,0.00010507634928096366,0.5239082723855972,ODIR
HOGCNN_EFFICIENTNETB3_ADAPTED_3CLASS,S000251,ODIR,NORMAL,NORMAL,1,4,False,0.21960461093112826,9.812433565610234e-05,0.7802972614765167,ODIR
HOGCNN_EFFICIENTNETB3_ADAPTED_3CLASS,S000252,ODIR,NORMAL,NORMAL,1,5,False,0.0013365827847906075,5.778687710063235e-06,0.9986576676368714,ODIR
HOGCNN_EFFICIENTNETB3_ADAPTED_3CLASS,S000253,ODIR,NORMAL,NORMAL,1,5,False,0.050140405181446114,0.00027618469549679504,0.94958336353302,ODIR
HOGCNN_EFFICIENTNETB3_ADAPTED_3CLASS,S000254,ODIR,NORMAL,NORMAL,1,5,False,0.00024209611148080513,1.9239691838784933e-06,0.9997559905052185,ODIR
HOGCNN_EFFICIENTNETB3_ADAPTED_3CLASS,S000255,ODIR,NORMAL,NORMAL,1,5,False,0.002590116918509011,6.191335369598594e-06,0.9974037051200867,ODIR
HOGCNN_EFFICIENTNETB3_ADAPTED_3CLASS,S000256,ODIR,NORMAL,AMD_DRY,0,5,False,0.8571218848228455,0.0007082783792952795,0.14216982752550394,ODIR
HOGCNN_EFFICIENTNETB3_ADAPTED_3CLASS,S000257,ODIR,NORMAL,NORMAL,1,5,False,0.002157066659856355,1.2768412381625183e-05,0.9978301763534546,ODIR
HOGCNN_EFFICIENTNETB3_ADAPTED_3CLASS,S000258,ODIR,NORMAL,NORMAL,1,5,False,0.12293319379677996,9.421676728536e-05,0.8769726037979126,ODIR
HOGCNN_EFFICIENTNETB3_ADAPTED_3CLASS,S000259,ODIR,NORMAL,NORMAL,1,5,False,0.07629445703933016,0.00011610761824485394,0.9235894680023193,ODIR
HOGCNN_EFFICIENTNETB3_ADAPTED_3CLASS,S000260,ODIR,NORMAL,NORMAL,1,5,False,0.001152102529158583,2.810684073555336e-05,0.9988198399543762,ODIR
HOGCNN_EFFICIENTNETB3_ADAPTED_3CLASS,S000261,ODIR,NORMAL,NORMAL,1,5,False,0.00019859929216181627,4.8008959131651265e-06,0.9997966408729553,ODIR
HOGCNN_EFFICIENTNETB3_ADAPTED_3CLASS,S000262,ODIR,NORMAL,NORMAL,1,5,False,0.0015028034027636749,2.5242955244664246e-05,0.9984719634056092,ODIR
HOGCNN_EFFICIENTNETB3_ADAPTED_3CLASS,S000263,ODIR,NORMAL,NORMAL,1,5,False,0.06967673669569194,0.0006723973210682743,0.92965087890625,ODIR
HOGCNN_EFFICIENTNETB3_ADAPTED_3CLASS,S000264,ODIR,NORMAL,NORMAL,1,5,False,0.0004348842841864098,5.825281800042603e-06,0.9995593190193176,ODIR
HOGCNN_EFFICIENTNETB3_ADAPTED_3CLASS,S000265,ODIR,NORMAL,NORMAL,1,5,False,0.06328636261168867,0.00032605689561933105,0.93638756275177,ODIR
HOGCNN_EFFICIENTNETB3_ADAPTED_3CLASS,S000266,ODIR,NORMAL,NORMAL,1,5,False,1.3053098092541404e-05,4.691484543101199e-07,0.9999864816665649,ODIR
HOGCNN_EFFICIENTNETB3_ADAPTED_3CLASS,S000267,ODIR,NORMAL,NORMAL,1,5,False,0.0019253151145676383,1.1309048821139812e-05,0.9980633854866028,ODIR
HOGCNN_EFFICIENTNETB3_ADAPTED_3CLASS,S000268,ODIR,NORMAL,NORMAL,1,4,False,0.11449936230346794,9.013048633530474e-05,0.8854105293750762,ODIR
HOGCNN_EFFICIENTNETB3_ADAPTED_3CLASS,S000269,ODIR,NORMAL,NORMAL,1,5,False,0.03922254641074687,0.0006065249014909569,0.9601708889007569,ODIR
HOGCNN_EFFICIENTNETB3_ADAPTED_3CLASS,S000270,ODIR,NORMAL,NORMAL,1,5,False,0.027375852479599415,3.2171611688092126e-05,0.9725919723510742,ODIR
HOGCNN_EFFICIENTNETB3_ADAPTED_3CLASS,S000271,ODIR,NORMAL,NORMAL,1,3,False,0.46524756513535975,0.0002193980113162297,0.5345330625772476,ODIR
HOGCNN_EFFICIENTNETB3_ADAPTED_3CLASS,S000272,ODIR,NORMAL,NORMAL,1,5,False,0.12146614433149808,5.970082911730401e-05,0.8784741163253784,ODIR
HOGCNN_EFFICIENTNETB3_ADAPTED_3CLASS,S000273,ODIR,NORMAL,NORMAL,1,5,False,0.0017955370602066977,5.5936674534851075e-06,0.9981988668441772,ODIR
HOGCNN_EFFICIENTNETB3_ADAPTED_3CLASS,S000274,ODIR,NORMAL,NORMAL,1,5,False,0.017305071573355237,8.434610736216542e-05,0.9826105952262878,ODIR
HOGCNN_EFFICIENTNETB3_ADAPTED_3CLASS,S000275,ODIR,NORMAL,NORMAL,1,5,False,0.023726280574919656,0.00010099844624988918,0.9761727094650269,ODIR
HOGCNN_EFFICIENTNETB3_ADAPTED_3CLASS,S000276,ODIR,NORMAL,NORMAL,1,4,False,0.21212246622890235,0.00011340002246384984,0.78776413500309,ODIR
HOGCNN_EFFICIENTNETB3_ADAPTED_3CLASS,S000277,ODIR,NORMAL,NORMAL,1,5,False,0.13951194980181753,0.00022088784907055016,0.860267162322998,ODIR
HOGCNN_EFFICIENTNETB3_ADAPTED_3CLASS,S000278,ODIR,NORMAL,NORMAL,1,5,False,0.003904968250571983,0.0008707405343130858,0.9952243089675903,ODIR
HOGCNN_EFFICIENTNETB3_ADAPTED_3CLASS,S000279,ODIR,NORMAL,AMD_DRY,0,5,False,0.9342530250549317,0.0008725992129512861,0.064874381525442,ODIR
HOGCNN_EFFICIENTNETB3_ADAPTED_3CLASS,S000280,ODIR,NORMAL,NORMAL,1,5,False,0.005636261756808381,1.0414649809292741e-05,0.9943533420562745,ODIR
HOGCNN_EFFICIENTNETB3_ADAPTED_3CLASS,S000281,ODIR,NORMAL,NORMAL,1,5,False,7.295454843188054e-05,5.915786952570557e-06,0.9999211072921753,ODIR
HOGCNN_EFFICIENTNETB3_ADAPTED_3CLASS,S000282,ODIR,NORMAL,NORMAL,1,5,False,0.00015680084225095926,2.8856721051906397e-06,0.9998403191566467,ODIR
HOGCNN_EFFICIENTNETB3_ADAPTED_3CLASS,S000283,ODIR,NORMAL,NORMAL,1,5,False,0.026890365830331574,8.380501766893644e-05,0.9730258226394654,ODIR
HOGCNN_EFFICIENTNETB3_ADAPTED_3CLASS,S000284,ODIR,NORMAL,NORMAL,1,5,False,9.221122375038248e-05,1.4517625742094254e-05,0.9998932480812073,ODIR
HOGCNN_EFFICIENTNETB3_ADAPTED_3CLASS,S000285,ODIR,NORMAL,NORMAL,1,5,False,0.0009411939368305866,2.28364977062686e-06,0.9990565061569214,ODIR
HOGCNN_EFFICIENTNETB3_ADAPTED_3CLASS,S000286,ODIR,NORMAL,AMD_DRY,0,4,False,0.613586750626564,0.00044945003842258304,0.3859637826681137,ODIR
HOGCNN_EFFICIENTNETB3_ADAPTED_3CLASS,S000287,ODIR,NORMAL,NORMAL,1,5,False,0.0001576926888901653,1.5754612718105188e-06,0.999840784072876,ODIR
HOGCNN_EFFICIENTNETB3_ADAPTED_3CLASS,S000288,ODIR,NORMAL,NORMAL,1,5,False,0.116625982709229,0.0013457928567731869,0.8820282697677613,ODIR
HOGCNN_EFFICIENTNETB3_ADAPTED_3CLASS,S000289,ODIR,NORMAL,NORMAL,1,5,False,0.0011887465496670303,3.2196881992838966e-06,0.9988080739974976,ODIR
HOGCNN_EFFICIENTNETB3_ADAPTED_3CLASS,S000290,ODIR,NORMAL,NORMAL,1,5,False,0.00040064865802378333,6.09286000106124e-06,0.9995932817459107,ODIR
HOGCNN_EFFICIENTNETB3_ADAPTED_3CLASS,S000291,ODIR,NORMAL,NORMAL,1,4,False,0.2972814213950187,0.0005960246809081582,0.7021225214004516,ODIR
HOGCNN_EFFICIENTNETB3_ADAPTED_3CLASS,S000292,ODIR,NORMAL,NORMAL,1,5,False,0.005188496140908683,1.0319395261698672e-05,0.9948012232780457,ODIR
HOGCNN_EFFICIENTNETB3_ADAPTED_3CLASS,S000293,ODIR,NORMAL,NORMAL,1,3,False,0.381288368627429,0.009724011688376777,0.6089876383543015,ODIR
HOGCNN_EFFICIENTNETB3_ADAPTED_3CLASS,S000294,ODIR,NORMAL,NORMAL,1,5,False,0.0024909955947805427,8.48706554648082e-06,0.9975005388259888,ODIR
HOGCNN_EFFICIENTNETB3_ADAPTED_3CLASS,S000295,ODIR,NORMAL,NORMAL,1,4,False,0.19984503220766783,0.00031845919309034796,0.799836528301239,ODIR
HOGCNN_EFFICIENTNETB3_ADAPTED_3CLASS,S000296,ODIR,NORMAL,NORMAL,1,5,False,0.040056335579720326,5.858428258633808e-05,0.9598850965499878,ODIR
HOGCNN_EFFICIENTNETB3_ADAPTED_3CLASS,S000297,ODIR,NORMAL,NORMAL,1,5,False,0.0519804886484053,2.2945539824792416e-05,0.9479965686798095,ODIR
HOGCNN_EFFICIENTNETB3_ADAPTED_3CLASS,S000298,ODIR,NORMAL,NORMAL,1,5,False,4.686186632909539e-05,6.812346274482316e-07,0.9999524474143981,ODIR
HOGCNN_EFFICIENTNETB3_ADAPTED_3CLASS,S000299,ODIR,NORMAL,NORMAL,1,5,False,0.007013529492542148,6.692989128147531e-05,0.9929195165634155,ODIR
HOGCNN_EFFICIENTNETB3_ADAPTED_3CLASS,S000300,ODIR,NORMAL,NORMAL,1,4,False,0.1792754193302244,0.0005976841524585552,0.820126922428608,ODIR
HOGCNN_EFFICIENTNETB3_ADAPTED_3CLASS,S000301,ODIR,NORMAL,NORMAL,1,5,False,0.14543597106821834,0.0010367899547873093,0.8535272359848023,ODIR
HOGCNN_EFFICIENTNETB3_ADAPTED_3CLASS,S000302,ODIR,NORMAL,NORMAL,1,5,False,0.008648880928376457,5.02518108604022e-05,0.991300904750824,ODIR
HOGCNN_EFFICIENTNETB3_ADAPTED_3CLASS,S000303,ODIR,NORMAL,NORMAL,1,5,False,0.01744108748389408,1.7627770805195285e-05,0.982541310787201,ODIR
HOGCNN_EFFICIENTNETB3_ADAPTED_3CLASS,S000304,ODIR,NORMAL,NORMAL,1,4,False,0.2566820123698562,0.0005891654505376209,0.7427288651466369,ODIR
HOGCNN_EFFICIENTNETB3_ADAPTED_3CLASS,S000305,ODIR,NORMAL,NORMAL,1,5,False,0.0002145745362213347,6.258839299455587e-06,0.9997791409492492,ODIR
HOGCNN_EFFICIENTNETB3_ADAPTED_3CLASS,S000306,ODIR,NORMAL,AMD_DRY,0,3,False,0.5813182584941388,8.629667745654323e-05,0.4185954600572586,ODIR
HOGCNN_EFFICIENTNETB3_ADAPTED_3CLASS,S000307,ODIR,NORMAL,NORMAL,1,5,False,0.014516399989952333,2.6967052278470406e-05,0.9854566335678101,ODIR
HOGCNN_EFFICIENTNETB3_ADAPTED_3CLASS,S000308,ODIR,NORMAL,NORMAL,1,3,False,0.31181260333396493,0.0005358539087751523,0.6876515328884125,ODIR
HOGCNN_EFFICIENTNETB3_ADAPTED_3CLASS,S000309,ODIR,NORMAL,NORMAL,1,5,False,0.0003697665037179831,2.5753187939625556e-06,0.999627661705017,ODIR
HOGCNN_EFFICIENTNETB3_ADAPTED_3CLASS,S000310,ODIR,NORMAL,NORMAL,1,5,False,0.051688850804930554,0.00010213825776475005,0.948209011554718,ODIR
HOGCNN_EFFICIENTNETB3_ADAPTED_3CLASS,S000311,ODIR,NORMAL,NORMAL,1,3,False,0.3124095318838954,0.0004837444116446932,0.6871066689491272,ODIR
HOGCNN_EFFICIENTNETB3_ADAPTED_3CLASS,S000312,ODIR,NORMAL,NORMAL,1,5,False,0.0032307383269653657,3.8553812796404686e-05,0.9967306971549987,ODIR
HOGCNN_EFFICIENTNETB3_ADAPTED_3CLASS,S000313,ODIR,NORMAL,NORMAL,1,4,False,0.15171527061611415,0.0010143560536505446,0.8472703278064728,ODIR
HOGCNN_EFFICIENTNETB3_ADAPTED_3CLASS,S000314,ODIR,NORMAL,NORMAL,1,5,False,0.0005676466485397214,7.813680494077602e-05,0.9993542075157166,ODIR
HOGCNN_EFFICIENTNETB3_ADAPTED_3CLASS,S000315,ODIR,NORMAL,NORMAL,1,4,False,0.2094629413448274,4.010010857907753e-05,0.790496963262558,ODIR
HOGCNN_EFFICIENTNETB3_ADAPTED_3CLASS,S000316,ODIR,NORMAL,NORMAL,1,5,False,0.0001858318275083093,1.5806851895163072e-06,0.9998125672340393,ODIR
HOGCNN_EFFICIENTNETB3_ADAPTED_3CLASS,S000317,ODIR,NORMAL,NORMAL,1,5,False,0.007839538798725698,9.772615957992503e-06,0.9921506762504577,ODIR
HOGCNN_EFFICIENTNETB3_ADAPTED_3CLASS,S000318,ODIR,NORMAL,NORMAL,1,5,False,0.011968291299854172,1.2700589345870927e-05,0.9880190372467041,ODIR
HOGCNN_EFFICIENTNETB3_ADAPTED_3CLASS,S000319,ODIR,NORMAL,AMD_DRY,0,3,False,0.5091815039515495,0.0004911089854203965,0.4903273731470108,ODIR
HOGCNN_EFFICIENTNETB3_ADAPTED_3CLASS,S000320,ODIR,NORMAL,NORMAL,1,5,False,0.018099332635756582,7.296787489465827e-05,0.981827712059021,ODIR
HOGCNN_EFFICIENTNETB3_ADAPTED_3CLASS,S000321,ODIR,NORMAL,NORMAL,1,5,False,0.017171778304327746,0.08082487605155393,0.9020033478736877,ODIR
HOGCNN_EFFICIENTNETB3_ADAPTED_3CLASS,S000322,ODIR,NORMAL,NORMAL,1,4,False,0.11099156231721281,0.0004926874803757641,0.8885157942771912,ODIR
HOGCNN_EFFICIENTNETB3_ADAPTED_3CLASS,S000323,ODIR,NORMAL,NORMAL,1,5,False,0.08094551141548437,0.0001315952802801057,0.9189229130744934,ODIR
HOGCNN_EFFICIENTNETB3_ADAPTED_3CLASS,S000324,ODIR,NORMAL,AMD_DRY,0,3,False,0.5663688912987709,0.0012755812279465317,0.43235548324882983,ODIR
HOGCNN_EFFICIENTNETB3_ADAPTED_3CLASS,S000325,ODIR,NORMAL,NORMAL,1,5,False,0.030549547815462576,0.0007917872370313717,0.9686586499214173,ODIR
HOGCNN_EFFICIENTNETB3_ADAPTED_3CLASS,S000326,ODIR,NORMAL,NORMAL,1,5,False,0.10822463866788894,0.0007327338390609838,0.8910426497459412,ODIR
HOGCNN_EFFICIENTNETB3_ADAPTED_3CLASS,S000327,ODIR,NORMAL,NORMAL,1,3,False,0.484151478856802,0.0003046991218361939,0.5155438356101513,ODIR
HOGCNN_EFFICIENTNETB3_ADAPTED_3CLASS,S000328,ODIR,NORMAL,NORMAL,1,3,False,0.27394241825677457,0.0001419156804470134,0.7259156703948975,ODIR
HOGCNN_EFFICIENTNETB3_ADAPTED_3CLASS,S000329,ODIR,NORMAL,AMD_DRY,0,4,False,0.7961632922291756,0.0013200892237364315,0.20251658242195844,ODIR
HOGCNN_EFFICIENTNETB3_ADAPTED_3CLASS,S000330,ODIR,NORMAL,AMD_DRY,0,4,False,0.8026238948106765,0.0010315061251731095,0.19634459298104048,ODIR
HOGCNN_EFFICIENTNETB3_ADAPTED_3CLASS,S000331,ODIR,NORMAL,AMD_DRY,0,3,False,0.5452348170801997,0.014123419902898605,0.44064175635576247,ODIR
HOGCNN_EFFICIENTNETB3_ADAPTED_3CLASS,S000332,ODIR,NORMAL,NORMAL,1,5,False,0.00770852649002336,0.006640621243286659,0.9856508493423461,ODIR
HOGCNN_EFFICIENTNETB3_ADAPTED_3CLASS,S000333,ODIR,NORMAL,NORMAL,1,5,False,0.043882626143749805,0.00031486233415307653,0.9558025002479553,ODIR
HOGCNN_EFFICIENTNETB3_ADAPTED_3CLASS,S000334,ODIR,NORMAL,NORMAL,1,5,False,1.8744152336580554e-05,3.67183674514493e-06,0.9999776124954224,ODIR
HOGCNN_EFFICIENTNETB3_ADAPTED_3CLASS,S000335,ODIR,NORMAL,NORMAL,1,5,False,0.00011560110333448392,2.778260081837125e-06,0.999881637096405,ODIR
HOGCNN_EFFICIENTNETB3_ADAPTED_3CLASS,S000336,ODIR,NORMAL,NORMAL,1,5,False,0.0001814589878449624,4.728182367230716e-06,0.9998138308525085,ODIR
HOGCNN_EFFICIENTNETB3_ADAPTED_3CLASS,S000337,ODIR,NORMAL,NORMAL,1,5,False,0.02486146883456968,0.0002196189018775385,0.9749189376831054,ODIR
HOGCNN_EFFICIENTNETB3_ADAPTED_3CLASS,S000338,ODIR,NORMAL,NORMAL,1,5,False,0.00011400806606616243,4.19914500193741e-06,0.9998818159103393,ODIR
HOGCNN_EFFICIENTNETB3_ADAPTED_3CLASS,S000339,ODIR,NORMAL,NORMAL,1,5,False,0.0016351897385902703,7.02871646765857e-05,0.9982945442199707,ODIR
HOGCNN_EFFICIENTNETB3_ADAPTED_3CLASS,S000340,ODIR,NORMAL,NORMAL,1,5,False,0.00022067849403129003,6.819505962749051e-07,0.9997786521911621,ODIR
HOGCNN_EFFICIENTNETB3_ADAPTED_3CLASS,S000341,ODIR,NORMAL,NORMAL,1,5,False,0.0006289863652455096,4.36865398028008e-06,0.9993666648864746,ODIR
HOGCNN_EFFICIENTNETB3_ADAPTED_3CLASS,S000342,ODIR,NORMAL,NORMAL,1,5,False,0.0014556826979969628,1.272487935848332e-05,0.9985315799713135,ODIR
HOGCNN_EFFICIENTNETB3_ADAPTED_3CLASS,S000343,ODIR,NORMAL,NORMAL,1,5,False,0.011412156169535592,4.905255083258453e-05,0.9885387897491456,ODIR
HOGCNN_EFFICIENTNETB3_ADAPTED_3CLASS,S000344,ODIR,NORMAL,NORMAL,1,5,False,0.02195697258284781,0.0001167042341982949,0.9779263615608216,ODIR
HOGCNN_EFFICIENTNETB3_ADAPTED_3CLASS,S000345,ODIR,NORMAL,NORMAL,1,5,False,3.8850776593335465e-05,5.7453949415475766e-06,0.9999554276466369,ODIR
HOGCNN_EFFICIENTNETB3_ADAPTED_3CLASS,S000346,ODIR,NORMAL,NORMAL,1,5,False,0.0025323325833596757,3.4377099591747543e-06,0.9974641919136047,ODIR
HOGCNN_EFFICIENTNETB3_ADAPTED_3CLASS,S000347,ODIR,NORMAL,NORMAL,1,4,False,0.13586448403075338,5.756947125838963e-05,0.8640779733657837,ODIR
HOGCNN_EFFICIENTNETB3_ADAPTED_3CLASS,S000348,ODIR,NORMAL,NORMAL,1,5,False,0.04858797776978463,0.0005375533534788702,0.9508744716644287,ODIR
HOGCNN_EFFICIENTNETB3_ADAPTED_3CLASS,S000349,ODIR,NORMAL,NORMAL,1,5,False,0.0012745987012749537,1.9611709079470073e-05,0.998705780506134,ODIR
HOGCNN_EFFICIENTNETB3_ADAPTED_3CLASS,S000350,ODIR,NORMAL,NORMAL,1,5,False,0.2039028666447848,0.00018856965324403062,0.7959085464477539,ODIR
HOGCNN_EFFICIENTNETB3_ADAPTED_3CLASS,S000351,ODIR,NORMAL,NORMAL,1,5,False,0.0010221685910437373,3.452822258653843e-06,0.9989743947982788,ODIR
HOGCNN_EFFICIENTNETB3_ADAPTED_3CLASS,S000352,ODIR,NORMAL,AMD_DRY,0,4,False,0.7344214767217636,0.03700944073498249,0.2285690569318831,ODIR
HOGCNN_EFFICIENTNETB3_ADAPTED_3CLASS,S000353,ODIR,NORMAL,NORMAL,1,5,False,0.037674480699934065,0.00010782317303821287,0.9622177004814148,ODIR
HOGCNN_EFFICIENTNETB3_ADAPTED_3CLASS,S000354,ODIR,NORMAL,NORMAL,1,4,False,0.27512330319732425,0.001305871492058941,0.7235708415508271,ODIR
HOGCNN_EFFICIENTNETB3_ADAPTED_3CLASS,S000355,ODIR,NORMAL,NORMAL,1,4,False,0.213069897540845,0.0006959232572398832,0.7862342119216919,ODIR
HOGCNN_EFFICIENTNETB3_ADAPTED_3CLASS,S000356,ODIR,NORMAL,NORMAL,1,5,False,0.09536905200220644,0.00017090372091672635,0.9044600486755371,ODIR
HOGCNN_EFFICIENTNETB3_ADAPTED_3CLASS,S000357,ODIR,NORMAL,NORMAL,1,5,False,0.01476200818142388,3.71346486843116e-05,0.9852008581161499,ODIR
HOGCNN_EFFICIENTNETB3_ADAPTED_3CLASS,S000358,ODIR,NORMAL,NORMAL,1,3,False,0.35975879803299904,0.001062990701120725,0.6391782343387604,ODIR
HOGCNN_EFFICIENTNETB3_ADAPTED_3CLASS,S000359,ODIR,NORMAL,NORMAL,1,5,False,0.006659713928820565,0.00021024488123657647,0.9931300401687622,ODIR
HOGCNN_EFFICIENTNETB3_ADAPTED_3CLASS,S000360,ODIR,NORMAL,NORMAL,1,5,False,0.0034530663095210913,1.1361129286102667e-05,0.9965355515480041,ODIR
HOGCNN_EFFICIENTNETB3_ADAPTED_3CLASS,S000361,ODIR,NORMAL,NORMAL,1,4,False,0.21969806230627,0.0006011603962178924,0.7797008216381073,ODIR
HOGCNN_EFFICIENTNETB3_ADAPTED_3CLASS,S000362,ODIR,NORMAL,AMD_DRY,0,3,False,0.5491998758167028,0.0011120986922833254,0.4496880382299423,ODIR
HOGCNN_EFFICIENTNETB3_ADAPTED_3CLASS,S000363,ODIR,NORMAL,NORMAL,1,5,False,0.022888059890829027,5.36382070880137e-05,0.9770583271980285,ODIR
HOGCNN_EFFICIENTNETB3_ADAPTED_3CLASS,S000364,ODIR,AMD_DRY,AMD_DRY,1,3,False,0.6329123675823212,0.3638294552569278,0.003258179468866729,ODIR
HOGCNN_EFFICIENTNETB3_ADAPTED_3CLASS,S000365,ODIR,AMD_DRY,AMD_DRY,1,5,False,0.9963232636451721,0.002774207736365497,0.0009024781560583506,ODIR
HOGCNN_EFFICIENTNETB3_ADAPTED_3CLASS,S000366,ODIR,AMD_DRY,AMD_WET,0,4,False,0.3348556893877685,0.6359434902668,0.029200816278898856,ODIR
HOGCNN_EFFICIENTNETB3_ADAPTED_3CLASS,S000367,ODIR,AMD_DRY,AMD_DRY,1,4,False,0.7338147183967522,0.26189483602065594,0.004290472894808772,ODIR
HOGCNN_EFFICIENTNETB3_ADAPTED_3CLASS,S000368,ODIR,AMD_DRY,AMD_DRY,1,5,False,0.9979859948158264,0.00020312862400757582,0.0018108718301846239,ODIR
HOGCNN_EFFICIENTNETB3_ADAPTED_3CLASS,S000369,ODIR,AMD_DRY,AMD_DRY,1,4,False,0.6163981318473816,0.2847440533339977,0.09885779920732603,ODIR
HOGCNN_EFFICIENTNETB3_ADAPTED_3CLASS,S000370,ODIR,AMD_DRY,AMD_DRY,1,5,False,0.9981348276138305,0.001528390756357112,0.0003368312995007727,ODIR
HOGCNN_EFFICIENTNETB3_ADAPTED_3CLASS,S000371,ODIR,AMD_DRY,AMD_DRY,1,5,False,0.9924473285675048,0.004518847976578399,0.003033814607624663,ODIR
HOGCNN_EFFICIENTNETB3_ADAPTED_3CLASS,S000372,ODIR,AMD_DRY,AMD_DRY,1,3,False,0.6030911862850189,0.39243176523596046,0.004477084084646777,ODIR
HOGCNN_EFFICIENTNETB3_ADAPTED_3CLASS,S000373,ODIR,AMD_DRY,AMD_WET,0,5,False,0.006990888501786685,0.9917186975479126,0.0012904172104256872,ODIR
HOGCNN_EFFICIENTNETB3_ADAPTED_3CLASS,S000374,ODIR,AMD_DRY,AMD_DRY,1,5,False,0.998828935623169,0.0010241050256126981,0.0001469700215920966,ODIR
HOGCNN_EFFICIENTNETB3_ADAPTED_3CLASS,S000375,ODIR,AMD_DRY,AMD_DRY,1,5,False,0.9996597647666932,0.0002936910850763752,4.6545098985006914e-05,ODIR
HOGCNN_EFFICIENTNETB3_ADAPTED_3CLASS,S000376,ODIR,AMD_DRY,AMD_DRY,1,5,False,0.9977871894836425,0.0018223180462882738,0.0003905106409547443,ODIR
HOGCNN_EFFICIENTNETB3_ADAPTED_3CLASS,S000377,ODIR,AMD_DRY,AMD_WET,0,5,False,0.09983427151455544,0.898221778869629,0.0019439412332644679,ODIR
HOGCNN_EFFICIENTNETB3_ADAPTED_3CLASS,S000378,ODIR,AMD_DRY,AMD_DRY,1,5,False,0.9416260838508606,0.002982347822035081,0.05539155353908427,ODIR
HOGCNN_EFFICIENTNETB3_ADAPTED_3CLASS,S000379,ODIR,AMD_DRY,AMD_DRY,1,5,False,0.9910937666893005,0.0037301692165783605,0.005176054548064713,ODIR
HOGCNN_EFFICIENTNETB3_ADAPTED_3CLASS,S000380,ODIR,AMD_DRY,AMD_DRY,1,5,False,0.8422431945800781,0.14424592358991503,0.013510899670654908,ODIR
HOGCNN_EFFICIENTNETB3_ADAPTED_3CLASS,S000381,ODIR,AMD_DRY,AMD_DRY,1,4,False,0.8640830099582673,0.13536235729407053,0.0005546353962927242,ODIR
HOGCNN_EFFICIENTNETB3_ADAPTED_3CLASS,S000382,ODIR,AMD_DRY,AMD_DRY,1,4,False,0.6397788396570832,0.35898145716637375,0.0012396742726082266,ODIR
HOGCNN_EFFICIENTNETB3_ADAPTED_3CLASS,S000383,ODIR,AMD_DRY,AMD_DRY,1,5,False,0.9979759931564331,0.001549151423330386,0.0004748858160155578,ODIR
HOGCNN_EFFICIENTNETB3_ADAPTED_3CLASS,S000384,ODIR,AMD_DRY,AMD_DRY,1,4,False,0.6957552671432495,0.16738210996845737,0.13686264192219824,ODIR
HOGCNN_EFFICIENTNETB3_ADAPTED_3CLASS,S000385,ODIR,AMD_DRY,AMD_DRY,1,5,False,0.9986069202423096,0.0011629480055034946,0.00023012624089915334,ODIR
HOGCNN_EFFICIENTNETB3_ADAPTED_3CLASS,S000386,ODIR,AMD_DRY,AMD_DRY,1,5,False,0.984513771533966,0.015120316128013655,0.0003659480317764974,ODIR
HOGCNN_EFFICIENTNETB3_ADAPTED_3CLASS,S000387,ODIR,AMD_DRY,AMD_DRY,1,4,False,0.7737325163558125,0.2259712624207168,0.00029618933447608244,ODIR
HOGCNN_EFFICIENTNETB3_ADAPTED_3CLASS,S000388,ODIR,AMD_DRY,AMD_DRY,1,4,False,0.7945590525865555,0.17033733942735124,0.03510362542001531,ODIR
HOGCNN_EFFICIENTNETB3_ADAPTED_3CLASS,S000389,ODIR,AMD_DRY,AMD_DRY,1,5,False,0.9946286916732788,0.0021124555878486717,0.0032588777430646587,ODIR
HOGCNN_EFFICIENTNETB3_ADAPTED_3CLASS,S000390,ODIR,AMD_DRY,AMD_DRY,1,3,False,0.62240404561162,0.37182519137859343,0.005770750420924742,ODIR
HOGCNN_EFFICIENTNETB3_ADAPTED_3CLASS,S000391,ODIR,AMD_DRY,AMD_DRY,1,4,False,0.7946159079670906,0.20370756302454537,0.0016765219009357679,ODIR
HOGCNN_EFFICIENTNETB3_ADAPTED_3CLASS,S000392,ODIR,AMD_DRY,AMD_DRY,1,5,False,0.9978299856185913,0.0018919940470368602,0.00027802534259535605,ODIR
HOGCNN_EFFICIENTNETB3_ADAPTED_3CLASS,S000393,ODIR,AMD_DRY,AMD_WET,0,4,False,0.3032106078229845,0.6925220549106598,0.004267337432793283,ODIR
HOGCNN_EFFICIENTNETB3_ADAPTED_3CLASS,S000394,ODIR,AMD_DRY,AMD_DRY,1,4,False,0.6664590314030647,0.3320915408432484,0.0014494141702925845,ODIR
HOGCNN_EFFICIENTNETB3_ADAPTED_3CLASS,S000395,ODIR,AMD_DRY,AMD_WET,0,5,False,0.0043443443086015774,0.9954831600189209,0.00017249165590350614,ODIR
HOGCNN_EFFICIENTNETB3_ADAPTED_3CLASS,S000396,ODIR,AMD_DRY,AMD_DRY,1,5,False,0.9993793368339539,0.0005332924150934559,8.735111496207537e-05,ODIR
HOGCNN_EFFICIENTNETB3_ADAPTED_3CLASS,S000397,ODIR,AMD_DRY,AMD_DRY,1,5,False,0.9988845586776733,0.0008318347373233337,0.00028359192001516933,ODIR
HOGCNN_EFFICIENTNETB3_ADAPTED_3CLASS,S000398,ODIR,AMD_DRY,AMD_DRY,1,5,False,0.9993149757385253,0.0004990536674426948,0.00018597381249492174,ODIR
HOGCNN_EFFICIENTNETB3_ADAPTED_3CLASS,S000399,ODIR,AMD_DRY,AMD_WET,0,5,False,0.002786415950984877,0.997035026550293,0.00017856131438785672,ODIR
HOGCNN_EFFICIENTNETB3_ADAPTED_3CLASS,S000400,ODIR,AMD_DRY,AMD_DRY,1,4,False,0.7555043928325176,0.24069194085896015,0.0038036511628888547,ODIR
HOGCNN_EFFICIENTNETB3_ADAPTED_3CLASS,S000401,ODIR,AMD_DRY,AMD_DRY,1,5,False,0.8800806522369384,0.09171498853247613,0.02820435588946566,ODIR
HOGCNN_EFFICIENTNETB3_ADAPTED_3CLASS,S000402,ODIR,AMD_DRY,AMD_DRY,1,5,False,0.9908488273620606,0.008735639589031053,0.00041554302306394674,ODIR
HOGCNN_EFFICIENTNETB3_ADAPTED_3CLASS,S000403,ODIR,AMD_DRY,AMD_DRY,1,5,False,0.9918008685112,0.007784694725120289,0.000414461468801619,ODIR
HOGCNN_EFFICIENTNETB3_ADAPTED_3CLASS,S000404,ODIR,AMD_DRY,AMD_DRY,1,4,False,0.7298720002174377,0.2683407053351402,0.0017872697539132788,ODIR
HOGCNN_EFFICIENTNETB3_ADAPTED_3CLASS,S000405,ODIR,AMD_DRY,AMD_DRY,1,5,False,0.9424827456474304,0.056519393273629245,0.0009978316784327035,ODIR
HOGCNN_EFFICIENTNETB3_ADAPTED_3CLASS,S000406,ODIR,AMD_DRY,AMD_WET,0,5,False,0.0012428879661754877,0.9981574058532715,0.0005997177254605468,ODIR
HOGCNN_EFFICIENTNETB3_ADAPTED_3CLASS,S000407,ODIR,AMD_DRY,AMD_DRY,1,5,False,0.9915415287017822,0.006580590757948812,0.0018779322170303203,ODIR
HOGCNN_EFFICIENTNETB3_ADAPTED_3CLASS,S000408,ODIR,AMD_DRY,AMD_DRY,1,5,False,0.9062154173851014,0.009764422838634346,0.08402015971951186,ODIR
HOGCNN_EFFICIENTNETB3_ADAPTED_3CLASS,S000409,ODIR,AMD_DRY,AMD_DRY,1,5,False,0.9994292736053467,0.0005014022274735907,6.929717765160603e-05,ODIR
HOGCNN_EFFICIENTNETB3_ADAPTED_3CLASS,S000410,ODIR,AMD_DRY,AMD_DRY,1,5,False,0.9989978671073914,0.0008975955349114883,0.00010449842120578978,ODIR
HOGCNN_EFFICIENTNETB3_ADAPTED_3CLASS,S000411,ODIR,AMD_DRY,AMD_DRY,1,5,False,0.9426554083824158,0.0561895395629108,0.0011550438697668143,ODIR
HOGCNN_EFFICIENTNETB3_ADAPTED_3CLASS,S000412,ODIR,AMD_DRY,AMD_DRY,1,5,False,0.9949217319488526,0.003813746926607564,0.0012644902191823349,ODIR
HOGCNN_EFFICIENTNETB3_ADAPTED_3CLASS,S000413,ODIR,AMD_DRY,AMD_DRY,1,5,False,0.9982777237892151,0.0010209064816308455,0.0007013593494775705,ODIR
HOGCNN_EFFICIENTNETB3_ADAPTED_3CLASS,S000414,ODIR,AMD_DRY,AMD_DRY,1,5,False,0.9976003170013428,0.0017752817211658112,0.0006244022260943893,ODIR
HOGCNN_EFFICIENTNETB3_ADAPTED_3CLASS,S000415,ODIR,AMD_DRY,AMD_DRY,1,5,False,0.9991682767868042,0.0006426548757218597,0.00018905440198295763,ODIR
HOGCNN_EFFICIENTNETB3_ADAPTED_3CLASS,S000416,ODIR,AMD_DRY,AMD_DRY,1,3,False,0.5270052773845236,0.46814740598201754,0.00484731893177468,ODIR
HOGCNN_EFFICIENTNETB3_ADAPTED_3CLASS,S000417,ODIR,AMD_DRY,AMD_DRY,1,5,False,0.9996861934661865,0.00025250867410875344,6.131503529047678e-05,ODIR
HOGCNN_EFFICIENTNETB3_ADAPTED_3CLASS,S000418,ODIR,AMD_DRY,AMD_WET,0,5,False,0.007335991417087251,0.9925071716308593,0.00015683992517722157,ODIR
HOGCNN_EFFICIENTNETB3_ADAPTED_3CLASS,S000419,ODIR,AMD_DRY,AMD_DRY,1,5,False,0.9932840228080749,0.005490049585932866,0.0012259509167051874,ODIR
HOGCNN_EFFICIENTNETB3_ADAPTED_3CLASS,S000420,ODIR,AMD_DRY,AMD_DRY,1,5,False,0.9983367681503296,0.0006318822598586849,0.0010314038743672426,ODIR
HOGCNN_EFFICIENTNETB3_ADAPTED_3CLASS,S000421,ODIR,AMD_DRY,AMD_DRY,1,5,False,0.9908925056457519,0.00878214928889065,0.00032537642036913896,ODIR
HOGCNN_EFFICIENTNETB3_ADAPTED_3CLASS,S000422,ODIR,AMD_DRY,AMD_DRY,1,5,False,0.9950726509094239,0.004551665729377419,0.0003756926327241672,ODIR
HOGCNN_EFFICIENTNETB3_ADAPTED_3CLASS,S000423,ODIR,AMD_DRY,AMD_WET,0,4,False,0.06384610095701646,0.7728023082017899,0.16335157810271994,ODIR
HOGCNN_EFFICIENTNETB3_ADAPTED_3CLASS,S000424,ODIR,AMD_DRY,AMD_WET,0,5,False,0.008010397991893115,0.979810094833374,0.012179507149267011,ODIR
HOGCNN_EFFICIENTNETB3_ADAPTED_3CLASS,S000425,ODIR,AMD_DRY,AMD_DRY,1,5,False,0.8955408930778503,0.00042836100293754955,0.10403075439389795,ODIR
HOGCNN_EFFICIENTNETB3_ADAPTED_3CLASS,S000426,ODIR,AMD_DRY,AMD_DRY,1,3,False,0.6320599377155304,0.000611172714843633,0.36732892505824566,ODIR
HOGCNN_EFFICIENTNETB3_ADAPTED_3CLASS,S000427,ODIR,AMD_DRY,AMD_DRY,1,4,False,0.8671375393867493,0.0011816445117801776,0.13168078823946416,ODIR
HOGCNN_EFFICIENTNETB3_ADAPTED_3CLASS,S000428,ODIR,AMD_DRY,NORMAL,0,4,False,0.21485497163375838,0.0026971574626713847,0.7824478596448898,ODIR
HOGCNN_EFFICIENTNETB3_ADAPTED_3CLASS,S000429,ODIR,AMD_DRY,AMD_DRY,1,5,False,0.998114824295044,0.001457930068636415,0.0004272233291885641,ODIR
HOGCNN_EFFICIENTNETB3_ADAPTED_3CLASS,S000430,ODIR,AMD_DRY,AMD_DRY,1,5,False,0.9715981721878052,0.0272478839946416,0.0011539606743099285,ODIR
HOGCNN_EFFICIENTNETB3_ADAPTED_3CLASS,S000431,ODIR,AMD_DRY,AMD_DRY,1,5,False,0.9904434323310852,0.008231584617169574,0.0013249678144347855,ODIR
HOGCNN_EFFICIENTNETB3_ADAPTED_3CLASS,S000432,ODIR,AMD_DRY,AMD_DRY,1,5,False,0.9960063815116882,0.0009334299245665534,0.003060201219341252,ODIR
HOGCNN_EFFICIENTNETB3_ADAPTED_3CLASS,S000433,ODIR,AMD_DRY,AMD_DRY,1,5,False,0.9991194009780884,0.000712528946405655,0.00016811046860425448,ODIR
HOGCNN_EFFICIENTNETB3_ADAPTED_3CLASS,S000434,ODIR,AMD_DRY,AMD_DRY,1,5,False,0.9284211874008179,0.027405434453976342,0.044173380633583295,ODIR
HOGCNN_EFFICIENTNETB3_ADAPTED_3CLASS,S000435,ODIR,AMD_DRY,AMD_DRY,1,5,False,0.9992204666137695,0.0006506662997935563,0.00012889498001413812,ODIR
HOGCNN_EFFICIENTNETB3_ADAPTED_3CLASS,S000436,ODIR,AMD_DRY,AMD_DRY,1,5,False,0.9271057844161987,0.07180356282842695,0.0010906406630965648,ODIR
HOGCNN_EFFICIENTNETB3_ADAPTED_3CLASS,S000437,ODIR,AMD_DRY,AMD_DRY,1,5,False,0.9952126145362854,0.004134481989603955,0.0006529107115056832,ODIR
HOGCNN_EFFICIENTNETB3_ADAPTED_3CLASS,S000438,ODIR,AMD_DRY,AMD_DRY,1,4,False,0.6918385850265623,0.29498463002964853,0.013176766931655948,ODIR
HOGCNN_EFFICIENTNETB3_ADAPTED_3CLASS,S000439,ODIR,AMD_DRY,AMD_DRY,1,4,False,0.6257216095924377,0.36620552018284797,0.008072866949441959,ODIR
HOGCNN_EFFICIENTNETB3_ADAPTED_3CLASS,S000440,ODIR,AMD_DRY,NORMAL,0,5,False,0.03149595858994871,0.00031820281946011165,0.9681858658790589,ODIR
HOGCNN_EFFICIENTNETB3_ADAPTED_3CLASS,S000441,ODIR,AMD_DRY,AMD_DRY,1,5,False,0.9989998698234558,0.0008886703143801356,0.00011148465213750569,ODIR
HOGCNN_EFFICIENTNETB3_ADAPTED_3CLASS,S000442,ODIR,AMD_DRY,AMD_DRY,1,5,False,0.9918238282203674,0.0014341200945636955,0.006742057878000196,ODIR
HOGCNN_EFFICIENTNETB3_ADAPTED_3CLASS,S000443,ODIR,AMD_DRY,AMD_WET,0,3,False,0.46406443191372093,0.5329075783491135,0.003027999683521898,ODIR
HOGCNN_EFFICIENTNETB3_ADAPTED_3CLASS,S000444,ODIR,AMD_DRY,AMD_DRY,1,5,False,0.9774246335029602,0.0019747963822737804,0.020600578017911174,ODIR
HOGCNN_EFFICIENTNETB3_ADAPTED_3CLASS,S000445,ODIR,AMD_WET,AMD_DRY,0,4,False,0.8414709389209747,0.15501883290708066,0.003510200319578871,ODIR
HOGCNN_EFFICIENTNETB3_ADAPTED_3CLASS,S000446,ODIR,AMD_WET,AMD_DRY,0,4,False,0.786286611109972,0.20429139006009792,0.00942196479300037,ODIR
HOGCNN_EFFICIENTNETB3_ADAPTED_3CLASS,S000447,ODIR,AMD_WET,AMD_WET,1,5,False,0.003469523511060402,0.9931011438369751,0.0034293594378149274,ODIR
HOGCNN_EFFICIENTNETB3_ADAPTED_3CLASS,S000448,ODIR,AMD_WET,AMD_DRY,0,5,False,0.8813520550727845,0.10792592559009791,0.010722014936618507,ODIR
HOGCNN_EFFICIENTNETB3_ADAPTED_3CLASS,S000449,ODIR,AMD_WET,AMD_WET,1,5,False,1.5569751754688043e-06,0.9999982118606567,2.2948941498906946e-07,ODIR
HOGCNN_EFFICIENTNETB3_ADAPTED_3CLASS,S000450,ODIR,AMD_WET,AMD_WET,1,5,False,0.023477125768840777,0.9742040395736694,0.0023188262805774683,ODIR
HOGCNN_EFFICIENTNETB3_ADAPTED_3CLASS,S000451,ODIR,AMD_WET,AMD_WET,1,5,False,0.002027741625355792,0.9979478597640992,2.4394539026983097e-05,ODIR
HOGCNN_EFFICIENTNETB3_ADAPTED_3CLASS,S000452,ODIR,AMD_WET,AMD_WET,1,5,False,0.009177929670010798,0.9908129930496216,9.072450927128953e-06,ODIR
HOGCNN_EFFICIENTNETB3_ADAPTED_3CLASS,S000453,ODIR,AMD_WET,AMD_DRY,0,5,False,0.9276162147521972,0.06757521642139182,0.004808599634998245,ODIR
HOGCNN_EFFICIENTNETB3_ADAPTED_3CLASS,S000454,ODIR,AMD_WET,AMD_WET,1,5,False,0.0002924079183437733,0.9995813727378845,0.00012622403499470413,ODIR
HOGCNN_EFFICIENTNETB3_ADAPTED_3CLASS,S000455,ODIR,AMD_WET,AMD_WET,1,5,False,0.00041420763831808983,0.9994302988052368,0.00015550433700050811,ODIR
HOGCNN_EFFICIENTNETB3_ADAPTED_3CLASS,S000456,ODIR,AMD_WET,AMD_WET,1,5,False,7.545299227968433e-05,0.9999181389808655,6.410544343216929e-06,ODIR
HOGCNN_EFFICIENTNETB3_ADAPTED_3CLASS,S000457,ODIR,AMD_WET,AMD_WET,1,5,False,0.0015809245760181057,0.9975568532943726,0.0008622337615415531,ODIR
HOGCNN_EFFICIENTNETB3_ADAPTED_3CLASS,S000458,ODIR,AMD_WET,AMD_WET,1,5,False,0.0018545056719769804,0.9969783663749695,0.0011671191508644096,ODIR
HOGCNN_EFFICIENTNETB3_ADAPTED_3CLASS,S000459,ODIR,AMD_WET,AMD_WET,1,5,False,0.0358086011314299,0.9635323882102966,0.0006589501944290532,ODIR
HOGCNN_EFFICIENTNETB3_ADAPTED_3CLASS,S000460,ODIR,AMD_WET,AMD_DRY,0,5,False,0.9844011068344116,0.013793930157407885,0.0018049937672913075,ODIR
HOGCNN_EFFICIENTNETB3_ADAPTED_3CLASS,S000461,ODIR,AMD_WET,AMD_DRY,0,4,False,0.8634645581245423,0.1354466245509684,0.0010888131015235557,ODIR
HOGCNN_EFFICIENTNETB3_ADAPTED_3CLASS,S000462,ODIR,AMD_WET,AMD_WET,1,5,False,0.08668215293437243,0.9068427443504333,0.006475124360440532,ODIR
HOGCNN_EFFICIENTNETB3_ADAPTED_3CLASS,S000463,ODIR,AMD_WET,AMD_WET,1,5,False,4.271478453408668e-05,0.9999421000480652,1.5196904855522504e-05,ODIR
HOGCNN_EFFICIENTNETB3_ADAPTED_3CLASS,S000464,ODIR,AMD_WET,AMD_WET,1,5,False,0.00027782588445346873,0.9996809363365173,4.124513843202719e-05,ODIR
HOGCNN_EFFICIENTNETB3_ADAPTED_3CLASS,S000465,ODIR,AMD_WET,AMD_WET,1,5,False,0.009592011523819454,0.9883714914321899,0.0020364970448583097,ODIR
HOGCNN_EFFICIENTNETB3_ADAPTED_3CLASS,S000466,ODIR,AMD_WET,AMD_WET,1,5,False,0.0017555932993380096,0.9979135155677795,0.0003308734446200834,ODIR
HOGCNN_EFFICIENTNETB3_ADAPTED_3CLASS,S000467,ODIR,AMD_WET,AMD_DRY,0,5,False,0.9279531478881836,0.06537826731801033,0.006668615021044389,ODIR
HOGCNN_EFFICIENTNETB3_ADAPTED_3CLASS,S000468,ODIR,AMD_WET,AMD_WET,1,5,False,2.544574692118346e-07,0.9999996185302734,1.4079743777617947e-07,ODIR
HOGCNN_EFFICIENTNETB3_ADAPTED_3CLASS,S000469,ODIR,AMD_WET,AMD_WET,1,3,False,0.304427869990468,0.6573028802871704,0.03826926574110985,ODIR
HOGCNN_EFFICIENTNETB3_ADAPTED_3CLASS,S000470,ODIR,AMD_WET,AMD_WET,1,5,False,0.0006808173386626149,0.9991138935089111,0.00020528078434610408,ODIR
HOGCNN_EFFICIENTNETB3_ADAPTED_3CLASS,S000471,ODIR,AMD_WET,AMD_DRY,0,5,False,0.9713503599166871,0.027491579677371192,0.0011580222188058542,ODIR
HOGCNN_EFFICIENTNETB3_ADAPTED_3CLASS,S000472,ODIR,AMD_WET,AMD_DRY,0,5,False,0.9889392256736755,0.010225078777875752,0.0008357027470992761,ODIR
HOGCNN_EFFICIENTNETB3_ADAPTED_3CLASS,S000473,RFMID,NORMAL,NORMAL,1,5,False,0.002445287139562424,0.00013164259531439626,0.9974230527877808,RFMID
HOGCNN_EFFICIENTNETB3_ADAPTED_3CLASS,S000474,RFMID,NORMAL,NORMAL,1,4,False,0.3043887550011277,0.006257868144530221,0.689353359490633,RFMID
HOGCNN_EFFICIENTNETB3_ADAPTED_3CLASS,S000475,RFMID,NORMAL,NORMAL,1,5,False,0.0038731179651222193,2.1514564180913353e-05,0.9961053371429444,RFMID
HOGCNN_EFFICIENTNETB3_ADAPTED_3CLASS,S000476,RFMID,NORMAL,NORMAL,1,5,False,0.0007050790166431397,2.4622554388807614e-06,0.9992924809455872,RFMID
HOGCNN_EFFICIENTNETB3_ADAPTED_3CLASS,S000477,RFMID,NORMAL,NORMAL,1,5,False,0.0030668451683595775,3.1554318890347766e-05,0.9969015836715698,RFMID
HOGCNN_EFFICIENTNETB3_ADAPTED_3CLASS,S000478,RFMID,NORMAL,NORMAL,1,4,False,0.289651807397604,0.0036160214280243964,0.7067321583628654,RFMID
HOGCNN_EFFICIENTNETB3_ADAPTED_3CLASS,S000479,RFMID,NORMAL,NORMAL,1,4,False,0.13399090226739646,0.0004639038706500287,0.8655452013015748,RFMID
HOGCNN_EFFICIENTNETB3_ADAPTED_3CLASS,S000480,RFMID,NORMAL,NORMAL,1,5,False,0.06901738792657852,0.0018978766603140683,0.9290847778320312,RFMID
HOGCNN_EFFICIENTNETB3_ADAPTED_3CLASS,S000481,RFMID,NORMAL,NORMAL,1,5,False,0.009113983518909663,7.153599321796378e-05,0.990814471244812,RFMID
HOGCNN_EFFICIENTNETB3_ADAPTED_3CLASS,S000482,RFMID,NORMAL,NORMAL,1,5,False,0.008286406588740646,0.00012627739193362685,0.9915873050689697,RFMID
HOGCNN_EFFICIENTNETB3_ADAPTED_3CLASS,S000483,RFMID,NORMAL,NORMAL,1,5,False,0.003546562817064114,0.00010820937565361177,0.9963452219963074,RFMID
HOGCNN_EFFICIENTNETB3_ADAPTED_3CLASS,S000484,RFMID,NORMAL,NORMAL,1,5,False,0.0021405601262813436,0.000272477074709343,0.997586989402771,RFMID
HOGCNN_EFFICIENTNETB3_ADAPTED_3CLASS,S000485,RFMID,NORMAL,NORMAL,1,5,False,0.011470360508155863,0.004020108453635041,0.9845095753669739,RFMID
HOGCNN_EFFICIENTNETB3_ADAPTED_3CLASS,S000486,RFMID,NORMAL,NORMAL,1,5,False,0.0017309345654211938,0.00019138663778015542,0.9980777144432068,RFMID
HOGCNN_EFFICIENTNETB3_ADAPTED_3CLASS,S000487,RFMID,NORMAL,NORMAL,1,5,False,0.10203924598172306,0.002043521001587578,0.8959172368049622,RFMID
HOGCNN_EFFICIENTNETB3_ADAPTED_3CLASS,S000488,RFMID,NORMAL,NORMAL,1,5,False,0.012328920606523752,7.452782121264434e-05,0.9875965595245362,RFMID
HOGCNN_EFFICIENTNETB3_ADAPTED_3CLASS,S000489,RFMID,NORMAL,NORMAL,1,5,False,0.0006543591466879661,4.079218659176765e-06,0.9993415713310242,RFMID
HOGCNN_EFFICIENTNETB3_ADAPTED_3CLASS,S000490,RFMID,NORMAL,AMD_DRY,0,3,False,0.6933502614498138,0.005780963989673182,0.30086878752335905,RFMID
HOGCNN_EFFICIENTNETB3_ADAPTED_3CLASS,S000491,RFMID,NORMAL,AMD_DRY,0,5,False,0.8639873504638672,0.004252848302712664,0.13175979051738979,RFMID
HOGCNN_EFFICIENTNETB3_ADAPTED_3CLASS,S000492,RFMID,NORMAL,NORMAL,1,5,False,0.0024740984896197914,3.850984060751461e-05,0.9974874019622803,RFMID
HOGCNN_EFFICIENTNETB3_ADAPTED_3CLASS,S000493,RFMID,NORMAL,NORMAL,1,5,False,0.0862767284270376,0.0008280523920575434,0.9128952145576477,RFMID
HOGCNN_EFFICIENTNETB3_ADAPTED_3CLASS,S000494,RFMID,NORMAL,AMD_DRY,0,5,False,0.9924741864204407,0.004701145883882418,0.002824729454005137,RFMID
HOGCNN_EFFICIENTNETB3_ADAPTED_3CLASS,S000495,RFMID,NORMAL,NORMAL,1,4,False,0.16145877856761218,0.0021983531955811486,0.836342865228653,RFMID
HOGCNN_EFFICIENTNETB3_ADAPTED_3CLASS,S000496,RFMID,NORMAL,NORMAL,1,5,False,0.016176498122513296,0.0010504412839509314,0.9827730655670166,RFMID
HOGCNN_EFFICIENTNETB3_ADAPTED_3CLASS,S000497,RFMID,NORMAL,NORMAL,1,5,False,0.002645439701154828,1.1422250412485014e-05,0.997343122959137,RFMID
HOGCNN_EFFICIENTNETB3_ADAPTED_3CLASS,S000498,RFMID,NORMAL,AMD_DRY,0,3,False,0.5341869562864303,0.05836545326747,0.4074475998990238,RFMID
HOGCNN_EFFICIENTNETB3_ADAPTED_3CLASS,S000499,RFMID,NORMAL,NORMAL,1,3,False,0.4667253114283085,0.002932815298663627,0.530341886729002,RFMID
HOGCNN_EFFICIENTNETB3_ADAPTED_3CLASS,S000500,RFMID,NORMAL,NORMAL,1,5,False,0.1252484311815351,0.0034205519232159533,0.871331000328064,RFMID
HOGCNN_EFFICIENTNETB3_ADAPTED_3CLASS,S000501,RFMID,NORMAL,NORMAL,1,5,False,0.06344447757001034,0.00012585540565215325,0.9364296793937683,RFMID
HOGCNN_EFFICIENTNETB3_ADAPTED_3CLASS,S000502,RFMID,NORMAL,NORMAL,1,5,False,0.0003787958808516123,2.530721807513176e-06,0.999618661403656,RFMID
HOGCNN_EFFICIENTNETB3_ADAPTED_3CLASS,S000503,RFMID,NORMAL,NORMAL,1,5,False,0.006955255570937879,1.8573651441267103e-05,0.9930261611938477,RFMID
HOGCNN_EFFICIENTNETB3_ADAPTED_3CLASS,S000504,RFMID,NORMAL,NORMAL,1,4,False,0.1972545228898525,0.0006896082921002744,0.802055886387825,RFMID
HOGCNN_EFFICIENTNETB3_ADAPTED_3CLASS,S000505,RFMID,NORMAL,NORMAL,1,5,False,0.009062669170089067,0.0003035473721496373,0.9906338095664978,RFMID
HOGCNN_EFFICIENTNETB3_ADAPTED_3CLASS,S000506,RFMID,NORMAL,NORMAL,1,5,False,0.0007046795130463579,1.8167204699988392e-05,0.999277126789093,RFMID
HOGCNN_EFFICIENTNETB3_ADAPTED_3CLASS,S000507,RFMID,NORMAL,NORMAL,1,5,False,0.024319972263765522,0.00019290995414280587,0.9754871010780335,RFMID
HOGCNN_EFFICIENTNETB3_ADAPTED_3CLASS,S000508,RFMID,NORMAL,NORMAL,1,5,False,0.003990464208982303,3.5063384987678306e-05,0.9959744930267334,RFMID
HOGCNN_EFFICIENTNETB3_ADAPTED_3CLASS,S000509,RFMID,NORMAL,NORMAL,1,5,False,0.0016347102425243066,5.332324921317188e-06,0.9983599305152893,RFMID
HOGCNN_EFFICIENTNETB3_ADAPTED_3CLASS,S000510,RFMID,NORMAL,NORMAL,1,5,False,0.0004469504978033001,3.3023835452020147e-06,0.9995497226715088,RFMID
HOGCNN_EFFICIENTNETB3_ADAPTED_3CLASS,S000511,RFMID,NORMAL,NORMAL,1,5,False,0.08812806719215587,0.0002609828360256472,0.9116109609603882,RFMID
HOGCNN_EFFICIENTNETB3_ADAPTED_3CLASS,S000512,RFMID,NORMAL,NORMAL,1,5,False,0.00015116532866557008,3.496723516487575e-07,0.999848473072052,RFMID
HOGCNN_EFFICIENTNETB3_ADAPTED_3CLASS,S000513,RFMID,NORMAL,NORMAL,1,5,False,0.0069732964460854415,6.982176393697803e-05,0.9929568529129028,RFMID
HOGCNN_EFFICIENTNETB3_ADAPTED_3CLASS,S000514,RFMID,NORMAL,NORMAL,1,5,False,0.042813357192790134,0.0006058435910876625,0.9565807938575744,RFMID
HOGCNN_EFFICIENTNETB3_ADAPTED_3CLASS,S000515,RFMID,NORMAL,NORMAL,1,5,False,0.0004026942553764457,1.6986361764475232e-06,0.9995956063270569,RFMID
HOGCNN_EFFICIENTNETB3_ADAPTED_3CLASS,S000516,RFMID,NORMAL,NORMAL,1,5,False,0.008028112580723246,0.0006087905407657135,0.9913631081581116,RFMID
HOGCNN_EFFICIENTNETB3_ADAPTED_3CLASS,S000517,RFMID,NORMAL,NORMAL,1,5,False,0.0009594297305739019,4.243651787577407e-05,0.9989981293678284,RFMID
HOGCNN_EFFICIENTNETB3_ADAPTED_3CLASS,S000518,RFMID,NORMAL,NORMAL,1,5,False,0.01437483171466738,6.905825062446525e-05,0.9855561017990112,RFMID
HOGCNN_EFFICIENTNETB3_ADAPTED_3CLASS,S000519,RFMID,NORMAL,NORMAL,1,5,False,0.015836673462763427,8.907369985635682e-05,0.9840742588043213,RFMID
HOGCNN_EFFICIENTNETB3_ADAPTED_3CLASS,S000520,RFMID,NORMAL,NORMAL,1,5,False,0.012597091170755447,0.00025032692391071534,0.98715261220932,RFMID
HOGCNN_EFFICIENTNETB3_ADAPTED_3CLASS,S000521,RFMID,NORMAL,NORMAL,1,4,False,0.296801520884037,0.0011335070772474864,0.7020649492740632,RFMID
HOGCNN_EFFICIENTNETB3_ADAPTED_3CLASS,S000522,RFMID,NORMAL,NORMAL,1,5,False,0.04577960120514035,0.00023265370777778572,0.9539877414703369,RFMID
HOGCNN_EFFICIENTNETB3_ADAPTED_3CLASS,S000523,RFMID,NORMAL,NORMAL,1,5,False,0.009853109857067466,0.0002361466515665711,0.9899107456207276,RFMID
HOGCNN_EFFICIENTNETB3_ADAPTED_3CLASS,S000524,RFMID,NORMAL,NORMAL,1,5,False,0.0008400544902542606,6.190713712815598e-06,0.999153733253479,RFMID
HOGCNN_EFFICIENTNETB3_ADAPTED_3CLASS,S000525,RFMID,NORMAL,NORMAL,1,4,False,0.2078225906006992,0.001880786858328065,0.7902966648340225,RFMID
HOGCNN_EFFICIENTNETB3_ADAPTED_3CLASS,S000526,RFMID,NORMAL,NORMAL,1,5,False,0.05302314069122076,0.014429348672842934,0.9325474858283996,RFMID
HOGCNN_EFFICIENTNETB3_ADAPTED_3CLASS,S000527,RFMID,NORMAL,NORMAL,1,4,False,0.13878546331543476,0.0011136708686066755,0.8601008653640747,RFMID
HOGCNN_EFFICIENTNETB3_ADAPTED_3CLASS,S000528,RFMID,NORMAL,NORMAL,1,5,False,0.0005735358617130259,2.455964440794406e-06,0.9994240164756775,RFMID
HOGCNN_EFFICIENTNETB3_ADAPTED_3CLASS,S000529,RFMID,NORMAL,NORMAL,1,4,False,0.29306230545043943,0.01776922306162305,0.6891684621572495,RFMID
HOGCNN_EFFICIENTNETB3_ADAPTED_3CLASS,S000530,RFMID,NORMAL,NORMAL,1,5,False,0.014661594969220459,5.2507597541762155e-05,0.9852858543395996,RFMID
HOGCNN_EFFICIENTNETB3_ADAPTED_3CLASS,S000531,RFMID,NORMAL,NORMAL,1,4,False,0.1855410857126117,0.0008704423772542214,0.8135884791612625,RFMID
HOGCNN_EFFICIENTNETB3_ADAPTED_3CLASS,S000532,RFMID,NORMAL,AMD_DRY,0,4,False,0.8280908703804016,0.017208852840121837,0.15470023937523364,RFMID
HOGCNN_EFFICIENTNETB3_ADAPTED_3CLASS,S000533,RFMID,NORMAL,NORMAL,1,5,False,0.003846594097558409,0.00013154536974582242,0.996021842956543,RFMID
HOGCNN_EFFICIENTNETB3_ADAPTED_3CLASS,S000534,RFMID,NORMAL,NORMAL,1,5,False,0.014227837142243516,7.680525231246182e-05,0.9856953620910645,RFMID
HOGCNN_EFFICIENTNETB3_ADAPTED_3CLASS,S000535,RFMID,NORMAL,AMD_DRY,0,4,False,0.6575463533401489,0.09155188854783773,0.2509017584845424,RFMID
HOGCNN_EFFICIENTNETB3_ADAPTED_3CLASS,S000536,RFMID,AMD_DRY,AMD_DRY,1,3,False,0.608056515455246,0.38808117583394053,0.003862314543221146,RFMID
HOGCNN_EFFICIENTNETB3_ADAPTED_3CLASS,S000537,RFMID,AMD_DRY,AMD_DRY,1,5,False,0.9975872159004211,0.002237910736585036,0.00017488501289335544,RFMID
HOGCNN_EFFICIENTNETB3_ADAPTED_3CLASS,S000538,RFMID,AMD_DRY,AMD_WET,0,5,False,0.005815704212000128,0.9940101146697998,0.00017420546387256764,RFMID
HOGCNN_EFFICIENTNETB3_ADAPTED_3CLASS,S000539,RFMID,AMD_DRY,AMD_WET,0,5,False,0.08384949744213373,0.9140811443328858,0.002069387029951031,RFMID
HOGCNN_EFFICIENTNETB3_ADAPTED_3CLASS,S000540,RFMID,AMD_DRY,AMD_DRY,1,4,False,0.6667216360569,0.33230103030800817,0.0009773277939530089,RFMID
HOGCNN_EFFICIENTNETB3_ADAPTED_3CLASS,S000541,RFMID,AMD_DRY,AMD_WET,0,5,False,0.11291135912761092,0.8863848924636841,0.000703738490028627,RFMID
HOGCNN_EFFICIENTNETB3_ADAPTED_3CLASS,S000542,RFMID,AMD_DRY,AMD_DRY,1,4,False,0.7250193417072296,0.2722687512636185,0.002711925143375993,RFMID
HOGCNN_EFFICIENTNETB3_ADAPTED_3CLASS,S000543,RFMID,AMD_DRY,AMD_WET,0,5,False,0.0898000793531537,0.9092356204986572,0.0009643083551054588,RFMID
HOGCNN_EFFICIENTNETB3_ADAPTED_3CLASS,S000544,RFMID,AMD_WET,AMD_WET,1,5,False,0.011578855938569176,0.9879945635795593,0.0004265686819678649,RFMID
HOGCNN_EFFICIENTNETB3_ADAPTED_3CLASS,S000545,RFMID,AMD_WET,AMD_WET,1,5,False,0.04048898741602898,0.959094762802124,0.0004162632474617567,RFMID
HOGCNN_EFFICIENTNETB3_ADAPTED_3CLASS,S000546,RFMID,AMD_WET,AMD_WET,1,5,False,8.962984658467121e-05,0.9999102592468262,1.0787687120816792e-07,RFMID
HOGCNN_EFFICIENTNETB3_ADAPTED_3CLASS,S000547,RFMID,AMD_WET,AMD_DRY,0,4,False,0.5183940052986145,0.46149628758430483,0.020109703158959748,RFMID
HOGCNN_EFFICIENTNETB3_ADAPTED_3CLASS,S000548,RFMID,AMD_WET,AMD_WET,1,5,False,0.12214026898145676,0.8726957321166993,0.005164014844194753,RFMID
HOGCNN_EFFICIENTNETB3_ADAPTED_3CLASS,S000549,RFMID,AMD_WET,AMD_WET,1,5,False,5.569644266074647e-05,0.9999442219734191,6.600748807955581e-08,RFMID
HOGCNN_EFFICIENTNETB3_ADAPTED_3CLASS,S000550,RFMID,AMD_WET,AMD_WET,1,5,False,0.003255155062652193,0.9967218279838562,2.3010481680785232e-05,RFMID
HOGCNN_EFFICIENTNETB3_ADAPTED_3CLASS,S000551,RFMID,AMD_WET,AMD_WET,1,5,False,1.9208492342315252e-05,0.9999807834625244,1.819568894666744e-08,RFMID
HOGCNN_EFFICIENTNETB3_ADAPTED_3CLASS,S000552,RFMID,AMD_WET,AMD_DRY,0,4,False,0.7256699502468109,0.11391099765896798,0.16041904203593732,RFMID
HOGCNN_EFFICIENTNETB3_ADAPTED_3CLASS,S000553,RFMID,AMD_WET,AMD_WET,1,5,False,0.002024854071351001,0.9979436874389649,3.145116095666367e-05,RFMID
HOGCNN_EFFICIENTNETB3_ADAPTED_3CLASS,S000554,RFMID,AMD_WET,AMD_WET,1,5,False,0.0003707474562588686,0.9996278762817383,1.3729675886420268e-06,RFMID
HOGCNN_EFFICIENTNETB3_ADAPTED_3CLASS,S000555,RFMID,AMD_WET,AMD_WET,1,5,False,0.00119558442484049,0.9987959623336792,8.471193382320052e-06,RFMID
HOGCNN_EFFICIENTNETB3_ADAPTED_3CLASS,S000556,RFMID,AMD_WET,AMD_WET,1,5,False,0.0029003854302573017,0.9969926953315735,0.0001069272249083042,RFMID
HOGCNN_EFFICIENTNETB3_ADAPTED_3CLASS,S000557,RFMID,AMD_WET,AMD_WET,1,5,False,0.0029756556265056132,0.9969959497451782,2.8439829702620045e-05,RFMID
HOGCNN_EFFICIENTNETB3_ADAPTED_3CLASS,S000558,RFMID,AMD_WET,AMD_WET,1,5,False,0.0023768156039295717,0.9975828528404236,4.033640590108689e-05,RFMID
HOGCNN_EFFICIENTNETB3_ADAPTED_3CLASS,S000559,RFMID,AMD_WET,AMD_WET,1,5,False,0.03922026418149471,0.9593692660331726,0.0014105057489359751,RFMID
HOGCNN_EFFICIENTNETB3_ADAPTED_3CLASS,S000560,RFMID,AMD_WET,AMD_WET,1,5,False,0.0010635326556439396,0.9989343762397767,2.1028275723367075e-06,RFMID
HOGCNN_EFFICIENTNETB3_ADAPTED_3CLASS,S000561,RFMID,AMD_WET,AMD_WET,1,5,False,3.29896805105534e-05,0.9999669790267944,2.106973593825334e-08,RFMID
HOGCNN_EFFICIENTNETB3_ADAPTED_3CLASS,S000562,RFMID,AMD_WET,AMD_DRY,0,3,False,0.6263565868139267,0.37105448395013807,0.002588932943763211,RFMID
HOGCNN_EFFICIENTNETB3_ADAPTED_3CLASS,S000563,RFMID,AMD_WET,AMD_WET,1,5,False,0.0020434263521110553,0.9979354500770569,2.1104374479019584e-05,RFMID
HOGCNN_EFFICIENTNETB3_ADAPTED_3CLASS,S000564,RFMID,AMD_WET,AMD_DRY,0,4,False,0.8446299791336059,0.14538598489016294,0.009984077885746956,RFMID
HOGCNN_EFFICIENTNETB3_ADAPTED_3CLASS,S000565,RFMID,AMD_WET,AMD_WET,1,4,False,0.3863588646054268,0.6109187215566635,0.0027224219404160975,RFMID
HOGCNN_EFFICIENTNETB3_ADAPTED_3CLASS,S000566,RFMID,AMD_WET,AMD_WET,1,5,False,8.405860508347019e-05,0.9999158143997192,9.502344271439256e-08,RFMID
HOGCNN_EFFICIENTNETB3_ADAPTED_3CLASS,S000567,RFMID,AMD_WET,AMD_DRY,0,3,False,0.5346990495920181,0.4622831404209137,0.003017823281697929,RFMID
HOGCNN_EFFICIENTNETB3_ADAPTED_3CLASS,S000568,RFMID,AMD_WET,AMD_WET,1,5,False,0.007502043611020781,0.9923976182937622,0.00010033884166205098,RFMID
HOGCNN_EFFICIENTNETB3_ADAPTED_3CLASS,S000569,RFMID,AMD_WET,AMD_WET,1,5,False,0.002244254992183414,0.9977392673492431,1.648935043654376e-05,RFMID
HOGCNN_EFFICIENTNETB3_ADAPTED_3CLASS,S000570,RFMID,AMD_WET,AMD_WET,1,5,False,0.08822428816929459,0.9109790563583374,0.0007966647666762583,RFMID
HOGCNN_EFFICIENTNETB3_ADAPTED_3CLASS,S000571,RFMID,AMD_WET,AMD_WET,1,5,False,0.0012709887058008462,0.9987248420715332,4.1778300257533376e-06,RFMID
HOGCNN_EFFICIENTNETB3_ADAPTED_3CLASS,S000572,RFMID,AMD_WET,AMD_WET,1,5,False,6.634234860314336e-05,0.9999333500862122,3.1410724927460885e-07,RFMID
HOGCNN_EFFICIENTNETB3_ADAPTED_3CLASS,S000573,RFMID,AMD_WET,AMD_WET,1,4,False,0.15545708481222392,0.8433920562267303,0.00115084819317417,RFMID
HOGCNN_EFFICIENTNETB3_ADAPTED_3CLASS,S000574,RFMID,AMD_WET,AMD_WET,1,5,False,0.11076626451686025,0.8890148282051087,0.00021890460760687347,RFMID
HOGCNN_EFFICIENTNETB3_ADAPTED_3CLASS,S000575,RFMID,AMD_WET,AMD_WET,1,5,False,0.0022665050855721347,0.9977091431617737,2.434445037273747e-05,RFMID
HOGCNN_EFFICIENTNETB3_ADAPTED_3CLASS,S000576,RFMID,AMD_WET,AMD_DRY,0,5,False,0.9020038485527039,0.05886677256785333,0.039129367517307403,RFMID
HOGCNN_EFFICIENTNETB3_ADAPTED_3CLASS,S000577,RFMID,AMD_WET,AMD_WET,1,5,False,0.003679453529184684,0.9962515950202941,6.896941390550637e-05,RFMID
HOGCNN_EFFICIENTNETB3_ADAPTED_3CLASS,S000578,RFMID,AMD_WET,AMD_DRY,0,3,False,0.39546972811222075,0.589255028963089,0.015275246620876714,RFMID
HOGCNN_EFFICIENTNETB3_ADAPTED_3CLASS,S000579,RFMID,AMD_WET,AMD_WET,1,5,False,0.05395070221275091,0.9451131105422974,0.0009361836147945724,RFMID
HOGCNN_EFFICIENTNETB3_ADAPTED_3CLASS,S000580,RFMID,AMD_WET,AMD_WET,1,5,False,7.560981877006157e-05,0.9999243259429932,2.8474939081646332e-08,RFMID
HOGCNN_EFFICIENTNETB3_ADAPTED_3CLASS,S000581,RFMID,AMD_WET,AMD_WET,1,5,False,0.0025825519685895417,0.9974037289619446,1.3703852766866476e-05,RFMID
HOGCNN_EFFICIENTNETB3_ADAPTED_3CLASS,S000582,RFMID,AMD_WET,AMD_WET,1,5,False,3.694475435911393e-06,0.9999963283538819,4.51991118232244e-09,RFMID
HOGCNN_EFFICIENTNETB3_ADAPTED_3CLASS,S000583,RFMID,AMD_WET,AMD_WET,1,5,False,0.027765254583209754,0.971507215499878,0.0007275582656575353,RFMID
HOGCNN_EFFICIENTNETB3_ADAPTED_3CLASS,S000584,RFMID,AMD_WET,AMD_WET,1,4,False,0.11052917022025213,0.8133119955658913,0.07615882453101222,RFMID
HOGCNN_EFFICIENTNETB3_ADAPTED_3CLASS,S000585,RFMID,AMD_WET,AMD_WET,1,4,False,0.22157540824264288,0.7782753229141235,0.00014928007136632003,RFMID
HOGCNN_EFFICIENTNETB3_ADAPTED_3CLASS,S000586,RFMID,AMD_WET,AMD_DRY,0,5,False,0.9844874262809753,0.01443703314580489,0.001075558364391327,RFMID
HOGCNN_EFFICIENTNETB3_ADAPTED_3CLASS,S000587,RFMID,AMD_WET,AMD_WET,1,5,False,0.004151143211493036,0.9958363175392151,1.2541506453089824e-05,RFMID
HOGCNN_EFFICIENTNETB3_ADAPTED_3CLASS,S000588,RFMID,AMD_WET,AMD_WET,1,5,False,0.02693858593702316,0.9727937817573548,0.0002676384860365033,RFMID
HOGCNN_EFFICIENTNETB3_ADAPTED_3CLASS,S000589,RFMID,AMD_WET,AMD_WET,1,5,False,0.0003760016177352554,0.9996219277381897,2.0560481407194685e-06,RFMID
HOGCNN_EFFICIENTNETB3_ADAPTED_3CLASS,S000590,RFMID,AMD_WET,AMD_WET,1,4,False,0.3445382662117481,0.6543203890323639,0.0011413608648581431,RFMID
HOGCNN_EFFICIENTNETB3_ADAPTED_3CLASS,S000591,RFMID,AMD_WET,AMD_WET,1,5,False,8.919648276197733e-05,0.9999107360839844,7.595917850267142e-08,RFMID
HOGCNN_EFFICIENTNETB3_ADAPTED_3CLASS,S000592,RFMID,AMD_WET,AMD_WET,1,5,False,0.06046085730195046,0.9382800102233887,0.0012591193037224003,RFMID
HOGCNN_EFFICIENTNETB3_ADAPTED_3CLASS,S000593,RFMID,AMD_WET,AMD_WET,1,5,False,0.00012018884033437871,0.9998796582221985,1.5515980605687596e-07,RFMID
HOGCNN_EFFICIENTNETB3_ADAPTED_3CLASS,S000594,RFMID,AMD_WET,AMD_WET,1,5,False,0.0005955465440138141,0.9994023084640503,2.1491429655906558e-06,RFMID
HOGCNN_EFFICIENTNETB3_ADAPTED_3CLASS,S000595,RFMID,AMD_WET,AMD_DRY,0,5,False,0.985195541381836,0.014180257462430745,0.0006241647206479684,RFMID
HOGCNN_EFFICIENTNETB3_ADAPTED_3CLASS,S000596,RFMID,AMD_WET,AMD_WET,1,5,False,4.294565472910961e-05,0.9999570727348328,1.0442770399148385e-08,RFMID
HOGCNN_EFFICIENTNETB3_ADAPTED_3CLASS,S000597,RFMID,AMD_WET,AMD_WET,1,3,False,0.41901549994945525,0.5734856367111206,0.007498877868056297,RFMID
