scope,class_condition,method,outer_fold,n_train,n_test,accuracy,macro_f1,balanced_accuracy,pca_components,pca_explained_variance,n_sources
OVERALL,ALL,MAJORITY_SOURCE,1,475,119,0.3949579831932773,0.14156626506024098,0.25,,,
OVERALL,ALL,DISEASE_LABEL_ONLY,1,475,119,0.31932773109243695,0.2909541546738905,0.407979797979798,,,
OVERALL,ALL,HANDCRAFTED32,1,475,119,0.8571428571428571,0.8435734635734635,0.8809843111970772,,,
OVERALL,ALL,VIT768,1,475,119,0.8991596638655462,0.847102131280888,0.8302111540941327,,,
OVERALL,ALL,HYBRID800,1,475,119,0.907563025210084,0.857306212913541,0.8402111540941327,,,
OVERALL,ALL,HYBRID_PCA128,1,475,119,0.8823529411764706,0.8486033602031475,0.8651810659789383,128.0,0.9190376996994019,
OVERALL,ALL,MAJORITY_SOURCE,2,475,119,0.3949579831932773,0.14156626506024098,0.25,,,
OVERALL,ALL,DISEASE_LABEL_ONLY,2,475,119,0.31092436974789917,0.28592246745897,0.4010353535353535,,,
OVERALL,ALL,HANDCRAFTED32,2,475,119,0.8907563025210085,0.8788200967446251,0.9180437352245863,,,
OVERALL,ALL,VIT768,2,475,119,0.8403361344537815,0.8027798755708995,0.8103051794541156,,,
OVERALL,ALL,HYBRID800,2,475,119,0.8571428571428571,0.817898005884276,0.8225687728347304,,,
OVERALL,ALL,HYBRID_PCA128,2,475,119,0.9159663865546218,0.9024800406292881,0.9356264775413712,128.0,0.9187417030334473,
OVERALL,ALL,MAJORITY_SOURCE,3,475,119,0.3949579831932773,0.14156626506024098,0.25,,,
OVERALL,ALL,DISEASE_LABEL_ONLY,3,475,119,0.31932773109243695,0.2917085808643498,0.4201351351351351,,,
OVERALL,ALL,HANDCRAFTED32,3,475,119,0.8571428571428571,0.828762242690587,0.847176538240368,,,
OVERALL,ALL,VIT768,3,475,119,0.8823529411764706,0.8517149758454106,0.8743013225991949,,,
OVERALL,ALL,HYBRID800,3,475,119,0.9159663865546218,0.897606344628695,0.8970155261644623,,,
OVERALL,ALL,HYBRID_PCA128,3,475,119,0.9327731092436975,0.9131151355814088,0.9226538240368027,128.0,0.9177547097206116,
OVERALL,ALL,MAJORITY_SOURCE,4,475,119,0.3949579831932773,0.14156626506024098,0.25,,,
OVERALL,ALL,DISEASE_LABEL_ONLY,4,475,119,0.31932773109243695,0.2917085808643498,0.4201351351351351,,,
OVERALL,ALL,HANDCRAFTED32,4,475,119,0.8067226890756303,0.770537454747981,0.8217481311098332,,,
OVERALL,ALL,VIT768,4,475,119,0.8487394957983193,0.8042360201730874,0.8149884991374352,,,
OVERALL,ALL,HYBRID800,4,475,119,0.8571428571428571,0.807811167945439,0.821745255894192,,,
OVERALL,ALL,HYBRID_PCA128,4,475,119,0.9327731092436975,0.9096445353828362,0.9273346751006326,128.0,0.9176639318466187,
OVERALL,ALL,MAJORITY_SOURCE,5,476,118,0.3898305084745763,0.1402439024390244,0.25,,,
OVERALL,ALL,DISEASE_LABEL_ONLY,5,476,118,0.3135593220338983,0.2850877192982456,0.4101351351351351,,,
OVERALL,ALL,HANDCRAFTED32,5,476,118,0.847457627118644,0.8015584415584416,0.8271386603995299,,,
OVERALL,ALL,VIT768,5,476,118,0.9067796610169492,0.8835964912280702,0.8847473560517038,,,
OVERALL,ALL,HYBRID800,5,476,118,0.9152542372881356,0.8926693799932747,0.896069330199765,,,
OVERALL,ALL,HYBRID_PCA128,5,476,118,0.9152542372881356,0.8904166906296245,0.9162338425381904,128.0,0.9168302416801453,
CLASS_CONDITIONED,AMD_DRY,MAJORITY_SOURCE,1,111,28,0.6071428571428571,0.18888888888888888,0.25,,,4.0
CLASS_CONDITIONED,AMD_DRY,HANDCRAFTED32,1,111,28,0.8214285714285714,0.5900921658986175,0.6701680672268908,,,4.0
CLASS_CONDITIONED,AMD_DRY,VIT768,1,111,28,0.7857142857142857,0.5308441558441559,0.5658263305322129,,,4.0
CLASS_CONDITIONED,AMD_DRY,HYBRID800,1,111,28,0.8214285714285714,0.5862470862470862,0.6491596638655462,,,4.0
CLASS_CONDITIONED,AMD_DRY,HYBRID_PCA128,1,111,28,0.8214285714285714,0.5862470862470862,0.6491596638655462,110.0,0.9999998211860657,4.0
CLASS_CONDITIONED,AMD_DRY,MAJORITY_SOURCE,2,112,27,0.5925925925925926,0.18604651162790697,0.25,,,4.0
CLASS_CONDITIONED,AMD_DRY,HANDCRAFTED32,2,112,27,0.9629629629629629,0.9752688172043011,0.984375,,,4.0
CLASS_CONDITIONED,AMD_DRY,VIT768,2,112,27,0.9259259259259259,0.8419354838709677,0.9010416666666666,,,4.0
CLASS_CONDITIONED,AMD_DRY,HYBRID800,2,112,27,0.9259259259259259,0.8419354838709677,0.9010416666666666,,,4.0
CLASS_CONDITIONED,AMD_DRY,HYBRID_PCA128,2,112,27,0.9259259259259259,0.8419354838709677,0.9010416666666666,111.0,1.0,4.0
CLASS_CONDITIONED,AMD_DRY,MAJORITY_SOURCE,3,111,28,0.5714285714285714,0.18181818181818182,0.25,,,4.0
CLASS_CONDITIONED,AMD_DRY,HANDCRAFTED32,3,111,28,0.8571428571428571,0.8258064516129033,0.8497023809523809,,,4.0
CLASS_CONDITIONED,AMD_DRY,VIT768,3,111,28,0.8928571428571429,0.7927083333333333,0.8177083333333333,,,4.0
CLASS_CONDITIONED,AMD_DRY,HYBRID800,3,111,28,0.8571428571428571,0.7695564516129032,0.8020833333333333,,,4.0
CLASS_CONDITIONED,AMD_DRY,HYBRID_PCA128,3,111,28,0.8571428571428571,0.7695564516129032,0.8020833333333333,110.0,0.9999999403953552,4.0
CLASS_CONDITIONED,AMD_DRY,MAJORITY_SOURCE,4,111,28,0.5714285714285714,0.18181818181818182,0.25,,,4.0
CLASS_CONDITIONED,AMD_DRY,HANDCRAFTED32,4,111,28,0.8928571428571429,0.8586021505376344,0.8653273809523809,,,4.0
CLASS_CONDITIONED,AMD_DRY,VIT768,4,111,28,0.8214285714285714,0.7174731182795699,0.7247023809523809,,,4.0
CLASS_CONDITIONED,AMD_DRY,HYBRID800,4,111,28,0.8214285714285714,0.7174731182795699,0.7247023809523809,,,4.0
CLASS_CONDITIONED,AMD_DRY,HYBRID_PCA128,4,111,28,0.8214285714285714,0.7174731182795699,0.7247023809523809,110.0,1.0,4.0
CLASS_CONDITIONED,AMD_DRY,MAJORITY_SOURCE,5,111,28,0.5714285714285714,0.18181818181818182,0.25,,,4.0
CLASS_CONDITIONED,AMD_DRY,HANDCRAFTED32,5,111,28,0.8571428571428571,0.8610576923076922,0.8973214285714286,,,4.0
CLASS_CONDITIONED,AMD_DRY,VIT768,5,111,28,0.7142857142857143,0.603219696969697,0.6316964285714286,,,4.0
CLASS_CONDITIONED,AMD_DRY,HYBRID800,5,111,28,0.75,0.7386363636363635,0.7150297619047619,,,4.0
CLASS_CONDITIONED,AMD_DRY,HYBRID_PCA128,5,111,28,0.75,0.7386363636363635,0.7150297619047619,110.0,1.0,4.0
CLASS_CONDITIONED,AMD_WET,MAJORITY_SOURCE,1,135,33,0.3939393939393939,0.14130434782608695,0.25,,,4.0
CLASS_CONDITIONED,AMD_WET,HANDCRAFTED32,1,135,33,0.7575757575757576,0.6869352869352869,0.7035839160839161,,,4.0
CLASS_CONDITIONED,AMD_WET,VIT768,1,135,33,0.7272727272727273,0.6546265328874025,0.6593531468531468,,,4.0
CLASS_CONDITIONED,AMD_WET,HYBRID800,1,135,33,0.7272727272727273,0.6279461279461279,0.6285839160839162,,,4.0
CLASS_CONDITIONED,AMD_WET,HYBRID_PCA128,1,135,33,0.696969696969697,0.6094276094276094,0.6093531468531469,128.0,0.9967510104179382,4.0
CLASS_CONDITIONED,AMD_WET,MAJORITY_SOURCE,2,133,35,0.4,0.14285714285714285,0.25,,,4.0
CLASS_CONDITIONED,AMD_WET,HANDCRAFTED32,2,133,35,0.7428571428571429,0.6825396825396826,0.6994047619047619,,,4.0
CLASS_CONDITIONED,AMD_WET,VIT768,2,133,35,0.6857142857142857,0.6410714285714285,0.6539502164502164,,,4.0
CLASS_CONDITIONED,AMD_WET,HYBRID800,2,133,35,0.7714285714285715,0.7287037037037036,0.7153679653679653,,,4.0
CLASS_CONDITIONED,AMD_WET,HYBRID_PCA128,2,133,35,0.7428571428571429,0.7096153846153845,0.6975108225108225,128.0,0.9980606436729431,4.0
CLASS_CONDITIONED,AMD_WET,MAJORITY_SOURCE,3,134,34,0.4117647058823529,0.14583333333333334,0.25,,,4.0
CLASS_CONDITIONED,AMD_WET,HANDCRAFTED32,3,134,34,0.7941176470588235,0.7270676691729323,0.7424242424242423,,,4.0
CLASS_CONDITIONED,AMD_WET,VIT768,3,134,34,0.7647058823529411,0.6506493506493506,0.645021645021645,,,4.0
CLASS_CONDITIONED,AMD_WET,HYBRID800,3,134,34,0.8823529411764706,0.7717822407477579,0.7689393939393939,,,4.0
CLASS_CONDITIONED,AMD_WET,HYBRID_PCA128,3,134,34,0.8235294117647058,0.7083333333333333,0.7045454545454546,128.0,0.9971989393234253,4.0
CLASS_CONDITIONED,AMD_WET,MAJORITY_SOURCE,4,134,34,0.4117647058823529,0.14583333333333334,0.25,,,4.0
CLASS_CONDITIONED,AMD_WET,HANDCRAFTED32,4,134,34,0.7352941176470589,0.6475531173807035,0.6688311688311688,,,4.0
CLASS_CONDITIONED,AMD_WET,VIT768,4,134,34,0.8529411764705882,0.7792857142857142,0.7797619047619048,,,4.0
CLASS_CONDITIONED,AMD_WET,HYBRID800,4,134,34,0.8529411764705882,0.7792857142857142,0.7797619047619048,,,4.0
CLASS_CONDITIONED,AMD_WET,HYBRID_PCA128,4,134,34,0.8235294117647058,0.7591575091575092,0.7570346320346321,128.0,0.9972626566886902,4.0
CLASS_CONDITIONED,AMD_WET,MAJORITY_SOURCE,5,136,32,0.4375,0.15217391304347827,0.25,,,4.0
CLASS_CONDITIONED,AMD_WET,HANDCRAFTED32,5,136,32,0.8125,0.7599206349206349,0.773809523809524,,,4.0
CLASS_CONDITIONED,AMD_WET,VIT768,5,136,32,0.84375,0.8563311688311689,0.8392857142857143,,,4.0
CLASS_CONDITIONED,AMD_WET,HYBRID800,5,136,32,0.84375,0.8285533910533911,0.8392857142857143,,,4.0
CLASS_CONDITIONED,AMD_WET,HYBRID_PCA128,5,136,32,0.8125,0.8089763497372193,0.8214285714285714,128.0,0.9963659048080444,4.0
CLASS_CONDITIONED,NORMAL,MAJORITY_SOURCE,1,229,58,0.43103448275862066,0.20080321285140565,0.3333333333333333,,,3.0
CLASS_CONDITIONED,NORMAL,HANDCRAFTED32,1,229,58,0.9655172413793104,0.9656353507979524,0.9733333333333333,,,3.0
CLASS_CONDITIONED,NORMAL,VIT768,1,229,58,1.0,1.0,1.0,,,3.0
CLASS_CONDITIONED,NORMAL,HYBRID800,1,229,58,1.0,1.0,1.0,,,3.0
CLASS_CONDITIONED,NORMAL,HYBRID_PCA128,1,229,58,1.0,1.0,1.0,128.0,0.970504879951477,3.0
CLASS_CONDITIONED,NORMAL,MAJORITY_SOURCE,2,230,57,0.43859649122807015,0.2032520325203252,0.3333333333333333,,,3.0
CLASS_CONDITIONED,NORMAL,HANDCRAFTED32,2,230,57,0.9824561403508771,0.9801307189542484,0.9743589743589745,,,3.0
CLASS_CONDITIONED,NORMAL,VIT768,2,230,57,1.0,1.0,1.0,,,3.0
CLASS_CONDITIONED,NORMAL,HYBRID800,2,230,57,1.0,1.0,1.0,,,3.0
CLASS_CONDITIONED,NORMAL,HYBRID_PCA128,2,230,57,1.0,1.0,1.0,128.0,0.9705959558486938,3.0
CLASS_CONDITIONED,NORMAL,MAJORITY_SOURCE,3,230,57,0.43859649122807015,0.2032520325203252,0.3333333333333333,,,3.0
CLASS_CONDITIONED,NORMAL,HANDCRAFTED32,3,230,57,1.0,1.0,1.0,,,3.0
CLASS_CONDITIONED,NORMAL,VIT768,3,230,57,1.0,1.0,1.0,,,3.0
CLASS_CONDITIONED,NORMAL,HYBRID800,3,230,57,1.0,1.0,1.0,,,3.0
CLASS_CONDITIONED,NORMAL,HYBRID_PCA128,3,230,57,1.0,1.0,1.0,128.0,0.9701150059700012,3.0
CLASS_CONDITIONED,NORMAL,MAJORITY_SOURCE,4,230,57,0.43859649122807015,0.2032520325203252,0.3333333333333333,,,3.0
CLASS_CONDITIONED,NORMAL,HANDCRAFTED32,4,230,57,0.9824561403508771,0.9798639455782313,0.9866666666666667,,,3.0
CLASS_CONDITIONED,NORMAL,VIT768,4,230,57,1.0,1.0,1.0,,,3.0
CLASS_CONDITIONED,NORMAL,HYBRID800,4,230,57,1.0,1.0,1.0,,,3.0
CLASS_CONDITIONED,NORMAL,HYBRID_PCA128,4,230,57,1.0,1.0,1.0,128.0,0.9702448844909668,3.0
CLASS_CONDITIONED,NORMAL,MAJORITY_SOURCE,5,229,58,0.43103448275862066,0.20080321285140565,0.3333333333333333,,,3.0
CLASS_CONDITIONED,NORMAL,HANDCRAFTED32,5,229,58,0.9482758620689655,0.9554675903018307,0.96,,,3.0
CLASS_CONDITIONED,NORMAL,VIT768,5,229,58,0.9827586206896551,0.9785365853658536,0.9743589743589745,,,3.0
CLASS_CONDITIONED,NORMAL,HYBRID800,5,229,58,0.9827586206896551,0.9785365853658536,0.9743589743589745,,,3.0
CLASS_CONDITIONED,NORMAL,HYBRID_PCA128,5,229,58,1.0,1.0,1.0,128.0,0.9699069261550903,3.0
