scope,method,source,recall,n_true
OVERALL,MAJORITY_SOURCE,ADAM,0.0,52
OVERALL,MAJORITY_SOURCE,FIVES,0.0,183
OVERALL,MAJORITY_SOURCE,ODIR,1.0,234
OVERALL,MAJORITY_SOURCE,RFMID,0.0,125
OVERALL,DISEASE_LABEL_ONLY,ADAM,0.6730769230769231,52
OVERALL,DISEASE_LABEL_ONLY,FIVES,0.5409836065573771,183
OVERALL,DISEASE_LABEL_ONLY,ODIR,0.0,234
OVERALL,DISEASE_LABEL_ONLY,RFMID,0.432,125
OVERALL,HANDCRAFTED32,ADAM,0.8461538461538461,52
OVERALL,HANDCRAFTED32,FIVES,0.8961748633879781,183
OVERALL,HANDCRAFTED32,ODIR,0.7863247863247863,234
OVERALL,HANDCRAFTED32,RFMID,0.912,125
OVERALL,VIT768,ADAM,0.7115384615384616,52
OVERALL,VIT768,FIVES,0.8579234972677595,183
OVERALL,VIT768,ODIR,0.9273504273504274,234
OVERALL,VIT768,RFMID,0.872,125
OVERALL,HYBRID800,ADAM,0.7115384615384616,52
OVERALL,HYBRID800,FIVES,0.8797814207650273,183
OVERALL,HYBRID800,ODIR,0.9401709401709402,234
OVERALL,HYBRID800,RFMID,0.888,125
OVERALL,HYBRID_PCA128,ADAM,0.8846153846153846,52
OVERALL,HYBRID_PCA128,FIVES,0.8852459016393442,183
OVERALL,HYBRID_PCA128,ODIR,0.9230769230769231,234
OVERALL,HYBRID_PCA128,RFMID,0.96,125
CLASS_CONDITIONED_POOLED,MAJORITY_SOURCE,ADAM,0.0,52
CLASS_CONDITIONED_POOLED,MAJORITY_SOURCE,FIVES,0.3770491803278688,183
CLASS_CONDITIONED_POOLED,MAJORITY_SOURCE,ODIR,0.8803418803418803,234
CLASS_CONDITIONED_POOLED,MAJORITY_SOURCE,RFMID,0.0,125
CLASS_CONDITIONED_POOLED,HANDCRAFTED32,ADAM,0.8076923076923077,52
CLASS_CONDITIONED_POOLED,HANDCRAFTED32,FIVES,0.9398907103825137,183
CLASS_CONDITIONED_POOLED,HANDCRAFTED32,ODIR,0.8760683760683761,234
CLASS_CONDITIONED_POOLED,HANDCRAFTED32,RFMID,0.896,125
CLASS_CONDITIONED_POOLED,VIT768,ADAM,0.75,52
CLASS_CONDITIONED_POOLED,VIT768,FIVES,0.8852459016393442,183
CLASS_CONDITIONED_POOLED,VIT768,ODIR,0.9188034188034188,234
CLASS_CONDITIONED_POOLED,VIT768,RFMID,0.92,125
CLASS_CONDITIONED_POOLED,HYBRID800,ADAM,0.7307692307692307,52
CLASS_CONDITIONED_POOLED,HYBRID800,FIVES,0.912568306010929,183
CLASS_CONDITIONED_POOLED,HYBRID800,ODIR,0.9273504273504274,234
CLASS_CONDITIONED_POOLED,HYBRID800,RFMID,0.936,125
CLASS_CONDITIONED_POOLED,HYBRID_PCA128,ADAM,0.7307692307692307,52
CLASS_CONDITIONED_POOLED,HYBRID_PCA128,FIVES,0.8961748633879781,183
CLASS_CONDITIONED_POOLED,HYBRID_PCA128,ODIR,0.9230769230769231,234
CLASS_CONDITIONED_POOLED,HYBRID_PCA128,RFMID,0.928,125
