method,n,accuracy,macro_f1,balanced_accuracy,accuracy_ci_low,accuracy_ci_high,macro_f1_ci_low,macro_f1_ci_high,balanced_accuracy_ci_low,balanced_accuracy_ci_high,class_label,n_sources
MAJORITY_SOURCE,139,0.5827338129496403,0.18409090909090908,0.25,0.5827338129496403,0.5827338129496403,0.18409090909090908,0.18409090909090908,0.25,0.25,AMD_DRY,4
HANDCRAFTED32,139,0.8776978417266187,0.8419546140134375,0.8719246031746032,0.8201438848920863,0.9280575539568345,0.7564525773099626,0.9167458623505036,0.7870251873897708,0.9412698412698413,AMD_DRY,4
VIT768,139,0.8273381294964028,0.7360859728506788,0.7406746031746032,0.7697841726618705,0.8848920863309353,0.6273511183975637,0.8314032502513756,0.632557319223986,0.8372236000881832,AMD_DRY,4
HYBRID800,139,0.8345323741007195,0.763158016903855,0.7709215167548501,0.7769784172661871,0.8920863309352518,0.659454191310282,0.8563880952771092,0.6638861331569664,0.8676066468253968,AMD_DRY,4
HYBRID_PCA128,139,0.8345323741007195,0.763158016903855,0.7709215167548501,0.7769784172661871,0.8920863309352518,0.6586268019614794,0.861023684534997,0.6624421296296296,0.8719708994708992,AMD_DRY,4
MAJORITY_SOURCE,168,0.4107142857142857,0.14556962025316456,0.25,0.4107142857142857,0.4107142857142857,0.14556962025316456,0.14556962025316456,0.25,0.25,AMD_WET,4
HANDCRAFTED32,168,0.7678571428571429,0.7053070782246394,0.7179359666571943,0.7023809523809523,0.8273809523809523,0.6260310886555195,0.7788238729455376,0.6387625974302764,0.7939226596435675,AMD_WET,4
VIT768,168,0.7738095238095238,0.7236999992080498,0.7135583702079865,0.7083333333333334,0.8333333333333334,0.63546940581368,0.8009630550485286,0.6294415139244103,0.7927178480087688,AMD_WET,4
HYBRID800,168,0.8154761904761905,0.7523953301127214,0.7457670266174102,0.7619047619047619,0.8690476190476191,0.6688737778433113,0.8308540627704255,0.6688951728034209,0.8242383819469816,AMD_WET,4
HYBRID_PCA128,168,0.7797619047619048,0.7226056733770619,0.7167096307121883,0.7202380952380952,0.8392857142857143,0.639928421617204,0.7984401744837132,0.6379743805734853,0.7930485358394566,AMD_WET,4
MAJORITY_SOURCE,287,0.4355400696864111,0.20226537216828477,0.3333333333333333,0.4355400696864111,0.4355400696864111,0.20226537216828477,0.20226537216828477,0.3333333333333333,0.3333333333333333,NORMAL,3
HANDCRAFTED32,287,0.975609756097561,0.9760015146621525,0.9787089947089948,0.9547038327526133,0.9930313588850174,0.9569445995569034,0.9921256978778298,0.9601269841269842,0.9920423280423281,NORMAL,3
VIT768,287,0.9965156794425087,0.9956582914572865,0.9947089947089948,0.9895470383275261,1.0,0.9868947943210774,1.0,0.9841269841269842,1.0,NORMAL,3
HYBRID800,287,0.9965156794425087,0.9956582914572865,0.9947089947089948,0.9895470383275261,1.0,0.9868947943210774,1.0,0.9841269841269842,1.0,NORMAL,3
HYBRID_PCA128,287,1.0,1.0,1.0,1.0,1.0,1.0,1.0,1.0,1.0,NORMAL,3
