scenario,seed,n,accuracy,macro_f1,balanced_accuracy
VIT_GENERIC32_PCA128,42,594,0.930976430976431,0.9139825269550356,0.910361258031902
VIT_GENERIC32_PCA128,123,594,0.9326599326599326,0.9163009466684912,0.9127593395666742
VIT_GENERIC32_PCA128,2026,594,0.930976430976431,0.9137901051686604,0.9099473034812569
VIT_GENERIC32_PCA128,3407,594,0.9276094276094277,0.9096656650883445,0.9055650949623577
VIT_GENERIC32_PCA128,7777,594,0.9292929292929293,0.912496168713918,0.9091998178460715
VIT_HANDCRAFTED32_PCA128_PROPOSED,42,594,0.9326599326599326,0.9167978796064782,0.9127593395666742
VIT_HANDCRAFTED32_PCA128_PROPOSED,123,594,0.930976430976431,0.914328743804009,0.910361258031902
VIT_HANDCRAFTED32_PCA128_PROPOSED,2026,594,0.9326599326599326,0.9159678259920035,0.9115226982177326
VIT_HANDCRAFTED32_PCA128_PROPOSED,3407,594,0.930976430976431,0.9149824275717068,0.9120118539314889
VIT_HANDCRAFTED32_PCA128_PROPOSED,7777,594,0.9377104377104377,0.9230504082577942,0.9191256750697003
VIT_PCA128_MATCHED,42,594,0.930976430976431,0.914640789466454,0.910361258031902
VIT_PCA128_MATCHED,123,594,0.930976430976431,0.9142922438530795,0.9099473034812569
VIT_PCA128_MATCHED,2026,594,0.9326599326599326,0.9169530110123253,0.9119314304653838
VIT_PCA128_MATCHED,3407,594,0.930976430976431,0.9148042859844757,0.9099473034812569
VIT_PCA128_MATCHED,7777,594,0.930976430976431,0.9148042859844757,0.9099473034812569
VIT_RANDOM32_PCA128,42,594,0.936026936026936,0.9215645273500329,0.9175502803332246
VIT_RANDOM32_PCA128,123,594,0.930976430976431,0.9149860750984345,0.9099473034812569
VIT_RANDOM32_PCA128,2026,594,0.9225589225589226,0.9043800313028815,0.8991987594593315
VIT_RANDOM32_PCA128,3407,594,0.930976430976431,0.9144915450358745,0.9091246166829604
VIT_RANDOM32_PCA128,7777,594,0.9292929292929293,0.9128107245743933,0.9087858632954263
