class,feature_name,mean_absolute_coefficient,sd_absolute_coefficient,mean_signed_coefficient
AMD_DRY,Haralick_d1_IDM,0.07493124334055988,0.010395390694632108,-0.07493124334055988
AMD_DRY,LBP_bin_4,0.06556033976248968,0.007213250645041552,0.06556033976248968
AMD_DRY,LBP_bin_5,0.05674348027824174,0.003977816526979476,0.05674348027824174
AMD_DRY,LBP_bin_6,0.04480043810068967,0.004976910304815626,0.04480043810068967
AMD_DRY,LBP_bin_3,0.038667019841293386,0.015065345625269429,0.038667019841293386
AMD_DRY,LBP_bin_13,0.037982872990960835,0.014001365333424718,-0.037982872990960835
AMD_DRY,G_std,0.033526989387180336,0.009704474059386792,-0.033526989387180336
AMD_DRY,LBP_bin_16,0.02843724569158225,0.0034883530662071977,-0.02843724569158225
AMD_DRY,B_mean,0.025724232933247396,0.007781386407338124,0.025724232933247396
AMD_DRY,Haralick_d1_ASM,0.024823502376600474,0.009257832201889932,-0.024823502376600474
AMD_DRY,B_skew,0.022680408546251963,0.021032502307787686,-0.022245138484216907
AMD_DRY,LBP_bin_1,0.022365901868352425,0.008967389497709472,-0.022365901868352425
AMD_DRY,LBP_bin_2,0.021699970651961154,0.010649133464721952,0.021699970651961154
AMD_DRY,Haralick_d1_Correlation,0.02015710818490857,0.01580826215336315,-0.020069847618180193
AMD_DRY,LBP_bin_9,0.019798431086743083,0.004087264216815689,-0.019798431086743083
AMD_DRY,Haralick_d1_SSVariance,0.019678457140068197,0.008424469561452602,-0.019678457140068197
AMD_DRY,Haralick_d1_Contrast,0.017135622009461313,0.01762503169282758,0.0036091900766407996
AMD_DRY,LBP_bin_14,0.016442747292509968,0.010996865105471099,-0.01582526892393369
AMD_DRY,LBP_bin_11,0.01593115887465908,0.007546656695400242,-0.01593115887465908
AMD_DRY,LBP_bin_12,0.013959775311971099,0.00580948761569412,-0.009551110395507907
AMD_DRY,R_std,0.013923890527353006,0.010356743657424585,-0.011609071434299583
AMD_DRY,R_mean,0.01376245890182965,0.00997823768319746,-0.0109772080264813
AMD_DRY,LBP_bin_15,0.013526968108236124,0.005749983885148516,-0.013526968108236124
AMD_DRY,R_skew,0.013502577520351522,0.0117925717430007,-0.01311769494293321
AMD_DRY,G_skew,0.012440415249520324,0.009137079761906138,-0.0062117754522355954
AMD_DRY,LBP_bin_8,0.012255716109384735,0.005079590010140269,-0.012255716109384735
AMD_DRY,LBP_bin_10,0.0095498653655777,0.006410413091712381,-0.0095498653655777
AMD_DRY,B_std,0.008740399566975848,0.008486032999573092,0.0014739547604232606
AMD_DRY,LBP_bin_7,0.008320453977649727,0.0037228032685778156,0.007065190881551132
AMD_DRY,G_mean,0.0072240885014531195,0.005269259318985779,0.0072240885014531195
AMD_DRY,LBP_bin_17,0.0033975852320503575,0.001965308081125176,-0.001915327404982578
AMD_DRY,LBP_bin_0,0.0026117585259186216,0.001587169590737634,-0.0016346156288802672
AMD_WET,R_skew,0.04663727524352593,0.012842346776698764,0.04663727524352593
AMD_WET,B_mean,0.034790107550429696,0.006566013133957402,-0.034790107550429696
AMD_WET,Haralick_d1_IDM,0.03031513219673325,0.005145019366622436,0.03031513219673325
AMD_WET,LBP_bin_2,0.026142010426935373,0.0169386272251516,-0.024750832870269093
AMD_WET,LBP_bin_13,0.024514009613341964,0.015862217101401,-0.024514009613341964
AMD_WET,Haralick_d1_Correlation,0.024457058631597518,0.011668609407098966,-0.022321051635291855
AMD_WET,G_mean,0.02312807810887404,0.008052489226524219,-0.02312807810887404
AMD_WET,G_skew,0.017953642717639672,0.011635940934770201,0.017624807823780217
AMD_WET,LBP_bin_3,0.0166783155911737,0.006352192195313938,-0.0166783155911737
AMD_WET,LBP_bin_9,0.016336097046048808,0.004113884790537776,0.016336097046048808
AMD_WET,LBP_bin_4,0.016194617356835445,0.002710618645732868,-0.016194617356835445
AMD_WET,LBP_bin_14,0.016109643434106764,0.006673898037250373,-0.002809980728902176
AMD_WET,B_skew,0.015136252071525113,0.006866269765922721,0.015136252071525113
AMD_WET,LBP_bin_0,0.013387394192363265,0.00627032380851064,-0.013387394192363265
AMD_WET,LBP_bin_8,0.013271282466162264,0.004753736552839373,0.013271282466162264
AMD_WET,LBP_bin_7,0.01092431415640797,0.004598116384649102,0.01092431415640797
AMD_WET,Haralick_d1_Contrast,0.010887065333692518,0.011884102572922236,-0.005533885626411775
AMD_WET,LBP_bin_10,0.009753625975977597,0.005838505114655208,0.009753625975977597
AMD_WET,LBP_bin_12,0.0094204449993088,0.007403247766476135,-0.009380025181847057
AMD_WET,R_mean,0.00936410188326477,0.0036444176020338725,0.0009338861701695371
AMD_WET,LBP_bin_1,0.008799253293677811,0.005186471137516952,-0.007537214672205404
AMD_WET,LBP_bin_15,0.007186423762350669,0.0015592671195700499,0.00513448269559702
AMD_WET,Haralick_d1_ASM,0.006746147328003014,0.005508778379298627,0.006106468420091157
AMD_WET,Haralick_d1_SSVariance,0.006195995419804857,0.004280783525682807,-0.0059603053408559285
AMD_WET,LBP_bin_16,0.0061129150097187805,0.003400960196900619,-0.003541214576080859
AMD_WET,R_std,0.005640309386760679,0.0036506583573097046,-0.0010077184397805324
AMD_WET,B_std,0.005502701322436331,0.004030646365690575,-0.003361015635019988
AMD_WET,LBP_bin_5,0.005139378506513283,0.00281469349263149,-0.005037087756970239
AMD_WET,LBP_bin_6,0.004833130807501376,0.001868109926512377,-0.002504227853509481
AMD_WET,LBP_bin_17,0.0025008846755007865,0.0018796193075448493,-0.00246700809066373
AMD_WET,G_std,0.002014881530880204,0.0015390320343686144,-0.000668735616471713
AMD_WET,LBP_bin_11,0.0015111416809530096,0.0008106479784649863,0.0013175617158122594
NORMAL,Haralick_d1_Correlation,0.043296160303954494,0.010575545552161107,0.043296160303954494
NORMAL,LBP_bin_4,0.035260295831678896,0.005844284741177761,-0.035260295831678896
NORMAL,R_skew,0.03225661448296954,0.009093143755093219,-0.03225661448296954
NORMAL,Haralick_d1_IDM,0.03052996875458156,0.006887508698867084,0.03052996875458156
NORMAL,G_std,0.030360457821428398,0.003823111146495141,0.030360457821428398
NORMAL,LBP_bin_5,0.029258405863120906,0.005102364241248355,-0.029258405863120906
NORMAL,LBP_bin_16,0.027019415529086873,0.007210656276076239,0.027019415529086873
NORMAL,LBP_bin_3,0.023873446510839082,0.004664928989872738,-0.023873446510839082
NORMAL,LBP_bin_1,0.023785229171873312,0.003666620355358685,0.023785229171873312
NORMAL,Haralick_d1_SSVariance,0.023571709337276064,0.002565205272347524,0.023571709337276064
NORMAL,B_mean,0.02233315810713394,0.004274207153972824,0.02233315810713394
NORMAL,LBP_bin_13,0.01833705773873766,0.009848883579858662,0.018223724251245646
NORMAL,R_std,0.016636390439955226,0.005708496859015395,0.016636390439955226
NORMAL,LBP_bin_6,0.01520135131514416,0.00381896188327913,-0.01520135131514416
NORMAL,G_mean,0.012273567712079929,0.00963332648645862,0.012273567712079929
NORMAL,G_skew,0.011355891075655527,0.010466838394531884,-0.011355891075655527
NORMAL,B_std,0.011186852318101174,0.007446575806276426,0.011186852318101174
NORMAL,LBP_bin_2,0.011158879614662385,0.0070797285466601915,-0.011158879614662385
NORMAL,LBP_bin_7,0.010741950386073174,0.002701181407559429,-0.010741950386073174
NORMAL,R_mean,0.010369698392863511,0.005568684872224104,-0.003504759915531799
NORMAL,LBP_bin_14,0.010305730875735513,0.00511999048448205,0.010305730875735513
NORMAL,LBP_bin_17,0.009190069754324025,0.0032199840974635597,0.009190069754324025
NORMAL,B_skew,0.008139077648280257,0.005458500492080252,0.007031765811954871
NORMAL,Haralick_d1_Contrast,0.007553512448395837,0.0044304996237315986,-0.0016315472540992708
NORMAL,LBP_bin_12,0.006802291918463108,0.003710717822202794,0.0032368908335575035
NORMAL,LBP_bin_10,0.006221557166987019,0.0032757201097448874,-0.006221557166987019
NORMAL,LBP_bin_0,0.005345440455304996,0.0026532528064530164,-1.3606108481734117e-05
NORMAL,Haralick_d1_ASM,0.00510917893498298,0.004541674761470377,0.0011248754886308474
NORMAL,LBP_bin_11,0.004803708083925679,0.0032269055552597054,-0.004803708083925679
NORMAL,LBP_bin_9,0.003923951695300605,0.0016799492063095834,-0.003923951695300605
NORMAL,LBP_bin_8,0.003635499787758041,0.0025022164957047965,-0.0031849358398669887
NORMAL,LBP_bin_15,0.0020245525314256255,0.0015155359097672437,-0.0001620158470842813
