method,implementation_framework,seed,outer_fold,inner_fold,best_epoch,best_macro_f1,epochs_executed,elapsed_seconds,smoke_test
HOGCNN_EFFICIENTNETB3_ADAPTED_3CLASS,PyTorch/torchvision,42,1,1,4,0.8731126266931893,14,15.162771899995278,False
HOGCNN_EFFICIENTNETB3_ADAPTED_3CLASS,PyTorch/torchvision,42,1,2,3,0.8600407312683528,13,15.108633900003042,False
HOGCNN_EFFICIENTNETB3_ADAPTED_3CLASS,PyTorch/torchvision,42,1,3,4,0.9011427052883337,14,15.549314500000037,False
HOGCNN_EFFICIENTNETB3_ADAPTED_3CLASS,PyTorch/torchvision,42,1,4,7,0.8866934493387534,17,18.326304399997753,False
HOGCNN_EFFICIENTNETB3_ADAPTED_3CLASS,PyTorch/torchvision,42,2,1,7,0.8624299719887955,17,17.16962529999728,False
HOGCNN_EFFICIENTNETB3_ADAPTED_3CLASS,PyTorch/torchvision,42,2,2,3,0.8521296884933248,13,13.502158000002964,False
HOGCNN_EFFICIENTNETB3_ADAPTED_3CLASS,PyTorch/torchvision,42,2,3,13,0.9365115416705293,23,24.79428039999766,False
HOGCNN_EFFICIENTNETB3_ADAPTED_3CLASS,PyTorch/torchvision,42,2,4,8,0.9175669871477186,18,19.83658980000473,False
HOGCNN_EFFICIENTNETB3_ADAPTED_3CLASS,PyTorch/torchvision,42,3,1,7,0.9613243985294803,17,18.999913599996944,False
HOGCNN_EFFICIENTNETB3_ADAPTED_3CLASS,PyTorch/torchvision,42,3,2,3,0.9152270018836736,13,14.10040730000037,False
HOGCNN_EFFICIENTNETB3_ADAPTED_3CLASS,PyTorch/torchvision,42,3,3,11,0.8868943327462507,21,22.706508900002518,False
HOGCNN_EFFICIENTNETB3_ADAPTED_3CLASS,PyTorch/torchvision,42,3,4,3,0.9349816849816849,13,14.978385800000979,False
HOGCNN_EFFICIENTNETB3_ADAPTED_3CLASS,PyTorch/torchvision,42,4,1,6,0.8822689133901949,16,17.609250199995586,False
HOGCNN_EFFICIENTNETB3_ADAPTED_3CLASS,PyTorch/torchvision,42,4,2,6,0.857554333595182,16,17.234280599994236,False
HOGCNN_EFFICIENTNETB3_ADAPTED_3CLASS,PyTorch/torchvision,42,4,3,9,0.9458846120275813,19,21.230254300004162,False
HOGCNN_EFFICIENTNETB3_ADAPTED_3CLASS,PyTorch/torchvision,42,4,4,9,0.915867707172055,19,20.682018799998332,False
HOGCNN_EFFICIENTNETB3_ADAPTED_3CLASS,PyTorch/torchvision,42,5,1,4,0.892100492100492,14,16.074822499998845,False
HOGCNN_EFFICIENTNETB3_ADAPTED_3CLASS,PyTorch/torchvision,42,5,2,17,0.9063545150501673,27,29.966285499998776,False
HOGCNN_EFFICIENTNETB3_ADAPTED_3CLASS,PyTorch/torchvision,42,5,3,14,0.8685351798640225,24,26.060626200000115,False
HOGCNN_EFFICIENTNETB3_ADAPTED_3CLASS,PyTorch/torchvision,42,5,4,3,0.8844716549634583,13,14.128898000002664,False
HOGCNN_EFFICIENTNETB3_ADAPTED_3CLASS,PyTorch/torchvision,123,1,1,9,0.9015500271254746,19,18.027737900003558,False
HOGCNN_EFFICIENTNETB3_ADAPTED_3CLASS,PyTorch/torchvision,123,1,2,3,0.8865131578947368,13,12.135244299999613,False
HOGCNN_EFFICIENTNETB3_ADAPTED_3CLASS,PyTorch/torchvision,123,1,3,10,0.8798795407491059,20,19.657533600002353,False
HOGCNN_EFFICIENTNETB3_ADAPTED_3CLASS,PyTorch/torchvision,123,1,4,4,0.8891661625327686,14,14.892059500001778,False
HOGCNN_EFFICIENTNETB3_ADAPTED_3CLASS,PyTorch/torchvision,123,2,1,3,0.9269595835162293,13,13.607377799999085,False
HOGCNN_EFFICIENTNETB3_ADAPTED_3CLASS,PyTorch/torchvision,123,2,2,10,0.8941708391087476,20,18.29455869999947,False
HOGCNN_EFFICIENTNETB3_ADAPTED_3CLASS,PyTorch/torchvision,123,2,3,5,0.8991284577491475,15,13.783138099999633,False
HOGCNN_EFFICIENTNETB3_ADAPTED_3CLASS,PyTorch/torchvision,123,2,4,7,0.8914237935977066,17,15.356430399995588,False
HOGCNN_EFFICIENTNETB3_ADAPTED_3CLASS,PyTorch/torchvision,123,3,1,9,0.9394905812816261,19,21.08510589999787,False
HOGCNN_EFFICIENTNETB3_ADAPTED_3CLASS,PyTorch/torchvision,123,3,2,4,0.91546152057661,14,14.339219300003606,False
HOGCNN_EFFICIENTNETB3_ADAPTED_3CLASS,PyTorch/torchvision,123,3,3,9,0.8775577170983242,19,16.129461000004085,False
HOGCNN_EFFICIENTNETB3_ADAPTED_3CLASS,PyTorch/torchvision,123,3,4,6,0.937130620427504,16,16.161109300002863,False
HOGCNN_EFFICIENTNETB3_ADAPTED_3CLASS,PyTorch/torchvision,123,4,1,15,0.9666393218485098,25,27.051261699998577,False
HOGCNN_EFFICIENTNETB3_ADAPTED_3CLASS,PyTorch/torchvision,123,4,2,9,0.8954125509853063,19,21.27468139999837,False
HOGCNN_EFFICIENTNETB3_ADAPTED_3CLASS,PyTorch/torchvision,123,4,3,10,0.8350616674029703,20,22.67924199999834,False
HOGCNN_EFFICIENTNETB3_ADAPTED_3CLASS,PyTorch/torchvision,123,4,4,16,0.8497682945134825,26,29.748261300002923,False
HOGCNN_EFFICIENTNETB3_ADAPTED_3CLASS,PyTorch/torchvision,123,5,1,7,0.9138264554163597,17,18.989078000005975,False
HOGCNN_EFFICIENTNETB3_ADAPTED_3CLASS,PyTorch/torchvision,123,5,2,5,0.8758910008910009,15,16.46888929999841,False
HOGCNN_EFFICIENTNETB3_ADAPTED_3CLASS,PyTorch/torchvision,123,5,3,11,0.8651494082383117,21,23.58746339999925,False
HOGCNN_EFFICIENTNETB3_ADAPTED_3CLASS,PyTorch/torchvision,123,5,4,8,0.8991734901779879,18,20.158338299996103,False
HOGCNN_EFFICIENTNETB3_ADAPTED_3CLASS,PyTorch/torchvision,2026,1,1,5,0.8814428509343765,15,16.576252200000454,False
HOGCNN_EFFICIENTNETB3_ADAPTED_3CLASS,PyTorch/torchvision,2026,1,2,11,0.881462328521152,21,23.719828200002667,False
HOGCNN_EFFICIENTNETB3_ADAPTED_3CLASS,PyTorch/torchvision,2026,1,3,13,0.9365389320518324,23,25.502182500000345,False
HOGCNN_EFFICIENTNETB3_ADAPTED_3CLASS,PyTorch/torchvision,2026,1,4,5,0.8696602518412924,15,17.032409100000223,False
HOGCNN_EFFICIENTNETB3_ADAPTED_3CLASS,PyTorch/torchvision,2026,2,1,16,0.9234149403640929,26,25.419058899999072,False
HOGCNN_EFFICIENTNETB3_ADAPTED_3CLASS,PyTorch/torchvision,2026,2,2,13,0.9687097152232509,23,20.127953200004413,False
HOGCNN_EFFICIENTNETB3_ADAPTED_3CLASS,PyTorch/torchvision,2026,2,3,5,0.8634470721041199,15,16.352886799999396,False
HOGCNN_EFFICIENTNETB3_ADAPTED_3CLASS,PyTorch/torchvision,2026,2,4,4,0.9058300888489569,14,15.240863699997135,False
HOGCNN_EFFICIENTNETB3_ADAPTED_3CLASS,PyTorch/torchvision,2026,3,1,8,0.9375209803876485,18,18.377860400003556,False
HOGCNN_EFFICIENTNETB3_ADAPTED_3CLASS,PyTorch/torchvision,2026,3,2,4,0.8961283313686059,14,12.725053800000751,False
HOGCNN_EFFICIENTNETB3_ADAPTED_3CLASS,PyTorch/torchvision,2026,3,3,11,0.8919324933563412,21,20.474289800004044,False
HOGCNN_EFFICIENTNETB3_ADAPTED_3CLASS,PyTorch/torchvision,2026,3,4,4,0.9015086655154567,14,13.588312799998675,False
HOGCNN_EFFICIENTNETB3_ADAPTED_3CLASS,PyTorch/torchvision,2026,4,1,9,0.9227498869289915,19,21.353671100005158,False
HOGCNN_EFFICIENTNETB3_ADAPTED_3CLASS,PyTorch/torchvision,2026,4,2,4,0.8629351155666946,14,14.263458699999319,False
HOGCNN_EFFICIENTNETB3_ADAPTED_3CLASS,PyTorch/torchvision,2026,4,3,9,0.8969546676555114,19,15.92623299999832,False
HOGCNN_EFFICIENTNETB3_ADAPTED_3CLASS,PyTorch/torchvision,2026,4,4,6,0.917778749028749,16,16.051811199999065,False
HOGCNN_EFFICIENTNETB3_ADAPTED_3CLASS,PyTorch/torchvision,2026,5,1,7,0.9395492595375705,17,18.71496119999938,False
HOGCNN_EFFICIENTNETB3_ADAPTED_3CLASS,PyTorch/torchvision,2026,5,2,8,0.8711504424778761,18,19.836375400001998,False
HOGCNN_EFFICIENTNETB3_ADAPTED_3CLASS,PyTorch/torchvision,2026,5,3,5,0.9019762845849802,15,16.917319100000896,False
HOGCNN_EFFICIENTNETB3_ADAPTED_3CLASS,PyTorch/torchvision,2026,5,4,4,0.8495284103979758,14,16.08393480000086,False
HOGCNN_EFFICIENTNETB3_ADAPTED_3CLASS,PyTorch/torchvision,3407,1,1,4,0.8953407457832236,14,15.54354980000062,False
HOGCNN_EFFICIENTNETB3_ADAPTED_3CLASS,PyTorch/torchvision,3407,1,2,5,0.891449344080923,15,16.761780000000726,False
HOGCNN_EFFICIENTNETB3_ADAPTED_3CLASS,PyTorch/torchvision,3407,1,3,5,0.8984240420175152,15,16.686629099996935,False
HOGCNN_EFFICIENTNETB3_ADAPTED_3CLASS,PyTorch/torchvision,3407,1,4,9,0.859192103076504,19,21.53439680000156,False
HOGCNN_EFFICIENTNETB3_ADAPTED_3CLASS,PyTorch/torchvision,3407,2,1,12,0.9477004477004477,22,24.569722799999,False
HOGCNN_EFFICIENTNETB3_ADAPTED_3CLASS,PyTorch/torchvision,3407,2,2,6,0.8398654189563072,16,17.57408189999842,False
HOGCNN_EFFICIENTNETB3_ADAPTED_3CLASS,PyTorch/torchvision,3407,2,3,11,0.8789097281424647,21,23.657622799997625,False
HOGCNN_EFFICIENTNETB3_ADAPTED_3CLASS,PyTorch/torchvision,3407,2,4,2,0.9370138163241611,12,13.37352340000507,False
HOGCNN_EFFICIENTNETB3_ADAPTED_3CLASS,PyTorch/torchvision,3407,3,1,5,0.9109538140524056,15,12.918343999997887,False
HOGCNN_EFFICIENTNETB3_ADAPTED_3CLASS,PyTorch/torchvision,3407,3,2,10,0.9083697385756883,20,18.172166599993943,False
HOGCNN_EFFICIENTNETB3_ADAPTED_3CLASS,PyTorch/torchvision,3407,3,3,13,0.8527023004634945,23,25.563756799994735,False
HOGCNN_EFFICIENTNETB3_ADAPTED_3CLASS,PyTorch/torchvision,3407,3,4,9,0.9389733945900481,19,21.302681400004076,False
HOGCNN_EFFICIENTNETB3_ADAPTED_3CLASS,PyTorch/torchvision,3407,4,1,4,0.8886588451805842,14,15.452309000000241,False
HOGCNN_EFFICIENTNETB3_ADAPTED_3CLASS,PyTorch/torchvision,3407,4,2,8,0.9156146747528048,18,19.99635699999635,False
HOGCNN_EFFICIENTNETB3_ADAPTED_3CLASS,PyTorch/torchvision,3407,4,3,15,0.9057986494614664,25,28.240813999997044,False
HOGCNN_EFFICIENTNETB3_ADAPTED_3CLASS,PyTorch/torchvision,3407,4,4,8,0.8854098523144018,18,20.10815449999791,False
HOGCNN_EFFICIENTNETB3_ADAPTED_3CLASS,PyTorch/torchvision,3407,5,1,10,0.9290259963634577,20,17.76166390000435,False
HOGCNN_EFFICIENTNETB3_ADAPTED_3CLASS,PyTorch/torchvision,3407,5,2,7,0.864775905508171,17,15.211894899999606,False
HOGCNN_EFFICIENTNETB3_ADAPTED_3CLASS,PyTorch/torchvision,3407,5,3,5,0.8899386315886458,15,16.915494399996533,False
HOGCNN_EFFICIENTNETB3_ADAPTED_3CLASS,PyTorch/torchvision,3407,5,4,6,0.8755427841634739,16,17.728426100002252,False
HOGCNN_EFFICIENTNETB3_ADAPTED_3CLASS,PyTorch/torchvision,7777,1,1,4,0.8526057030481811,14,14.686048499999742,False
HOGCNN_EFFICIENTNETB3_ADAPTED_3CLASS,PyTorch/torchvision,7777,1,2,5,0.8674585570772928,15,15.662050700004329,False
HOGCNN_EFFICIENTNETB3_ADAPTED_3CLASS,PyTorch/torchvision,7777,1,3,10,0.8823718859524486,20,17.370582000003196,False
HOGCNN_EFFICIENTNETB3_ADAPTED_3CLASS,PyTorch/torchvision,7777,1,4,10,0.9356867238223171,20,18.642147600003227,False
HOGCNN_EFFICIENTNETB3_ADAPTED_3CLASS,PyTorch/torchvision,7777,2,1,5,0.8608686362122384,15,16.38895179999963,False
HOGCNN_EFFICIENTNETB3_ADAPTED_3CLASS,PyTorch/torchvision,7777,2,2,6,0.9052028822707472,16,17.951840699999593,False
HOGCNN_EFFICIENTNETB3_ADAPTED_3CLASS,PyTorch/torchvision,7777,2,3,13,0.9276761754075729,23,23.22994550000294,False
HOGCNN_EFFICIENTNETB3_ADAPTED_3CLASS,PyTorch/torchvision,7777,2,4,5,0.9154018456837479,15,12.454230700001062,False
HOGCNN_EFFICIENTNETB3_ADAPTED_3CLASS,PyTorch/torchvision,7777,3,1,3,0.9119769119769119,13,13.663758800001233,False
HOGCNN_EFFICIENTNETB3_ADAPTED_3CLASS,PyTorch/torchvision,7777,3,2,4,0.9119489705696603,14,15.252889300005336,False
HOGCNN_EFFICIENTNETB3_ADAPTED_3CLASS,PyTorch/torchvision,7777,3,3,13,0.9383365676469125,23,25.901917799994408,False
HOGCNN_EFFICIENTNETB3_ADAPTED_3CLASS,PyTorch/torchvision,7777,3,4,3,0.8891661625327686,13,13.791756800004805,False
HOGCNN_EFFICIENTNETB3_ADAPTED_3CLASS,PyTorch/torchvision,7777,4,1,17,0.8018819814702848,27,29.812812900003337,False
HOGCNN_EFFICIENTNETB3_ADAPTED_3CLASS,PyTorch/torchvision,7777,4,2,8,0.9063545150501673,18,20.306601799995406,False
HOGCNN_EFFICIENTNETB3_ADAPTED_3CLASS,PyTorch/torchvision,7777,4,3,5,0.871077071077071,15,16.535913500003517,False
HOGCNN_EFFICIENTNETB3_ADAPTED_3CLASS,PyTorch/torchvision,7777,4,4,10,0.901912901912902,20,22.772003700003552,False
HOGCNN_EFFICIENTNETB3_ADAPTED_3CLASS,PyTorch/torchvision,7777,5,1,4,0.916411291209741,14,15.896486800003913,False
HOGCNN_EFFICIENTNETB3_ADAPTED_3CLASS,PyTorch/torchvision,7777,5,2,10,0.8713946687198401,20,23.08605200000602,False
HOGCNN_EFFICIENTNETB3_ADAPTED_3CLASS,PyTorch/torchvision,7777,5,3,5,0.840916706179864,15,17.117776300001424,False
HOGCNN_EFFICIENTNETB3_ADAPTED_3CLASS,PyTorch/torchvision,7777,5,4,4,0.9066045066045065,14,15.933362399999169,False
