method,sample_id,source_dataset,true_label,predicted_label,correct,max_vote_count,tie_resolved_by_mean_probability,mean_prob_AMD_DRY,mean_prob_AMD_WET,mean_prob_NORMAL
HOGCNN_EFFICIENTNETB3_ADAPTED_3CLASS,S000001,ADAM,AMD_DRY,AMD_DRY,1,5,False,0.9434871435165405,0.047002279199659824,0.009510604292154312
HOGCNN_EFFICIENTNETB3_ADAPTED_3CLASS,S000002,ADAM,AMD_DRY,NORMAL,0,5,False,0.13648669205140324,0.00046849436776028595,0.863044822216034
HOGCNN_EFFICIENTNETB3_ADAPTED_3CLASS,S000003,ADAM,AMD_DRY,AMD_DRY,1,5,False,0.8906793832778931,7.943205246192519e-05,0.10924114501103759
HOGCNN_EFFICIENTNETB3_ADAPTED_3CLASS,S000004,ADAM,AMD_DRY,AMD_DRY,1,5,False,0.9986847519874573,1.2431827258296835e-05,0.001302878039132338
HOGCNN_EFFICIENTNETB3_ADAPTED_3CLASS,S000005,ADAM,AMD_DRY,AMD_DRY,1,5,False,0.9841920852661132,0.001514331698672322,0.014293553796596825
HOGCNN_EFFICIENTNETB3_ADAPTED_3CLASS,S000006,ADAM,AMD_DRY,AMD_DRY,1,5,False,0.9640020608901978,0.03590652316343039,9.14124336304667e-05
HOGCNN_EFFICIENTNETB3_ADAPTED_3CLASS,S000007,ADAM,AMD_DRY,AMD_DRY,1,5,False,0.9879650950431824,0.011835023597814142,0.00019988293788628653
HOGCNN_EFFICIENTNETB3_ADAPTED_3CLASS,S000008,ADAM,AMD_DRY,AMD_WET,0,5,False,0.11300618406385184,0.8788488864898681,0.00814494443620788
HOGCNN_EFFICIENTNETB3_ADAPTED_3CLASS,S000009,ADAM,AMD_DRY,AMD_DRY,1,5,False,0.9991319894790649,0.0008238184778747382,4.4211199747223875e-05
HOGCNN_EFFICIENTNETB3_ADAPTED_3CLASS,S000010,ADAM,AMD_DRY,AMD_DRY,1,3,False,0.5207000429742038,0.4276950240135193,0.051604939572280274
HOGCNN_EFFICIENTNETB3_ADAPTED_3CLASS,S000011,ADAM,AMD_DRY,AMD_DRY,1,5,False,0.9968689322471619,0.0029658442696018027,0.00016523585727554747
HOGCNN_EFFICIENTNETB3_ADAPTED_3CLASS,S000012,ADAM,AMD_DRY,AMD_DRY,1,5,False,0.991859495639801,0.004986698766310837,0.0031537858160049837
HOGCNN_EFFICIENTNETB3_ADAPTED_3CLASS,S000013,ADAM,AMD_DRY,AMD_DRY,1,4,False,0.7415116667747498,0.2571379944682121,0.0013503354213753483
HOGCNN_EFFICIENTNETB3_ADAPTED_3CLASS,S000014,ADAM,AMD_DRY,AMD_DRY,1,5,False,0.9430717706680298,0.010667035444203065,0.046261159475034216
HOGCNN_EFFICIENTNETB3_ADAPTED_3CLASS,S000015,ADAM,AMD_DRY,AMD_DRY,1,5,False,0.9999105334281921,8.469705336757726e-05,4.758387773298734e-06
HOGCNN_EFFICIENTNETB3_ADAPTED_3CLASS,S000016,ADAM,AMD_DRY,AMD_DRY,1,4,False,0.7891043931245804,0.18408950438024477,0.02680610349634662
HOGCNN_EFFICIENTNETB3_ADAPTED_3CLASS,S000017,ADAM,AMD_DRY,AMD_DRY,1,5,False,0.9998043537139892,0.00017547944662510417,2.0172196468593028e-05
HOGCNN_EFFICIENTNETB3_ADAPTED_3CLASS,S000018,ADAM,AMD_DRY,AMD_DRY,1,5,False,0.9991120457649231,0.0005314312264090403,0.00035651189402869933
HOGCNN_EFFICIENTNETB3_ADAPTED_3CLASS,S000019,ADAM,AMD_DRY,AMD_DRY,1,4,False,0.6979261815547944,0.006994965660851449,0.29507882203906777
HOGCNN_EFFICIENTNETB3_ADAPTED_3CLASS,S000020,ADAM,AMD_DRY,AMD_DRY,1,4,False,0.76573037058115,0.023015389184001832,0.21125425770878792
HOGCNN_EFFICIENTNETB3_ADAPTED_3CLASS,S000021,ADAM,AMD_DRY,AMD_DRY,1,5,False,0.9941976189613342,0.0006456578531015111,0.005156721792445751
HOGCNN_EFFICIENTNETB3_ADAPTED_3CLASS,S000022,ADAM,AMD_DRY,AMD_DRY,1,4,False,0.7371945515275001,0.003185536083765328,0.25961994314566256
HOGCNN_EFFICIENTNETB3_ADAPTED_3CLASS,S000023,ADAM,AMD_DRY,AMD_DRY,1,4,False,0.7470939256250858,0.2527315065264702,0.0001745445995766204
HOGCNN_EFFICIENTNETB3_ADAPTED_3CLASS,S000024,ADAM,AMD_DRY,AMD_DRY,1,5,False,0.999823248386383,0.00012258482483389342,5.415556149301892e-05
HOGCNN_EFFICIENTNETB3_ADAPTED_3CLASS,S000025,ADAM,AMD_DRY,AMD_DRY,1,4,False,0.6383569940924645,0.3494384052231908,0.012204577494412661
HOGCNN_EFFICIENTNETB3_ADAPTED_3CLASS,S000026,ADAM,AMD_DRY,AMD_DRY,1,5,False,0.9983375668525696,0.0015229208369419212,0.00013952302263078308
HOGCNN_EFFICIENTNETB3_ADAPTED_3CLASS,S000027,ADAM,AMD_DRY,AMD_DRY,1,5,False,0.989369010925293,0.0006587588036836677,0.009972224565717624
HOGCNN_EFFICIENTNETB3_ADAPTED_3CLASS,S000028,ADAM,AMD_DRY,AMD_DRY,1,4,False,0.822374802827835,0.0029286908684298396,0.17469650439743417
HOGCNN_EFFICIENTNETB3_ADAPTED_3CLASS,S000029,ADAM,AMD_DRY,AMD_DRY,1,5,False,0.9997370958328247,2.2877002811583226e-05,0.00024001740657695337
HOGCNN_EFFICIENTNETB3_ADAPTED_3CLASS,S000030,ADAM,AMD_DRY,NORMAL,0,5,False,0.0022310241124841924,1.0739262899583935e-05,0.9977582693099976
HOGCNN_EFFICIENTNETB3_ADAPTED_3CLASS,S000031,ADAM,AMD_DRY,NORMAL,0,5,False,0.00674118860042654,0.00028972687214263716,0.9929690599441529
HOGCNN_EFFICIENTNETB3_ADAPTED_3CLASS,S000032,ADAM,AMD_DRY,AMD_DRY,1,5,False,0.9991657614707947,0.0006432601636333857,0.00019097932377007965
HOGCNN_EFFICIENTNETB3_ADAPTED_3CLASS,S000033,ADAM,AMD_DRY,AMD_DRY,1,5,False,0.9998134970664978,7.81028704082587e-05,0.00010834055302808566
HOGCNN_EFFICIENTNETB3_ADAPTED_3CLASS,S000034,ADAM,AMD_DRY,AMD_DRY,1,3,False,0.6291299104690552,0.24146741963922977,0.12940266989171506
HOGCNN_EFFICIENTNETB3_ADAPTED_3CLASS,S000035,ADAM,AMD_DRY,AMD_DRY,1,3,False,0.6420258969068527,0.3445372976362705,0.013436812342843042
HOGCNN_EFFICIENTNETB3_ADAPTED_3CLASS,S000036,ADAM,AMD_WET,AMD_DRY,0,3,False,0.5988418705761432,0.3790277048945427,0.022130412491969766
HOGCNN_EFFICIENTNETB3_ADAPTED_3CLASS,S000037,ADAM,AMD_WET,AMD_DRY,0,3,False,0.579411714989692,0.41973788221366704,0.0008504220575559884
HOGCNN_EFFICIENTNETB3_ADAPTED_3CLASS,S000038,ADAM,AMD_WET,AMD_WET,1,5,False,0.00755525407219011,0.992286741733551,0.00015800272976775886
HOGCNN_EFFICIENTNETB3_ADAPTED_3CLASS,S000039,ADAM,AMD_WET,AMD_WET,1,5,False,0.0003896690817782655,0.9996062755584717,4.0422459960609555e-06
HOGCNN_EFFICIENTNETB3_ADAPTED_3CLASS,S000040,ADAM,AMD_WET,AMD_WET,1,5,False,0.00041089640826612593,0.999579644203186,9.461175228576025e-06
HOGCNN_EFFICIENTNETB3_ADAPTED_3CLASS,S000041,ADAM,AMD_WET,AMD_WET,1,5,False,8.835725764289037e-06,0.9999886512756347,2.5126686655316257e-06
HOGCNN_EFFICIENTNETB3_ADAPTED_3CLASS,S000042,ADAM,AMD_WET,AMD_WET,1,5,False,0.00029262218787462214,0.9937491774559021,0.005958196102996793
HOGCNN_EFFICIENTNETB3_ADAPTED_3CLASS,S000043,ADAM,AMD_WET,AMD_WET,1,5,False,4.192409173349176e-05,0.9999533772468567,4.696135793264e-06
HOGCNN_EFFICIENTNETB3_ADAPTED_3CLASS,S000044,ADAM,AMD_WET,AMD_DRY,0,4,False,0.8213554978370666,0.17817516131326555,0.00046933683333918454
HOGCNN_EFFICIENTNETB3_ADAPTED_3CLASS,S000045,ADAM,AMD_WET,AMD_WET,1,5,False,0.0690824723802507,0.929201316833496,0.0017162204168016614
HOGCNN_EFFICIENTNETB3_ADAPTED_3CLASS,S000046,ADAM,AMD_WET,AMD_WET,1,4,False,0.17254595432896166,0.8267335832118988,0.0007204660369097837
HOGCNN_EFFICIENTNETB3_ADAPTED_3CLASS,S000047,ADAM,AMD_WET,AMD_WET,1,5,False,0.0014809869808232179,0.9985057353973389,1.329338603967365e-05
HOGCNN_EFFICIENTNETB3_ADAPTED_3CLASS,S000048,ADAM,AMD_WET,AMD_WET,1,5,False,0.003640397318667965,0.996336567401886,2.302896115899955e-05
HOGCNN_EFFICIENTNETB3_ADAPTED_3CLASS,S000049,ADAM,AMD_WET,AMD_WET,1,5,False,0.014830872986931355,0.981931459903717,0.0032376719516832965
HOGCNN_EFFICIENTNETB3_ADAPTED_3CLASS,S000050,ADAM,AMD_WET,AMD_WET,1,5,False,0.040426682116958546,0.9594001650810242,0.00017312988654509808
HOGCNN_EFFICIENTNETB3_ADAPTED_3CLASS,S000051,ADAM,AMD_WET,AMD_WET,1,5,False,0.0005431038607184747,0.9967917561531067,0.0026651356779572423
HOGCNN_EFFICIENTNETB3_ADAPTED_3CLASS,S000052,ADAM,AMD_WET,AMD_WET,1,5,False,0.003078084251319524,0.996652889251709,0.00026902157330823686
HOGCNN_EFFICIENTNETB3_ADAPTED_3CLASS,S000053,FIVES,NORMAL,NORMAL,1,5,False,1.8348234695955006e-07,6.565391712553333e-10,0.9999998092651368
HOGCNN_EFFICIENTNETB3_ADAPTED_3CLASS,S000054,FIVES,NORMAL,NORMAL,1,5,False,0.0056039420291199345,0.00019752094376705996,0.9941985487937928
HOGCNN_EFFICIENTNETB3_ADAPTED_3CLASS,S000055,FIVES,NORMAL,NORMAL,1,5,False,0.0035373045258893397,0.0010148838192435504,0.9954478025436402
HOGCNN_EFFICIENTNETB3_ADAPTED_3CLASS,S000056,FIVES,NORMAL,NORMAL,1,5,False,0.0007835816994656852,2.696476841546058e-06,0.999213707447052
HOGCNN_EFFICIENTNETB3_ADAPTED_3CLASS,S000057,FIVES,NORMAL,NORMAL,1,5,False,1.7262734461098715e-05,4.2099087060876175e-08,0.9999826908111572
HOGCNN_EFFICIENTNETB3_ADAPTED_3CLASS,S000058,FIVES,NORMAL,NORMAL,1,5,False,0.00018255567185576638,1.0113801295119628e-06,0.9998164415359497
HOGCNN_EFFICIENTNETB3_ADAPTED_3CLASS,S000059,FIVES,NORMAL,NORMAL,1,5,False,0.0014525625470469094,2.1774330839274824e-06,0.998545253276825
HOGCNN_EFFICIENTNETB3_ADAPTED_3CLASS,S000060,FIVES,NORMAL,NORMAL,1,5,False,0.002133199978743505,1.5067322554473962e-05,0.9978517532348633
HOGCNN_EFFICIENTNETB3_ADAPTED_3CLASS,S000061,FIVES,NORMAL,NORMAL,1,5,False,0.0003355095013546361,4.4860827934201096e-06,0.9996599793434143
HOGCNN_EFFICIENTNETB3_ADAPTED_3CLASS,S000062,FIVES,NORMAL,NORMAL,1,5,False,0.0005444274167530239,1.519806826266734e-06,0.9994540929794311
HOGCNN_EFFICIENTNETB3_ADAPTED_3CLASS,S000063,FIVES,NORMAL,NORMAL,1,5,False,0.0036549423178257713,0.0007108317269056031,0.9956342458724976
HOGCNN_EFFICIENTNETB3_ADAPTED_3CLASS,S000064,FIVES,NORMAL,NORMAL,1,5,False,0.07355016856454313,0.004290778376162052,0.9221590638160706
HOGCNN_EFFICIENTNETB3_ADAPTED_3CLASS,S000065,FIVES,NORMAL,NORMAL,1,5,False,0.00013656302041340496,2.3680647531221233e-06,0.9998610496520997
HOGCNN_EFFICIENTNETB3_ADAPTED_3CLASS,S000066,FIVES,NORMAL,NORMAL,1,5,False,1.3088680246742257e-05,1.392593623139593e-07,0.9999868154525757
HOGCNN_EFFICIENTNETB3_ADAPTED_3CLASS,S000067,FIVES,NORMAL,NORMAL,1,5,False,1.9764769305119502e-05,2.972372785056687e-07,0.9999799728393555
HOGCNN_EFFICIENTNETB3_ADAPTED_3CLASS,S000068,FIVES,NORMAL,NORMAL,1,4,False,0.046821315327542835,0.08634256654031561,0.8668360948562622
HOGCNN_EFFICIENTNETB3_ADAPTED_3CLASS,S000069,FIVES,NORMAL,NORMAL,1,5,False,0.00036350983052528817,1.276742334230252e-07,0.9996363759040833
HOGCNN_EFFICIENTNETB3_ADAPTED_3CLASS,S000070,FIVES,NORMAL,NORMAL,1,5,False,0.00031449591642740415,4.676463345276716e-06,0.9996808171272278
HOGCNN_EFFICIENTNETB3_ADAPTED_3CLASS,S000071,FIVES,NORMAL,NORMAL,1,5,False,0.005752394621958956,9.535370232924834e-05,0.9941522598266601
HOGCNN_EFFICIENTNETB3_ADAPTED_3CLASS,S000072,FIVES,NORMAL,NORMAL,1,5,False,0.0037744721907074564,0.0002354684742755353,0.9959900856018067
HOGCNN_EFFICIENTNETB3_ADAPTED_3CLASS,S000073,FIVES,NORMAL,NORMAL,1,5,False,0.0007776915806971374,3.198863573743438e-05,0.9991903066635132
HOGCNN_EFFICIENTNETB3_ADAPTED_3CLASS,S000074,FIVES,NORMAL,NORMAL,1,5,False,6.750929638643655e-06,6.679661877437293e-09,0.9999932289123535
HOGCNN_EFFICIENTNETB3_ADAPTED_3CLASS,S000075,FIVES,NORMAL,NORMAL,1,5,False,0.00015324092903483687,9.451839146912278e-07,0.9998458385467529
HOGCNN_EFFICIENTNETB3_ADAPTED_3CLASS,S000076,FIVES,NORMAL,NORMAL,1,5,False,0.0007239245837808994,2.005917911276356e-05,0.9992560386657715
HOGCNN_EFFICIENTNETB3_ADAPTED_3CLASS,S000077,FIVES,NORMAL,NORMAL,1,5,False,7.949311592092556e-06,8.275078801911472e-08,0.9999919652938842
HOGCNN_EFFICIENTNETB3_ADAPTED_3CLASS,S000078,FIVES,NORMAL,NORMAL,1,5,False,0.00035630525698593374,1.6043015784728e-07,0.9996435403823852
HOGCNN_EFFICIENTNETB3_ADAPTED_3CLASS,S000079,FIVES,NORMAL,NORMAL,1,5,False,0.0008282687778319086,2.845724453193199e-07,0.9991714477539062
HOGCNN_EFFICIENTNETB3_ADAPTED_3CLASS,S000080,FIVES,NORMAL,NORMAL,1,5,False,0.00010698817679895,2.373681354583823e-06,0.999890661239624
HOGCNN_EFFICIENTNETB3_ADAPTED_3CLASS,S000081,FIVES,NORMAL,NORMAL,1,5,False,6.923218981436108e-07,3.4157059556759636e-09,0.9999992847442627
HOGCNN_EFFICIENTNETB3_ADAPTED_3CLASS,S000082,FIVES,NORMAL,NORMAL,1,5,False,0.0014339342660150578,7.253264113842306e-05,0.9984935164451599
HOGCNN_EFFICIENTNETB3_ADAPTED_3CLASS,S000083,FIVES,NORMAL,NORMAL,1,5,False,0.001211735368542577,3.7173389854539e-06,0.9987845063209534
HOGCNN_EFFICIENTNETB3_ADAPTED_3CLASS,S000084,FIVES,NORMAL,NORMAL,1,5,False,2.0205403191836392e-07,6.577866465087194e-10,0.9999998092651368
HOGCNN_EFFICIENTNETB3_ADAPTED_3CLASS,S000085,FIVES,NORMAL,NORMAL,1,5,False,0.0003312099493086862,2.4997367815693394e-06,0.9996662735939026
HOGCNN_EFFICIENTNETB3_ADAPTED_3CLASS,S000086,FIVES,NORMAL,NORMAL,1,5,False,0.021110478322952986,0.0007127239601686597,0.9781768083572387
HOGCNN_EFFICIENTNETB3_ADAPTED_3CLASS,S000087,FIVES,NORMAL,NORMAL,1,5,False,0.00033881373203712426,1.553171192085756e-05,0.9996456265449524
HOGCNN_EFFICIENTNETB3_ADAPTED_3CLASS,S000088,FIVES,NORMAL,NORMAL,1,5,False,0.09804021026939154,0.0004846282748985686,0.9014751553535462
HOGCNN_EFFICIENTNETB3_ADAPTED_3CLASS,S000089,FIVES,NORMAL,NORMAL,1,5,False,0.0006426549975685703,1.5830292969232217e-05,0.9993414998054504
HOGCNN_EFFICIENTNETB3_ADAPTED_3CLASS,S000090,FIVES,NORMAL,NORMAL,1,5,False,0.0007689176596613834,1.1674909379255638e-06,0.9992299199104309
HOGCNN_EFFICIENTNETB3_ADAPTED_3CLASS,S000091,FIVES,NORMAL,NORMAL,1,5,False,0.00025553804427644875,1.9033450741300085e-07,0.9997443079948425
HOGCNN_EFFICIENTNETB3_ADAPTED_3CLASS,S000092,FIVES,NORMAL,NORMAL,1,5,False,0.00032981792547701614,4.0808082323873227e-07,0.9996697783470154
HOGCNN_EFFICIENTNETB3_ADAPTED_3CLASS,S000093,FIVES,NORMAL,NORMAL,1,5,False,0.00020968713583897626,4.5487139766486886e-07,0.9997898578643799
HOGCNN_EFFICIENTNETB3_ADAPTED_3CLASS,S000094,FIVES,NORMAL,NORMAL,1,5,False,5.395334978519628e-06,4.174151135988291e-08,0.9999946117401123
HOGCNN_EFFICIENTNETB3_ADAPTED_3CLASS,S000095,FIVES,NORMAL,NORMAL,1,5,False,0.04357873940607533,0.004109571783192223,0.9523116707801819
HOGCNN_EFFICIENTNETB3_ADAPTED_3CLASS,S000096,FIVES,NORMAL,NORMAL,1,5,False,0.002696433580786106,1.8463145018188243e-05,0.9972851037979126
HOGCNN_EFFICIENTNETB3_ADAPTED_3CLASS,S000097,FIVES,NORMAL,NORMAL,1,5,False,0.0030272460695414337,0.0004627300897936948,0.9965100288391113
HOGCNN_EFFICIENTNETB3_ADAPTED_3CLASS,S000098,FIVES,NORMAL,NORMAL,1,5,False,0.00014911387624021443,7.112141578143397e-08,0.9998508334159851
HOGCNN_EFFICIENTNETB3_ADAPTED_3CLASS,S000099,FIVES,NORMAL,AMD_WET,0,4,False,0.027492585286381654,0.7481959452852607,0.22431146853887185
HOGCNN_EFFICIENTNETB3_ADAPTED_3CLASS,S000100,FIVES,NORMAL,NORMAL,1,5,False,1.1032613525419066e-06,7.05621200011719e-09,0.9999989032745361
HOGCNN_EFFICIENTNETB3_ADAPTED_3CLASS,S000101,FIVES,NORMAL,NORMAL,1,5,False,0.0006005618402923574,2.6525298046697897e-06,0.9993967413902283
HOGCNN_EFFICIENTNETB3_ADAPTED_3CLASS,S000102,FIVES,NORMAL,NORMAL,1,5,False,0.00019224557573132016,8.021494686451941e-08,0.9998077034950257
HOGCNN_EFFICIENTNETB3_ADAPTED_3CLASS,S000103,FIVES,NORMAL,NORMAL,1,5,False,0.0009575472652613825,1.4429900686785403e-06,0.9990409970283508
HOGCNN_EFFICIENTNETB3_ADAPTED_3CLASS,S000104,FIVES,NORMAL,NORMAL,1,5,False,0.0007297410919818503,3.184380253173913e-06,0.9992670774459839
HOGCNN_EFFICIENTNETB3_ADAPTED_3CLASS,S000105,FIVES,NORMAL,NORMAL,1,5,False,0.0001545577233628137,1.0864616586184206e-07,0.9998453497886658
HOGCNN_EFFICIENTNETB3_ADAPTED_3CLASS,S000106,FIVES,NORMAL,NORMAL,1,5,False,0.0013398738570685963,7.736873435870707e-06,0.9986523747444153
HOGCNN_EFFICIENTNETB3_ADAPTED_3CLASS,S000107,FIVES,NORMAL,NORMAL,1,5,False,0.00290337729093153,1.0555281096813474e-05,0.9970860600471496
HOGCNN_EFFICIENTNETB3_ADAPTED_3CLASS,S000108,FIVES,NORMAL,NORMAL,1,5,False,6.944623676785611e-07,3.5198842233811514e-09,0.9999992847442627
HOGCNN_EFFICIENTNETB3_ADAPTED_3CLASS,S000109,FIVES,NORMAL,NORMAL,1,5,False,0.0002971190598998419,1.0573671277436247e-07,0.9997027754783631
HOGCNN_EFFICIENTNETB3_ADAPTED_3CLASS,S000110,FIVES,NORMAL,NORMAL,1,5,False,0.00028050202055567296,1.0960081694211254e-06,0.9997183799743652
HOGCNN_EFFICIENTNETB3_ADAPTED_3CLASS,S000111,FIVES,NORMAL,NORMAL,1,5,False,0.0021212147228652613,2.294017729571607e-05,0.997855830192566
HOGCNN_EFFICIENTNETB3_ADAPTED_3CLASS,S000112,FIVES,NORMAL,NORMAL,1,5,False,0.0005104258397025773,4.986963204872685e-06,0.9994845628738404
HOGCNN_EFFICIENTNETB3_ADAPTED_3CLASS,S000113,FIVES,NORMAL,NORMAL,1,5,False,0.0004653153492302664,3.7840710641778854e-06,0.9995309233665466
HOGCNN_EFFICIENTNETB3_ADAPTED_3CLASS,S000114,FIVES,NORMAL,NORMAL,1,4,False,0.2683413518068846,0.00015313593085011234,0.7315054949373007
HOGCNN_EFFICIENTNETB3_ADAPTED_3CLASS,S000115,FIVES,NORMAL,NORMAL,1,5,False,0.004386572442308534,3.4766388762363934e-05,0.9955786228179931
HOGCNN_EFFICIENTNETB3_ADAPTED_3CLASS,S000116,FIVES,NORMAL,AMD_DRY,0,4,False,0.7418858079239726,0.00698123843758367,0.25113292793976144
HOGCNN_EFFICIENTNETB3_ADAPTED_3CLASS,S000117,FIVES,NORMAL,NORMAL,1,5,False,0.004565559819457121,1.297744477710694e-05,0.9954214811325073
HOGCNN_EFFICIENTNETB3_ADAPTED_3CLASS,S000118,FIVES,NORMAL,NORMAL,1,5,False,0.0006546175322455384,1.911412296884407e-07,0.9993451833724976
HOGCNN_EFFICIENTNETB3_ADAPTED_3CLASS,S000119,FIVES,NORMAL,NORMAL,1,5,False,0.0026216560130706058,8.203522796179641e-06,0.9973701238632202
HOGCNN_EFFICIENTNETB3_ADAPTED_3CLASS,S000120,FIVES,NORMAL,NORMAL,1,5,False,9.997280841211875e-06,1.8477179866138727e-07,0.9999898433685303
HOGCNN_EFFICIENTNETB3_ADAPTED_3CLASS,S000121,FIVES,NORMAL,NORMAL,1,5,False,0.0005743823403463466,2.113031613582006e-06,0.9994234681129456
HOGCNN_EFFICIENTNETB3_ADAPTED_3CLASS,S000122,FIVES,NORMAL,NORMAL,1,5,False,2.83500092336908e-05,3.7192834324364934e-07,0.9999712944030762
HOGCNN_EFFICIENTNETB3_ADAPTED_3CLASS,S000123,FIVES,NORMAL,NORMAL,1,5,False,0.0009859792777206166,2.497061721706828e-06,0.999011492729187
HOGCNN_EFFICIENTNETB3_ADAPTED_3CLASS,S000124,FIVES,NORMAL,NORMAL,1,5,False,0.00032922115303790633,1.3575474241966923e-06,0.9996694326400757
HOGCNN_EFFICIENTNETB3_ADAPTED_3CLASS,S000125,FIVES,NORMAL,NORMAL,1,5,False,0.0002300515869988473,6.375757019561057e-09,0.9997699499130249
HOGCNN_EFFICIENTNETB3_ADAPTED_3CLASS,S000126,FIVES,NORMAL,NORMAL,1,5,False,0.00140809886615898,1.5503303677633086e-05,0.9985764265060425
HOGCNN_EFFICIENTNETB3_ADAPTED_3CLASS,S000127,FIVES,NORMAL,NORMAL,1,5,False,0.0011766120176616823,1.2021236437931293e-05,0.9988113641738892
HOGCNN_EFFICIENTNETB3_ADAPTED_3CLASS,S000128,FIVES,NORMAL,NORMAL,1,5,False,0.004735557598178275,2.9781906550852e-05,0.9952346682548523
HOGCNN_EFFICIENTNETB3_ADAPTED_3CLASS,S000129,FIVES,NORMAL,NORMAL,1,5,False,0.0022426588391681436,1.8999384019480202e-05,0.9977383255958557
HOGCNN_EFFICIENTNETB3_ADAPTED_3CLASS,S000130,FIVES,NORMAL,NORMAL,1,5,False,0.0030344901704665974,2.458337424116053e-06,0.9969630718231202
HOGCNN_EFFICIENTNETB3_ADAPTED_3CLASS,S000131,FIVES,NORMAL,NORMAL,1,5,False,2.3120253885977605e-05,4.391292624861265e-07,0.9999764442443848
HOGCNN_EFFICIENTNETB3_ADAPTED_3CLASS,S000132,FIVES,NORMAL,NORMAL,1,5,False,0.00017773145389696766,1.4345096595480555e-06,0.9998208403587341
HOGCNN_EFFICIENTNETB3_ADAPTED_3CLASS,S000133,FIVES,NORMAL,NORMAL,1,5,False,0.014212494884850458,2.953431334162815e-05,0.9857580065727234
HOGCNN_EFFICIENTNETB3_ADAPTED_3CLASS,S000134,FIVES,NORMAL,NORMAL,1,5,False,0.0002693405482560252,2.6181177992801177e-07,0.9997303724288941
HOGCNN_EFFICIENTNETB3_ADAPTED_3CLASS,S000135,FIVES,NORMAL,NORMAL,1,5,False,2.5070623232181787e-05,5.818025799797511e-07,0.9999743461608886
HOGCNN_EFFICIENTNETB3_ADAPTED_3CLASS,S000136,FIVES,NORMAL,NORMAL,1,5,False,0.0006153609612738365,2.2886173599134805e-06,0.9993823409080506
HOGCNN_EFFICIENTNETB3_ADAPTED_3CLASS,S000137,FIVES,NORMAL,NORMAL,1,5,False,0.002969826069784176,5.615018183071641e-05,0.9969740271568298
HOGCNN_EFFICIENTNETB3_ADAPTED_3CLASS,S000138,FIVES,NORMAL,NORMAL,1,5,False,0.0003884665183022662,1.529963997991962e-06,0.9996100425720215
HOGCNN_EFFICIENTNETB3_ADAPTED_3CLASS,S000139,FIVES,NORMAL,NORMAL,1,5,False,0.0008967853709691553,1.5952726894852275e-05,0.9990872263908386
HOGCNN_EFFICIENTNETB3_ADAPTED_3CLASS,S000140,FIVES,NORMAL,NORMAL,1,5,False,0.0004325641665445801,1.4796665766425576e-05,0.9995526075363159
HOGCNN_EFFICIENTNETB3_ADAPTED_3CLASS,S000141,FIVES,NORMAL,NORMAL,1,5,False,0.001165198981652793,5.958244727821693e-07,0.9988342165946961
HOGCNN_EFFICIENTNETB3_ADAPTED_3CLASS,S000142,FIVES,NORMAL,NORMAL,1,5,False,0.0006298325744864997,4.9599539281075525e-06,0.9993651628494262
HOGCNN_EFFICIENTNETB3_ADAPTED_3CLASS,S000143,FIVES,NORMAL,NORMAL,1,5,False,0.00039259129439415117,7.697252857485903e-07,0.9996066212654113
HOGCNN_EFFICIENTNETB3_ADAPTED_3CLASS,S000144,FIVES,NORMAL,NORMAL,1,5,False,0.0003193902662360415,6.8614369041597454e-06,0.9996737480163574
HOGCNN_EFFICIENTNETB3_ADAPTED_3CLASS,S000145,FIVES,NORMAL,NORMAL,1,5,False,0.0005375722740382117,2.337492454795864e-06,0.9994601130485534
HOGCNN_EFFICIENTNETB3_ADAPTED_3CLASS,S000146,FIVES,NORMAL,NORMAL,1,5,False,0.001168953110345683,2.00889188789688e-05,0.9988109588623046
HOGCNN_EFFICIENTNETB3_ADAPTED_3CLASS,S000147,FIVES,NORMAL,NORMAL,1,5,False,0.009116449678549543,8.272393934873889e-05,0.9908008217811585
HOGCNN_EFFICIENTNETB3_ADAPTED_3CLASS,S000148,FIVES,NORMAL,NORMAL,1,5,False,0.0007248978179632104,1.2603551641632294e-05,0.9992624759674072
HOGCNN_EFFICIENTNETB3_ADAPTED_3CLASS,S000149,FIVES,NORMAL,NORMAL,1,5,False,1.8991522328537513e-06,8.340050324309733e-09,0.9999981164932251
HOGCNN_EFFICIENTNETB3_ADAPTED_3CLASS,S000150,FIVES,NORMAL,NORMAL,1,5,False,0.0021229852665783254,5.037923332302796e-05,0.9978266000747681
HOGCNN_EFFICIENTNETB3_ADAPTED_3CLASS,S000151,FIVES,NORMAL,NORMAL,1,5,False,0.0042846952059335305,2.4594757468321406e-05,0.9956907391548157
HOGCNN_EFFICIENTNETB3_ADAPTED_3CLASS,S000152,FIVES,AMD_DRY,AMD_DRY,1,4,False,0.735835200548172,0.26115960255265236,0.0030051757232286034
HOGCNN_EFFICIENTNETB3_ADAPTED_3CLASS,S000153,FIVES,AMD_DRY,AMD_DRY,1,3,False,0.7056905448436737,0.29085758458822963,0.003451891976874322
HOGCNN_EFFICIENTNETB3_ADAPTED_3CLASS,S000154,FIVES,AMD_DRY,AMD_WET,0,3,False,0.4173266559839249,0.5826248936355114,4.846704796364065e-05
HOGCNN_EFFICIENTNETB3_ADAPTED_3CLASS,S000155,FIVES,AMD_DRY,AMD_DRY,1,5,False,0.9984862446784973,0.001476615178398788,3.7145316582609667e-05
HOGCNN_EFFICIENTNETB3_ADAPTED_3CLASS,S000156,FIVES,AMD_DRY,AMD_WET,0,5,False,0.04766954968102936,0.9522193551063538,0.00011108516429949588
HOGCNN_EFFICIENTNETB3_ADAPTED_3CLASS,S000157,FIVES,AMD_DRY,AMD_DRY,1,3,False,0.5756504133343696,0.42216927856206893,0.002180281636901782
HOGCNN_EFFICIENTNETB3_ADAPTED_3CLASS,S000158,FIVES,AMD_DRY,AMD_DRY,1,5,False,0.9993665218353271,0.0004930511189513709,0.00014041153119990213
HOGCNN_EFFICIENTNETB3_ADAPTED_3CLASS,S000159,FIVES,AMD_DRY,AMD_DRY,1,5,False,0.9999670267105103,3.137840771231248e-05,1.6037451611909323e-06
HOGCNN_EFFICIENTNETB3_ADAPTED_3CLASS,S000160,FIVES,AMD_DRY,AMD_WET,0,5,False,0.08265120924334042,0.9173436760902405,5.097831694911292e-06
HOGCNN_EFFICIENTNETB3_ADAPTED_3CLASS,S000161,FIVES,AMD_DRY,AMD_WET,0,5,False,0.0006591081226673623,0.999326765537262,1.4102990445330477e-05
HOGCNN_EFFICIENTNETB3_ADAPTED_3CLASS,S000162,FIVES,AMD_DRY,AMD_DRY,1,5,False,0.9995645642280578,0.00036437871978023395,7.10546425374048e-05
HOGCNN_EFFICIENTNETB3_ADAPTED_3CLASS,S000163,FIVES,AMD_DRY,AMD_DRY,1,5,False,0.9998852372169494,9.811606623770786e-05,1.6657915878681706e-05
HOGCNN_EFFICIENTNETB3_ADAPTED_3CLASS,S000164,FIVES,AMD_DRY,AMD_DRY,1,5,False,0.9998041868209839,0.00015821690494703943,3.758208199542423e-05
HOGCNN_EFFICIENTNETB3_ADAPTED_3CLASS,S000165,FIVES,AMD_DRY,AMD_DRY,1,5,False,0.9983186602592469,0.0012707834830507636,0.00041055471119761934
HOGCNN_EFFICIENTNETB3_ADAPTED_3CLASS,S000166,FIVES,AMD_DRY,AMD_WET,0,4,False,0.2529288247227669,0.7459144771099091,0.0011566896304657348
HOGCNN_EFFICIENTNETB3_ADAPTED_3CLASS,S000167,FIVES,AMD_WET,AMD_WET,1,5,False,1.5159353159788224e-05,0.9999846696853638,1.5523203793499364e-07
HOGCNN_EFFICIENTNETB3_ADAPTED_3CLASS,S000168,FIVES,AMD_WET,AMD_WET,1,5,False,0.01655966480029747,0.983208954334259,0.0002314134120979361
HOGCNN_EFFICIENTNETB3_ADAPTED_3CLASS,S000169,FIVES,AMD_WET,AMD_WET,1,5,False,0.0007989249166712398,0.9991253018379211,7.578155314433844e-05
HOGCNN_EFFICIENTNETB3_ADAPTED_3CLASS,S000170,FIVES,AMD_WET,AMD_WET,1,5,False,0.0017215724239349583,0.9980184316635132,0.0002599961255782546
HOGCNN_EFFICIENTNETB3_ADAPTED_3CLASS,S000171,FIVES,AMD_WET,AMD_WET,1,5,False,5.0163528885605044e-05,0.9999451279640198,4.705049067520346e-06
HOGCNN_EFFICIENTNETB3_ADAPTED_3CLASS,S000172,FIVES,AMD_WET,AMD_WET,1,5,False,0.025532326349457436,0.97412109375,0.0003465959191942147
HOGCNN_EFFICIENTNETB3_ADAPTED_3CLASS,S000173,FIVES,AMD_WET,AMD_WET,1,5,False,5.16489442112654e-05,0.9999458909034729,2.457494083518068e-06
HOGCNN_EFFICIENTNETB3_ADAPTED_3CLASS,S000174,FIVES,AMD_WET,AMD_WET,1,5,False,0.0012170471165845243,0.9987395882606507,4.339063285931921e-05
HOGCNN_EFFICIENTNETB3_ADAPTED_3CLASS,S000175,FIVES,AMD_WET,AMD_WET,1,5,False,0.018677017418667674,0.981273078918457,4.9913282548530445e-05
HOGCNN_EFFICIENTNETB3_ADAPTED_3CLASS,S000176,FIVES,AMD_WET,AMD_DRY,0,5,False,0.9692386746406555,0.03005923763848841,0.0007020826524239965
HOGCNN_EFFICIENTNETB3_ADAPTED_3CLASS,S000177,FIVES,AMD_WET,AMD_WET,1,5,False,0.0005807701869571247,0.999193549156189,0.0002256527824698651
HOGCNN_EFFICIENTNETB3_ADAPTED_3CLASS,S000178,FIVES,AMD_WET,AMD_WET,1,5,False,9.962609863123361e-06,0.9999899864196777,7.030665107876644e-08
HOGCNN_EFFICIENTNETB3_ADAPTED_3CLASS,S000179,FIVES,AMD_WET,AMD_DRY,0,5,False,0.7043884992599487,0.025151135260239245,0.2704603999853134
HOGCNN_EFFICIENTNETB3_ADAPTED_3CLASS,S000180,FIVES,AMD_WET,AMD_WET,1,5,False,2.0313943380756427e-07,0.9999998092651368,1.1349806828750419e-09
HOGCNN_EFFICIENTNETB3_ADAPTED_3CLASS,S000181,FIVES,AMD_WET,AMD_WET,1,5,False,0.00011420023247410427,0.9998796463012696,6.1304899675724415e-06
HOGCNN_EFFICIENTNETB3_ADAPTED_3CLASS,S000182,FIVES,AMD_WET,AMD_WET,1,5,False,0.0539154136327852,0.9447293400764465,0.0013552412650824409
HOGCNN_EFFICIENTNETB3_ADAPTED_3CLASS,S000183,FIVES,AMD_WET,AMD_WET,1,5,False,2.0272186295855475e-06,0.9999979734420776,2.8933798433550263e-09
HOGCNN_EFFICIENTNETB3_ADAPTED_3CLASS,S000184,FIVES,AMD_WET,AMD_WET,1,5,False,1.0362243103578806e-07,0.9999999046325684,3.788017383706682e-10
HOGCNN_EFFICIENTNETB3_ADAPTED_3CLASS,S000185,FIVES,AMD_WET,AMD_WET,1,5,False,5.368460367391991e-10,1.0,1.518287431506255e-10
HOGCNN_EFFICIENTNETB3_ADAPTED_3CLASS,S000186,FIVES,AMD_WET,AMD_WET,1,5,False,2.9165031651245955e-05,0.9999706506729126,1.7170034825042534e-07
HOGCNN_EFFICIENTNETB3_ADAPTED_3CLASS,S000187,FIVES,AMD_WET,AMD_WET,1,5,False,0.04789057850721292,0.9519535064697265,0.0001559018181069405
HOGCNN_EFFICIENTNETB3_ADAPTED_3CLASS,S000188,FIVES,AMD_WET,AMD_WET,1,5,False,0.03571088791359216,0.9640115380287171,0.00027758424257626755
HOGCNN_EFFICIENTNETB3_ADAPTED_3CLASS,S000189,FIVES,AMD_WET,AMD_WET,1,5,False,9.981679864665694e-05,0.9998991012573242,1.058413808241454e-06
HOGCNN_EFFICIENTNETB3_ADAPTED_3CLASS,S000190,FIVES,AMD_WET,AMD_WET,1,5,False,0.09235510523649282,0.9070645451545716,0.0005803512526881604
HOGCNN_EFFICIENTNETB3_ADAPTED_3CLASS,S000191,FIVES,AMD_WET,AMD_WET,1,5,False,0.0009579156620020512,0.9990095853805542,3.251933558559017e-05
HOGCNN_EFFICIENTNETB3_ADAPTED_3CLASS,S000192,FIVES,AMD_WET,NORMAL,0,5,False,0.02076591041040956,0.0003826425992883742,0.9788514494895935
HOGCNN_EFFICIENTNETB3_ADAPTED_3CLASS,S000193,FIVES,AMD_WET,AMD_WET,1,5,False,0.0062031436180404855,0.9932821154594421,0.0005147295228198345
HOGCNN_EFFICIENTNETB3_ADAPTED_3CLASS,S000194,FIVES,AMD_WET,AMD_WET,1,5,False,5.633232202626459e-05,0.9999417185783386,1.9493089214672744e-06
HOGCNN_EFFICIENTNETB3_ADAPTED_3CLASS,S000195,FIVES,AMD_WET,AMD_WET,1,5,False,1.942778681192081e-05,0.9999799966812134,5.706771435371599e-07
HOGCNN_EFFICIENTNETB3_ADAPTED_3CLASS,S000196,FIVES,AMD_WET,AMD_WET,1,5,False,3.456106262511582e-07,0.9999996423721313,1.5927031197383486e-08
HOGCNN_EFFICIENTNETB3_ADAPTED_3CLASS,S000197,FIVES,AMD_WET,AMD_WET,1,5,False,0.00016307104706356768,0.9998356580734253,1.2608920092847288e-06
HOGCNN_EFFICIENTNETB3_ADAPTED_3CLASS,S000198,FIVES,AMD_WET,AMD_WET,1,5,False,4.3296117871705066e-05,0.9999549984931946,1.7165725452722826e-06
HOGCNN_EFFICIENTNETB3_ADAPTED_3CLASS,S000199,FIVES,AMD_WET,AMD_WET,1,5,False,7.943317641547764e-05,0.9999149084091187,5.676156026043376e-06
HOGCNN_EFFICIENTNETB3_ADAPTED_3CLASS,S000200,FIVES,AMD_WET,AMD_DRY,0,3,False,0.644933357834816,0.3547746486205142,0.0002919962507121454
HOGCNN_EFFICIENTNETB3_ADAPTED_3CLASS,S000201,FIVES,AMD_WET,AMD_WET,1,5,False,0.07367686980505823,0.9259485483169556,0.000374577040744839
HOGCNN_EFFICIENTNETB3_ADAPTED_3CLASS,S000202,FIVES,AMD_WET,AMD_WET,1,5,False,0.00018647056039071684,0.9998096823692322,3.8702718794247915e-06
HOGCNN_EFFICIENTNETB3_ADAPTED_3CLASS,S000203,FIVES,AMD_WET,AMD_WET,1,5,False,0.0030569229762477334,0.9964147806167603,0.0005283003265958541
HOGCNN_EFFICIENTNETB3_ADAPTED_3CLASS,S000204,FIVES,AMD_WET,AMD_WET,1,5,False,0.0778895073919557,0.9173418641090393,0.004768636741937371
HOGCNN_EFFICIENTNETB3_ADAPTED_3CLASS,S000205,FIVES,AMD_WET,AMD_WET,1,5,False,8.8635412481608e-06,0.9999908685684205,2.521406250011182e-07
HOGCNN_EFFICIENTNETB3_ADAPTED_3CLASS,S000207,FIVES,AMD_WET,AMD_WET,1,5,False,0.0667974607902579,0.9325551509857177,0.0006474058800904458
HOGCNN_EFFICIENTNETB3_ADAPTED_3CLASS,S000208,FIVES,AMD_WET,AMD_DRY,0,4,False,0.8343834400177002,0.12396529947873206,0.041651226975955066
HOGCNN_EFFICIENTNETB3_ADAPTED_3CLASS,S000209,FIVES,AMD_WET,AMD_WET,1,5,False,0.00029240388903417625,0.9996959686279296,1.1642364198310995e-05
HOGCNN_EFFICIENTNETB3_ADAPTED_3CLASS,S000210,FIVES,AMD_WET,AMD_WET,1,5,False,0.00054177928250283,0.9993662238121033,9.200281492667272e-05
HOGCNN_EFFICIENTNETB3_ADAPTED_3CLASS,S000211,FIVES,AMD_WET,AMD_WET,1,5,False,0.0025342131535580847,0.997331190109253,0.00013460424253111113
HOGCNN_EFFICIENTNETB3_ADAPTED_3CLASS,S000212,FIVES,AMD_WET,AMD_WET,1,5,False,4.387896539863843e-06,0.9999901294708252,5.475137534216882e-06
HOGCNN_EFFICIENTNETB3_ADAPTED_3CLASS,S000213,FIVES,AMD_WET,AMD_WET,1,5,False,0.0006255415591674307,0.9993100643157959,6.439889859368719e-05
HOGCNN_EFFICIENTNETB3_ADAPTED_3CLASS,S000214,FIVES,AMD_WET,AMD_WET,1,5,False,0.02108614813478198,0.9786193490028381,0.0002945272483081851
HOGCNN_EFFICIENTNETB3_ADAPTED_3CLASS,S000215,FIVES,AMD_WET,AMD_WET,1,5,False,0.0011030573920834286,0.9988694548606872,2.7482314911608795e-05
HOGCNN_EFFICIENTNETB3_ADAPTED_3CLASS,S000216,FIVES,AMD_WET,AMD_WET,1,5,False,2.6275053920154015e-05,0.9999716997146606,2.0190597022291855e-06
HOGCNN_EFFICIENTNETB3_ADAPTED_3CLASS,S000217,FIVES,AMD_WET,AMD_DRY,0,5,False,0.7623927235603333,0.23722467347979545,0.00038260819274000825
HOGCNN_EFFICIENTNETB3_ADAPTED_3CLASS,S000218,FIVES,AMD_WET,AMD_WET,1,5,False,0.05734877621107444,0.9415971994400024,0.0010540199062234023
HOGCNN_EFFICIENTNETB3_ADAPTED_3CLASS,S000220,FIVES,AMD_WET,AMD_WET,1,5,False,0.0135758056276984,0.9858570098876953,0.0005671836941274933
HOGCNN_EFFICIENTNETB3_ADAPTED_3CLASS,S000221,FIVES,AMD_WET,AMD_WET,1,5,False,7.421727045431315e-10,1.0,7.721594437570277e-12
HOGCNN_EFFICIENTNETB3_ADAPTED_3CLASS,S000222,FIVES,AMD_WET,AMD_WET,1,5,False,9.146025230777343e-08,0.9999999046325684,3.901175154620573e-10
HOGCNN_EFFICIENTNETB3_ADAPTED_3CLASS,S000223,FIVES,AMD_WET,AMD_DRY,0,4,False,0.6586679700762034,0.34083162546157836,0.0005004132773599679
HOGCNN_EFFICIENTNETB3_ADAPTED_3CLASS,S000224,FIVES,AMD_WET,AMD_WET,1,5,False,0.0003285963248799817,0.9996652960777282,6.113378136340941e-06
HOGCNN_EFFICIENTNETB3_ADAPTED_3CLASS,S000225,FIVES,AMD_WET,AMD_WET,1,5,False,8.822106181947884e-05,0.9998843789100647,2.7387214743988807e-05
HOGCNN_EFFICIENTNETB3_ADAPTED_3CLASS,S000226,FIVES,AMD_WET,AMD_WET,1,5,False,2.448695141765711e-07,0.999999737739563,1.0605509970229577e-09
HOGCNN_EFFICIENTNETB3_ADAPTED_3CLASS,S000227,FIVES,AMD_WET,AMD_WET,1,5,False,0.022052528179847285,0.9773534297943115,0.0005940646417002427
HOGCNN_EFFICIENTNETB3_ADAPTED_3CLASS,S000228,FIVES,AMD_WET,AMD_WET,1,5,False,7.128969295990827e-05,0.9999268531799317,1.8701282497783286e-06
HOGCNN_EFFICIENTNETB3_ADAPTED_3CLASS,S000229,FIVES,AMD_WET,AMD_WET,1,5,False,0.011315581522649155,0.988185453414917,0.0004989657668602376
HOGCNN_EFFICIENTNETB3_ADAPTED_3CLASS,S000230,FIVES,AMD_WET,AMD_WET,1,5,False,3.61149433687584e-10,1.0,4.711815514285067e-13
HOGCNN_EFFICIENTNETB3_ADAPTED_3CLASS,S000231,FIVES,AMD_WET,AMD_WET,1,5,False,0.0033952462632441892,0.9963827133178711,0.00022203334761403682
HOGCNN_EFFICIENTNETB3_ADAPTED_3CLASS,S000232,FIVES,AMD_WET,AMD_DRY,0,5,False,0.956389558315277,0.04301856644451618,0.0005918714159633964
HOGCNN_EFFICIENTNETB3_ADAPTED_3CLASS,S000233,FIVES,AMD_WET,AMD_WET,1,5,False,0.0016710113690351137,0.9983154773712158,1.3498050020643858e-05
HOGCNN_EFFICIENTNETB3_ADAPTED_3CLASS,S000234,FIVES,AMD_WET,AMD_WET,1,5,False,3.22990303650128e-05,0.9999504208564758,1.7294247282662047e-05
HOGCNN_EFFICIENTNETB3_ADAPTED_3CLASS,S000235,FIVES,AMD_WET,AMD_WET,1,5,False,0.00012122823497975332,0.9998768925666809,1.8476208290922613e-06
HOGCNN_EFFICIENTNETB3_ADAPTED_3CLASS,S000236,FIVES,AMD_WET,AMD_WET,1,5,False,0.1626958355307579,0.835208535194397,0.0020956349922926164
HOGCNN_EFFICIENTNETB3_ADAPTED_3CLASS,S000238,FIVES,AMD_WET,AMD_WET,1,5,False,3.809727589171655e-09,1.0,2.392822259596951e-09
HOGCNN_EFFICIENTNETB3_ADAPTED_3CLASS,S000239,ODIR,NORMAL,NORMAL,1,5,False,0.0011612737300310983,5.405738981778541e-06,0.9988333344459533
HOGCNN_EFFICIENTNETB3_ADAPTED_3CLASS,S000240,ODIR,NORMAL,NORMAL,1,5,False,0.001511791932352935,4.753598764306588e-06,0.9984834551811218
HOGCNN_EFFICIENTNETB3_ADAPTED_3CLASS,S000241,ODIR,NORMAL,NORMAL,1,5,False,0.0004216238655672555,7.50507923609825e-07,0.9995776057243347
HOGCNN_EFFICIENTNETB3_ADAPTED_3CLASS,S000242,ODIR,NORMAL,NORMAL,1,5,False,0.0002406189487089705,4.90728953176367e-06,0.9997544527053833
HOGCNN_EFFICIENTNETB3_ADAPTED_3CLASS,S000243,ODIR,NORMAL,NORMAL,1,5,False,1.640826089337466e-05,2.1397422530072817e-07,0.9999833822250366
HOGCNN_EFFICIENTNETB3_ADAPTED_3CLASS,S000244,ODIR,NORMAL,NORMAL,1,5,False,0.0024885431927032186,1.5298651495687653e-06,0.9975099444389344
HOGCNN_EFFICIENTNETB3_ADAPTED_3CLASS,S000245,ODIR,NORMAL,NORMAL,1,5,False,4.095670958470521e-05,1.0371652480495319e-06,0.9999580144882202
HOGCNN_EFFICIENTNETB3_ADAPTED_3CLASS,S000246,ODIR,NORMAL,NORMAL,1,5,False,1.651285401127467e-05,2.3586160369792885e-07,0.9999832391738892
HOGCNN_EFFICIENTNETB3_ADAPTED_3CLASS,S000247,ODIR,NORMAL,NORMAL,1,5,False,5.0781153967704994e-05,8.496643718158837e-07,0.9999483942985534
HOGCNN_EFFICIENTNETB3_ADAPTED_3CLASS,S000248,ODIR,NORMAL,NORMAL,1,5,False,3.9035675284537775e-05,1.6637441758449168e-07,0.9999608278274537
HOGCNN_EFFICIENTNETB3_ADAPTED_3CLASS,S000249,ODIR,NORMAL,NORMAL,1,5,False,9.643997098951473e-06,1.025448999991685e-07,0.9999902486801148
HOGCNN_EFFICIENTNETB3_ADAPTED_3CLASS,S000250,ODIR,NORMAL,NORMAL,1,5,False,0.0031345877475132513,2.015617397577163e-06,0.9968634009361267
HOGCNN_EFFICIENTNETB3_ADAPTED_3CLASS,S000251,ODIR,NORMAL,NORMAL,1,5,False,0.00223783309738792,6.969348114971296e-06,0.9977552175521851
HOGCNN_EFFICIENTNETB3_ADAPTED_3CLASS,S000252,ODIR,NORMAL,NORMAL,1,5,False,0.0001856861485975969,1.7945790437567943e-07,0.9998141407966614
HOGCNN_EFFICIENTNETB3_ADAPTED_3CLASS,S000253,ODIR,NORMAL,NORMAL,1,5,False,0.00015886972795726707,2.7750229750989065e-06,0.999838387966156
HOGCNN_EFFICIENTNETB3_ADAPTED_3CLASS,S000254,ODIR,NORMAL,NORMAL,1,5,False,0.00034160307434945026,6.593314929581596e-08,0.9996583461761475
HOGCNN_EFFICIENTNETB3_ADAPTED_3CLASS,S000255,ODIR,NORMAL,NORMAL,1,5,False,0.0003530436249093327,4.4271319353805795e-07,0.9996464729309082
HOGCNN_EFFICIENTNETB3_ADAPTED_3CLASS,S000256,ODIR,NORMAL,NORMAL,1,5,False,0.039574461508891545,6.395225620963174e-05,0.9603615880012513
HOGCNN_EFFICIENTNETB3_ADAPTED_3CLASS,S000257,ODIR,NORMAL,NORMAL,1,5,False,0.00026436798154065854,1.0365256572164584e-06,0.999734628200531
HOGCNN_EFFICIENTNETB3_ADAPTED_3CLASS,S000258,ODIR,NORMAL,NORMAL,1,5,False,0.003600758324319031,1.8255665655386722e-06,0.9963974237442017
HOGCNN_EFFICIENTNETB3_ADAPTED_3CLASS,S000259,ODIR,NORMAL,NORMAL,1,5,False,0.001944592637482856,5.426589113610714e-06,0.9980499863624572
HOGCNN_EFFICIENTNETB3_ADAPTED_3CLASS,S000260,ODIR,NORMAL,NORMAL,1,5,False,0.0012125927270545845,1.6598668045042508e-06,0.9987857580184937
HOGCNN_EFFICIENTNETB3_ADAPTED_3CLASS,S000261,ODIR,NORMAL,NORMAL,1,5,False,0.0004586217300030171,6.74294032050951e-07,0.9995406866073608
HOGCNN_EFFICIENTNETB3_ADAPTED_3CLASS,S000262,ODIR,NORMAL,NORMAL,1,5,False,0.0019313032092213688,7.984166437324802e-06,0.99806067943573
HOGCNN_EFFICIENTNETB3_ADAPTED_3CLASS,S000263,ODIR,NORMAL,NORMAL,1,5,False,0.0011785756715653405,2.9258371250762137e-05,0.9987921714782715
HOGCNN_EFFICIENTNETB3_ADAPTED_3CLASS,S000264,ODIR,NORMAL,NORMAL,1,5,False,0.0009232191873707052,2.360634201054035e-06,0.9990744113922119
HOGCNN_EFFICIENTNETB3_ADAPTED_3CLASS,S000265,ODIR,NORMAL,NORMAL,1,5,False,0.008063855703221634,6.822722396719883e-05,0.9918678879737854
HOGCNN_EFFICIENTNETB3_ADAPTED_3CLASS,S000266,ODIR,NORMAL,NORMAL,1,5,False,0.0003425458176607776,1.431882317123531e-07,0.9996573209762574
HOGCNN_EFFICIENTNETB3_ADAPTED_3CLASS,S000267,ODIR,NORMAL,NORMAL,1,5,False,0.0008637803006422473,1.557047992073457e-06,0.999134647846222
HOGCNN_EFFICIENTNETB3_ADAPTED_3CLASS,S000268,ODIR,NORMAL,NORMAL,1,5,False,0.0024565316940424963,6.448069724029893e-06,0.9975370049476624
HOGCNN_EFFICIENTNETB3_ADAPTED_3CLASS,S000269,ODIR,NORMAL,NORMAL,1,5,False,0.0009051424144672637,2.834526879240684e-05,0.9990665197372437
HOGCNN_EFFICIENTNETB3_ADAPTED_3CLASS,S000270,ODIR,NORMAL,NORMAL,1,5,False,0.0009600053244639639,2.5287998556056123e-06,0.9990374445915222
HOGCNN_EFFICIENTNETB3_ADAPTED_3CLASS,S000271,ODIR,NORMAL,NORMAL,1,5,False,0.008059251416193547,5.293989716381731e-07,0.9919402122497558
HOGCNN_EFFICIENTNETB3_ADAPTED_3CLASS,S000272,ODIR,NORMAL,NORMAL,1,5,False,0.003799025157968572,3.7979558094036746e-07,0.9962005972862243
HOGCNN_EFFICIENTNETB3_ADAPTED_3CLASS,S000273,ODIR,NORMAL,NORMAL,1,5,False,0.0006387512938317741,4.42035590584311e-06,0.9993568181991577
HOGCNN_EFFICIENTNETB3_ADAPTED_3CLASS,S000274,ODIR,NORMAL,NORMAL,1,5,False,0.0034156282192270735,8.557743532122686e-06,0.9965758562088013
HOGCNN_EFFICIENTNETB3_ADAPTED_3CLASS,S000275,ODIR,NORMAL,NORMAL,1,5,False,0.00450551366811851,1.6423814389554537e-05,0.9954780578613281
HOGCNN_EFFICIENTNETB3_ADAPTED_3CLASS,S000276,ODIR,NORMAL,NORMAL,1,5,False,0.003925957918363565,1.2313821764853294e-05,0.9960616946220398
HOGCNN_EFFICIENTNETB3_ADAPTED_3CLASS,S000277,ODIR,NORMAL,NORMAL,1,5,False,0.002079821198094578,2.094202354783192e-05,0.9978992700576782
HOGCNN_EFFICIENTNETB3_ADAPTED_3CLASS,S000278,ODIR,NORMAL,NORMAL,1,5,False,0.0006976594789307455,1.640864539069753e-05,0.9992859244346619
HOGCNN_EFFICIENTNETB3_ADAPTED_3CLASS,S000279,ODIR,NORMAL,NORMAL,1,5,False,0.03243914308186504,2.5051477479109963e-06,0.9675583600997925
HOGCNN_EFFICIENTNETB3_ADAPTED_3CLASS,S000280,ODIR,NORMAL,NORMAL,1,5,False,0.0007831919065097281,4.124561948093408e-08,0.9992167472839355
HOGCNN_EFFICIENTNETB3_ADAPTED_3CLASS,S000281,ODIR,NORMAL,NORMAL,1,5,False,0.0013260976595574903,3.6324651874863887e-06,0.9986702799797058
HOGCNN_EFFICIENTNETB3_ADAPTED_3CLASS,S000282,ODIR,NORMAL,NORMAL,1,5,False,0.00030921893292088496,4.843092755474343e-07,0.9996902704238891
HOGCNN_EFFICIENTNETB3_ADAPTED_3CLASS,S000283,ODIR,NORMAL,NORMAL,1,5,False,0.003930151835083962,3.8763413606091035e-05,0.99603111743927
HOGCNN_EFFICIENTNETB3_ADAPTED_3CLASS,S000284,ODIR,NORMAL,NORMAL,1,5,False,0.0007093734036345723,3.4456984316783013e-06,0.9992871880531311
HOGCNN_EFFICIENTNETB3_ADAPTED_3CLASS,S000285,ODIR,NORMAL,NORMAL,1,5,False,3.3022802954363327e-07,1.1511029135305787e-09,0.9999996662139893
HOGCNN_EFFICIENTNETB3_ADAPTED_3CLASS,S000286,ODIR,NORMAL,NORMAL,1,5,False,0.00034923874224830344,6.769623402180791e-06,0.9996439814567566
HOGCNN_EFFICIENTNETB3_ADAPTED_3CLASS,S000287,ODIR,NORMAL,NORMAL,1,5,False,0.0003456163194538675,5.9064633115349376e-08,0.9996543407440186
HOGCNN_EFFICIENTNETB3_ADAPTED_3CLASS,S000288,ODIR,NORMAL,NORMAL,1,5,False,0.030988384655211122,0.00015366085144705722,0.9688579440116882
HOGCNN_EFFICIENTNETB3_ADAPTED_3CLASS,S000289,ODIR,NORMAL,NORMAL,1,5,False,0.000246306061681878,5.706698898155782e-09,0.9997536778450012
HOGCNN_EFFICIENTNETB3_ADAPTED_3CLASS,S000290,ODIR,NORMAL,NORMAL,1,5,False,0.0010711341153637477,1.9747691164750948e-06,0.9989269018173218
HOGCNN_EFFICIENTNETB3_ADAPTED_3CLASS,S000291,ODIR,NORMAL,NORMAL,1,5,False,0.007709084422094748,9.72492638766198e-05,0.9921936750411987
HOGCNN_EFFICIENTNETB3_ADAPTED_3CLASS,S000292,ODIR,NORMAL,NORMAL,1,5,False,1.4584393051353394e-06,6.501194282741707e-09,0.9999985456466675
HOGCNN_EFFICIENTNETB3_ADAPTED_3CLASS,S000293,ODIR,NORMAL,NORMAL,1,5,False,0.0172532740078168,0.0018445916516839135,0.980902123451233
HOGCNN_EFFICIENTNETB3_ADAPTED_3CLASS,S000294,ODIR,NORMAL,NORMAL,1,5,False,0.0008193004294582806,1.203644135694404e-07,0.9991806030273438
HOGCNN_EFFICIENTNETB3_ADAPTED_3CLASS,S000295,ODIR,NORMAL,NORMAL,1,5,False,0.06847421610727907,0.0002701271982914477,0.9312556505203247
HOGCNN_EFFICIENTNETB3_ADAPTED_3CLASS,S000296,ODIR,NORMAL,NORMAL,1,5,False,0.010819461387291085,5.904652348363015e-05,0.9891214847564698
HOGCNN_EFFICIENTNETB3_ADAPTED_3CLASS,S000297,ODIR,NORMAL,NORMAL,1,5,False,0.0009804307742911078,4.275309126923477e-07,0.9990191459655762
HOGCNN_EFFICIENTNETB3_ADAPTED_3CLASS,S000298,ODIR,NORMAL,NORMAL,1,5,False,0.00010851764088783966,6.183311604124331e-08,0.9998914241790772
HOGCNN_EFFICIENTNETB3_ADAPTED_3CLASS,S000299,ODIR,NORMAL,NORMAL,1,5,False,2.0043826814486466e-05,3.433286677512193e-07,0.9999796390533447
HOGCNN_EFFICIENTNETB3_ADAPTED_3CLASS,S000300,ODIR,NORMAL,NORMAL,1,5,False,0.0034247807658175588,2.9662906486427332e-05,0.9965455651283264
HOGCNN_EFFICIENTNETB3_ADAPTED_3CLASS,S000301,ODIR,NORMAL,NORMAL,1,5,False,0.005322222271934152,0.0001653898851145641,0.994512391090393
HOGCNN_EFFICIENTNETB3_ADAPTED_3CLASS,S000302,ODIR,NORMAL,NORMAL,1,5,False,7.908884451666154e-05,1.1341808916653928e-06,0.9999197840690612
HOGCNN_EFFICIENTNETB3_ADAPTED_3CLASS,S000303,ODIR,NORMAL,NORMAL,1,5,False,0.0011212765993150243,5.641135448541945e-07,0.9988781929016113
HOGCNN_EFFICIENTNETB3_ADAPTED_3CLASS,S000304,ODIR,NORMAL,NORMAL,1,5,False,0.008805947455857676,5.6616655498942235e-06,0.9911883711814881
HOGCNN_EFFICIENTNETB3_ADAPTED_3CLASS,S000305,ODIR,NORMAL,NORMAL,1,5,False,0.0007393345993250477,5.328329256926167e-07,0.999260151386261
HOGCNN_EFFICIENTNETB3_ADAPTED_3CLASS,S000306,ODIR,NORMAL,NORMAL,1,5,False,0.012178880436113104,3.8231768979812844e-05,0.9877829194068909
HOGCNN_EFFICIENTNETB3_ADAPTED_3CLASS,S000307,ODIR,NORMAL,NORMAL,1,5,False,0.00037552832527580903,3.415674613926889e-07,0.9996241092681885
HOGCNN_EFFICIENTNETB3_ADAPTED_3CLASS,S000308,ODIR,NORMAL,NORMAL,1,5,False,0.0019190291204722598,3.745854355656775e-05,0.9980435132980346
HOGCNN_EFFICIENTNETB3_ADAPTED_3CLASS,S000309,ODIR,NORMAL,NORMAL,1,5,False,2.501474799343484e-06,1.4837241694466708e-08,0.9999974727630615
HOGCNN_EFFICIENTNETB3_ADAPTED_3CLASS,S000310,ODIR,NORMAL,NORMAL,1,5,False,0.002406983106266125,5.215886356912947e-06,0.9975878000259399
HOGCNN_EFFICIENTNETB3_ADAPTED_3CLASS,S000311,ODIR,NORMAL,NORMAL,1,5,False,0.007123682290512079,1.0015086504466808e-05,0.9928663611412049
HOGCNN_EFFICIENTNETB3_ADAPTED_3CLASS,S000312,ODIR,NORMAL,NORMAL,1,5,False,0.0023096977924979,1.1783001391707515e-06,0.9976890683174133
HOGCNN_EFFICIENTNETB3_ADAPTED_3CLASS,S000313,ODIR,NORMAL,NORMAL,1,5,False,0.003775681908155093,1.0286796432978918e-05,0.9962140321731567
HOGCNN_EFFICIENTNETB3_ADAPTED_3CLASS,S000314,ODIR,NORMAL,NORMAL,1,5,False,2.2811955530244178e-05,2.0319129792056856e-07,0.9999769687652588
HOGCNN_EFFICIENTNETB3_ADAPTED_3CLASS,S000315,ODIR,NORMAL,NORMAL,1,5,False,0.0028675858782662546,4.875366981238471e-08,0.9971323847770691
HOGCNN_EFFICIENTNETB3_ADAPTED_3CLASS,S000316,ODIR,NORMAL,NORMAL,1,5,False,5.993183967367699e-06,3.220742531683668e-08,0.9999939680099488
HOGCNN_EFFICIENTNETB3_ADAPTED_3CLASS,S000317,ODIR,NORMAL,NORMAL,1,5,False,0.00041414034903937137,3.083281889776357e-07,0.9995855569839478
HOGCNN_EFFICIENTNETB3_ADAPTED_3CLASS,S000318,ODIR,NORMAL,NORMAL,1,5,False,0.0007081106417899718,4.873553471063108e-07,0.9992913842201233
HOGCNN_EFFICIENTNETB3_ADAPTED_3CLASS,S000319,ODIR,NORMAL,NORMAL,1,5,False,0.004751485725864768,5.4334664309863004e-05,0.995194160938263
HOGCNN_EFFICIENTNETB3_ADAPTED_3CLASS,S000320,ODIR,NORMAL,NORMAL,1,5,False,0.006792080909690412,4.957680149075827e-06,0.9932029604911804
HOGCNN_EFFICIENTNETB3_ADAPTED_3CLASS,S000321,ODIR,NORMAL,NORMAL,1,5,False,0.006282724304037401,5.1244081078039017e-05,0.9936660408973694
HOGCNN_EFFICIENTNETB3_ADAPTED_3CLASS,S000322,ODIR,NORMAL,NORMAL,1,5,False,0.0072912861169243115,1.962838140396883e-05,0.9926890850067138
HOGCNN_EFFICIENTNETB3_ADAPTED_3CLASS,S000323,ODIR,NORMAL,NORMAL,1,5,False,9.371334217576078e-05,1.4822216826360091e-06,0.9999048233032226
HOGCNN_EFFICIENTNETB3_ADAPTED_3CLASS,S000324,ODIR,NORMAL,NORMAL,1,4,False,0.13990857908502222,0.0011393946304451674,0.858952009677887
HOGCNN_EFFICIENTNETB3_ADAPTED_3CLASS,S000325,ODIR,NORMAL,NORMAL,1,5,False,0.0015681487449910492,3.275072185715544e-05,0.9983990907669067
HOGCNN_EFFICIENTNETB3_ADAPTED_3CLASS,S000326,ODIR,NORMAL,NORMAL,1,5,False,0.04914846383035183,0.0003005871141795069,0.9505509257316589
HOGCNN_EFFICIENTNETB3_ADAPTED_3CLASS,S000327,ODIR,NORMAL,NORMAL,1,5,False,0.004218510373902973,4.036977843924205e-06,0.9957774758338929
HOGCNN_EFFICIENTNETB3_ADAPTED_3CLASS,S000328,ODIR,NORMAL,NORMAL,1,5,False,0.001328167242672862,2.345890730204303e-06,0.9986694812774658
HOGCNN_EFFICIENTNETB3_ADAPTED_3CLASS,S000329,ODIR,NORMAL,NORMAL,1,5,False,0.10838453117758036,0.0009044509395607747,0.8907110452651977
HOGCNN_EFFICIENTNETB3_ADAPTED_3CLASS,S000330,ODIR,NORMAL,NORMAL,1,5,False,0.013731223813374526,8.20124613877482e-05,0.9861867666244507
HOGCNN_EFFICIENTNETB3_ADAPTED_3CLASS,S000331,ODIR,NORMAL,NORMAL,1,5,False,0.00569806482817512,0.0012203157995827496,0.9930815935134888
HOGCNN_EFFICIENTNETB3_ADAPTED_3CLASS,S000332,ODIR,NORMAL,NORMAL,1,3,False,0.4651307463645935,0.004285628604702651,0.5305836152285337
HOGCNN_EFFICIENTNETB3_ADAPTED_3CLASS,S000333,ODIR,NORMAL,NORMAL,1,5,False,0.00973698531743139,0.0005362571362638846,0.9897267341613769
HOGCNN_EFFICIENTNETB3_ADAPTED_3CLASS,S000334,ODIR,NORMAL,NORMAL,1,5,False,0.00028006553778254785,6.702785010759271e-06,0.9997132420539856
HOGCNN_EFFICIENTNETB3_ADAPTED_3CLASS,S000335,ODIR,NORMAL,NORMAL,1,5,False,0.001099406060052388,9.60371761671297e-07,0.9988996505737304
HOGCNN_EFFICIENTNETB3_ADAPTED_3CLASS,S000336,ODIR,NORMAL,NORMAL,1,5,False,8.53790894943529e-06,8.90961325966666e-08,0.9999913930892944
HOGCNN_EFFICIENTNETB3_ADAPTED_3CLASS,S000337,ODIR,NORMAL,NORMAL,1,5,False,0.014828504867909941,5.5564240538785727e-05,0.985115909576416
HOGCNN_EFFICIENTNETB3_ADAPTED_3CLASS,S000338,ODIR,NORMAL,NORMAL,1,5,False,0.0005295323571999688,4.107408700093629e-06,0.9994663715362548
HOGCNN_EFFICIENTNETB3_ADAPTED_3CLASS,S000339,ODIR,NORMAL,NORMAL,1,5,False,0.00010922068219656466,3.436470297657479e-06,0.9998873233795166
HOGCNN_EFFICIENTNETB3_ADAPTED_3CLASS,S000340,ODIR,NORMAL,NORMAL,1,5,False,0.00028570354129016097,8.161338715447636e-08,0.9997142314910888
HOGCNN_EFFICIENTNETB3_ADAPTED_3CLASS,S000341,ODIR,NORMAL,NORMAL,1,5,False,0.0005144238414800384,4.515718546649339e-07,0.9994850993156433
HOGCNN_EFFICIENTNETB3_ADAPTED_3CLASS,S000342,ODIR,NORMAL,NORMAL,1,5,False,0.0005275875366010041,5.480726601092556e-06,0.9994669318199157
HOGCNN_EFFICIENTNETB3_ADAPTED_3CLASS,S000343,ODIR,NORMAL,NORMAL,1,5,False,0.005790399022225756,1.4260231733942418e-05,0.9941953182220459
HOGCNN_EFFICIENTNETB3_ADAPTED_3CLASS,S000344,ODIR,NORMAL,NORMAL,1,5,False,0.001479490785368398,6.799628470666175e-06,0.9985137224197388
HOGCNN_EFFICIENTNETB3_ADAPTED_3CLASS,S000345,ODIR,NORMAL,NORMAL,1,5,False,0.00019524255015457292,1.5151068250584577e-07,0.9998045921325683
HOGCNN_EFFICIENTNETB3_ADAPTED_3CLASS,S000346,ODIR,NORMAL,NORMAL,1,5,False,0.002614847825952893,2.8239428592868874e-06,0.9973823308944703
HOGCNN_EFFICIENTNETB3_ADAPTED_3CLASS,S000347,ODIR,NORMAL,NORMAL,1,5,False,0.0027583480787143344,2.41080392917592e-06,0.9972392201423645
HOGCNN_EFFICIENTNETB3_ADAPTED_3CLASS,S000348,ODIR,NORMAL,NORMAL,1,5,False,0.004727134891436435,0.00024630575207993386,0.9950265526771546
HOGCNN_EFFICIENTNETB3_ADAPTED_3CLASS,S000349,ODIR,NORMAL,NORMAL,1,5,False,0.001999590481136693,7.6028663913874086e-06,0.9979928135871887
HOGCNN_EFFICIENTNETB3_ADAPTED_3CLASS,S000350,ODIR,NORMAL,NORMAL,1,5,False,0.007085648598149419,1.5727393843434357e-05,0.9928985953330993
HOGCNN_EFFICIENTNETB3_ADAPTED_3CLASS,S000351,ODIR,NORMAL,NORMAL,1,5,False,0.0006268130895477952,6.429889721382142e-07,0.9993725061416626
HOGCNN_EFFICIENTNETB3_ADAPTED_3CLASS,S000352,ODIR,NORMAL,NORMAL,1,3,False,0.4702034965157509,0.021170105179771782,0.5086264096200466
HOGCNN_EFFICIENTNETB3_ADAPTED_3CLASS,S000353,ODIR,NORMAL,NORMAL,1,5,False,0.004910040819822825,2.4724794624653156e-05,0.9950652241706848
HOGCNN_EFFICIENTNETB3_ADAPTED_3CLASS,S000354,ODIR,NORMAL,NORMAL,1,5,False,0.009298948455398203,0.00015985271293175173,0.9905411720275878
HOGCNN_EFFICIENTNETB3_ADAPTED_3CLASS,S000355,ODIR,NORMAL,NORMAL,1,5,False,0.012912791487178766,3.780593102078456e-05,0.9870493888854981
HOGCNN_EFFICIENTNETB3_ADAPTED_3CLASS,S000356,ODIR,NORMAL,NORMAL,1,5,False,0.0017348556859360543,2.913533221704512e-06,0.9982622623443603
HOGCNN_EFFICIENTNETB3_ADAPTED_3CLASS,S000357,ODIR,NORMAL,NORMAL,1,5,False,0.00047665249695967306,1.0179985647007505e-06,0.9995223402976989
HOGCNN_EFFICIENTNETB3_ADAPTED_3CLASS,S000358,ODIR,NORMAL,NORMAL,1,3,False,0.33771819826215504,0.00182248993369285,0.6604592800140381
HOGCNN_EFFICIENTNETB3_ADAPTED_3CLASS,S000359,ODIR,NORMAL,NORMAL,1,5,False,0.011955850856611504,0.00024827934780660146,0.9877959012985229
HOGCNN_EFFICIENTNETB3_ADAPTED_3CLASS,S000360,ODIR,NORMAL,NORMAL,1,5,False,1.0582188111474266e-05,7.226792811346888e-08,0.9999893426895141
HOGCNN_EFFICIENTNETB3_ADAPTED_3CLASS,S000361,ODIR,NORMAL,NORMAL,1,5,False,0.03157129128230736,0.0017621470065193989,0.9666665911674499
HOGCNN_EFFICIENTNETB3_ADAPTED_3CLASS,S000362,ODIR,NORMAL,NORMAL,1,5,False,0.0015997503989638063,3.3613001949106544e-05,0.9983666181564331
HOGCNN_EFFICIENTNETB3_ADAPTED_3CLASS,S000363,ODIR,NORMAL,NORMAL,1,5,False,4.147642080631897e-05,5.480608809144139e-07,0.9999579906463623
HOGCNN_EFFICIENTNETB3_ADAPTED_3CLASS,S000364,ODIR,AMD_DRY,AMD_DRY,1,5,False,0.9998911142349243,9.549829729387227e-05,1.337530671420284e-05
HOGCNN_EFFICIENTNETB3_ADAPTED_3CLASS,S000365,ODIR,AMD_DRY,AMD_DRY,1,5,False,0.999188506603241,0.0006487075628683669,0.0001627742988461023
HOGCNN_EFFICIENTNETB3_ADAPTED_3CLASS,S000366,ODIR,AMD_DRY,AMD_DRY,1,4,False,0.7644733637571335,0.2340631777231465,0.0014634575822128682
HOGCNN_EFFICIENTNETB3_ADAPTED_3CLASS,S000367,ODIR,AMD_DRY,AMD_WET,0,5,False,0.07109555988863576,0.9260084509849549,0.002895963679839042
HOGCNN_EFFICIENTNETB3_ADAPTED_3CLASS,S000368,ODIR,AMD_DRY,AMD_DRY,1,5,False,0.9984476804733277,0.00042189700272956545,0.0011304364120405808
HOGCNN_EFFICIENTNETB3_ADAPTED_3CLASS,S000369,ODIR,AMD_DRY,AMD_DRY,1,5,False,0.9833394527435303,0.014961762361781438,0.0016987495007924735
HOGCNN_EFFICIENTNETB3_ADAPTED_3CLASS,S000370,ODIR,AMD_DRY,AMD_DRY,1,5,False,0.9985883593559265,0.001278453251143219,0.0001331788365405373
HOGCNN_EFFICIENTNETB3_ADAPTED_3CLASS,S000371,ODIR,AMD_DRY,AMD_DRY,1,5,False,0.9996183276176452,0.000305332975131023,7.632218258777357e-05
HOGCNN_EFFICIENTNETB3_ADAPTED_3CLASS,S000372,ODIR,AMD_DRY,AMD_WET,0,3,False,0.33534564888104795,0.664349851384759,0.0003044889030206832
HOGCNN_EFFICIENTNETB3_ADAPTED_3CLASS,S000373,ODIR,AMD_DRY,AMD_WET,0,4,False,0.1566068973392248,0.8422184973955155,0.0011746289477287063
HOGCNN_EFFICIENTNETB3_ADAPTED_3CLASS,S000374,ODIR,AMD_DRY,AMD_DRY,1,5,False,0.9981688618659973,0.0017771551843907218,5.395461130319745e-05
HOGCNN_EFFICIENTNETB3_ADAPTED_3CLASS,S000375,ODIR,AMD_DRY,AMD_DRY,1,5,False,0.9680826902389527,0.03045116007742763,0.0014661359779893246
HOGCNN_EFFICIENTNETB3_ADAPTED_3CLASS,S000376,ODIR,AMD_DRY,AMD_DRY,1,5,False,0.9995888710021973,0.00027513152817846274,0.00013599768826679792
HOGCNN_EFFICIENTNETB3_ADAPTED_3CLASS,S000377,ODIR,AMD_DRY,AMD_DRY,1,3,False,0.49530953764915464,0.5041157765721437,0.0005746509988966864
HOGCNN_EFFICIENTNETB3_ADAPTED_3CLASS,S000378,ODIR,AMD_DRY,AMD_DRY,1,5,False,0.9853527903556824,0.0019032120402698639,0.012744026086875238
HOGCNN_EFFICIENTNETB3_ADAPTED_3CLASS,S000379,ODIR,AMD_DRY,AMD_DRY,1,5,False,0.9908997893333436,0.007817669288488104,0.0012825379410060123
HOGCNN_EFFICIENTNETB3_ADAPTED_3CLASS,S000380,ODIR,AMD_DRY,AMD_DRY,1,3,False,0.6448569506406784,0.3527318641543388,0.0024111846461892126
HOGCNN_EFFICIENTNETB3_ADAPTED_3CLASS,S000381,ODIR,AMD_DRY,AMD_DRY,1,4,False,0.8028822124004364,0.19554125112481416,0.0015765610131893482
HOGCNN_EFFICIENTNETB3_ADAPTED_3CLASS,S000382,ODIR,AMD_DRY,AMD_DRY,1,5,False,0.8861580610275268,0.11369496369734407,0.0001469736220769846
HOGCNN_EFFICIENTNETB3_ADAPTED_3CLASS,S000383,ODIR,AMD_DRY,AMD_DRY,1,5,False,0.9988005876541137,0.0010681240062694996,0.00013128469868206594
HOGCNN_EFFICIENTNETB3_ADAPTED_3CLASS,S000384,ODIR,AMD_DRY,AMD_DRY,1,5,False,0.9924096465110779,0.00617616877425462,0.0014141912251943722
HOGCNN_EFFICIENTNETB3_ADAPTED_3CLASS,S000385,ODIR,AMD_DRY,AMD_DRY,1,5,False,0.999914801120758,7.14604591053103e-05,1.3754790353459612e-05
HOGCNN_EFFICIENTNETB3_ADAPTED_3CLASS,S000386,ODIR,AMD_DRY,AMD_DRY,1,5,False,0.9999285817146302,6.388408098700893e-05,7.531968606144801e-06
HOGCNN_EFFICIENTNETB3_ADAPTED_3CLASS,S000387,ODIR,AMD_DRY,AMD_DRY,1,5,False,0.9032594680786132,0.09669078816659749,4.971301767113801e-05
HOGCNN_EFFICIENTNETB3_ADAPTED_3CLASS,S000388,ODIR,AMD_DRY,AMD_DRY,1,4,False,0.7612046122550964,0.23737846743315458,0.0014169351730743073
HOGCNN_EFFICIENTNETB3_ADAPTED_3CLASS,S000389,ODIR,AMD_DRY,AMD_DRY,1,5,False,0.9308916926383972,0.03495355262421072,0.034154762524121904
HOGCNN_EFFICIENTNETB3_ADAPTED_3CLASS,S000390,ODIR,AMD_DRY,AMD_DRY,1,5,False,0.9908617734909058,0.00876499520672951,0.00037322901789593743
HOGCNN_EFFICIENTNETB3_ADAPTED_3CLASS,S000391,ODIR,AMD_DRY,AMD_DRY,1,5,False,0.9957905769348144,0.0041069325539865534,0.00010250807117699879
HOGCNN_EFFICIENTNETB3_ADAPTED_3CLASS,S000392,ODIR,AMD_DRY,AMD_DRY,1,5,False,0.9910192608833313,0.008915163339406718,6.55752547316979e-05
HOGCNN_EFFICIENTNETB3_ADAPTED_3CLASS,S000393,ODIR,AMD_DRY,AMD_DRY,1,5,False,0.9982078909873963,0.0016715476725948975,0.00012055396109644789
HOGCNN_EFFICIENTNETB3_ADAPTED_3CLASS,S000394,ODIR,AMD_DRY,AMD_DRY,1,5,False,0.9842444896697998,0.014667935121542542,0.0010875659766782064
HOGCNN_EFFICIENTNETB3_ADAPTED_3CLASS,S000395,ODIR,AMD_DRY,AMD_WET,0,4,False,0.20179551910805457,0.7979762345552445,0.0002282541312482067
HOGCNN_EFFICIENTNETB3_ADAPTED_3CLASS,S000396,ODIR,AMD_DRY,AMD_DRY,1,5,False,0.9997592449188233,0.00021076775503274802,3.0006476451038823e-05
HOGCNN_EFFICIENTNETB3_ADAPTED_3CLASS,S000397,ODIR,AMD_DRY,AMD_DRY,1,5,False,0.9961254715919494,0.002785644889809191,0.0010888989607337862
HOGCNN_EFFICIENTNETB3_ADAPTED_3CLASS,S000398,ODIR,AMD_DRY,AMD_DRY,1,5,False,0.999868655204773,0.00010176241472148462,2.9568580041960947e-05
HOGCNN_EFFICIENTNETB3_ADAPTED_3CLASS,S000399,ODIR,AMD_DRY,AMD_WET,0,5,False,0.01731641499510488,0.982475745677948,0.00020781776106009174
HOGCNN_EFFICIENTNETB3_ADAPTED_3CLASS,S000400,ODIR,AMD_DRY,AMD_WET,0,5,False,0.18036703541874885,0.8181450724601745,0.0014878780915751123
HOGCNN_EFFICIENTNETB3_ADAPTED_3CLASS,S000401,ODIR,AMD_DRY,AMD_DRY,1,5,False,0.998202919960022,0.0016039776310208254,0.00019310968564241194
HOGCNN_EFFICIENTNETB3_ADAPTED_3CLASS,S000402,ODIR,AMD_DRY,AMD_DRY,1,5,False,0.9999145030975342,5.296308916200587e-05,3.2559522814068484e-05
HOGCNN_EFFICIENTNETB3_ADAPTED_3CLASS,S000403,ODIR,AMD_DRY,AMD_DRY,1,5,False,0.9999544978141784,3.826086671665507e-05,7.202992389920837e-06
HOGCNN_EFFICIENTNETB3_ADAPTED_3CLASS,S000404,ODIR,AMD_DRY,AMD_DRY,1,4,False,0.7708827912807464,0.22909644683240912,2.07487488395941e-05
HOGCNN_EFFICIENTNETB3_ADAPTED_3CLASS,S000405,ODIR,AMD_DRY,AMD_DRY,1,5,False,0.9976847767829895,0.002124862169875996,0.0001903149327063147
HOGCNN_EFFICIENTNETB3_ADAPTED_3CLASS,S000406,ODIR,AMD_DRY,AMD_WET,0,5,False,0.0570459833194036,0.9427255630493164,0.0002284365800278465
HOGCNN_EFFICIENTNETB3_ADAPTED_3CLASS,S000407,ODIR,AMD_DRY,AMD_DRY,1,5,False,0.9874147295951843,0.012332924010115676,0.0002523629380448256
HOGCNN_EFFICIENTNETB3_ADAPTED_3CLASS,S000408,ODIR,AMD_DRY,AMD_DRY,1,4,False,0.8391676306724548,0.13547005070140586,0.025362335075624288
HOGCNN_EFFICIENTNETB3_ADAPTED_3CLASS,S000409,ODIR,AMD_DRY,AMD_DRY,1,5,False,0.9997638106346131,0.00022519341434943386,1.1039108070487469e-05
HOGCNN_EFFICIENTNETB3_ADAPTED_3CLASS,S000410,ODIR,AMD_DRY,AMD_DRY,1,5,False,0.9999017953872681,8.791870491222653e-05,1.0259385362587636e-05
HOGCNN_EFFICIENTNETB3_ADAPTED_3CLASS,S000411,ODIR,AMD_DRY,AMD_DRY,1,5,False,0.9856544137001038,0.01281258019625966,0.0015330119342650051
HOGCNN_EFFICIENTNETB3_ADAPTED_3CLASS,S000412,ODIR,AMD_DRY,AMD_DRY,1,4,False,0.8434979856014252,0.1016836921167851,0.054818330967464135
HOGCNN_EFFICIENTNETB3_ADAPTED_3CLASS,S000413,ODIR,AMD_DRY,AMD_DRY,1,5,False,0.9936853170394897,0.004180865086527774,0.002133822409086861
HOGCNN_EFFICIENTNETB3_ADAPTED_3CLASS,S000414,ODIR,AMD_DRY,AMD_DRY,1,5,False,0.9933992862701416,0.005829585567698814,0.0007711096619459568
HOGCNN_EFFICIENTNETB3_ADAPTED_3CLASS,S000415,ODIR,AMD_DRY,AMD_DRY,1,5,False,0.9981304049491883,0.0014136609996057814,0.00045591807320306544
HOGCNN_EFFICIENTNETB3_ADAPTED_3CLASS,S000416,ODIR,AMD_DRY,AMD_WET,0,3,False,0.40854946909239515,0.5912779486992804,0.00017258601910725703
HOGCNN_EFFICIENTNETB3_ADAPTED_3CLASS,S000417,ODIR,AMD_DRY,AMD_DRY,1,5,False,0.9737952828407288,0.0028315737551963594,0.02337311000128466
HOGCNN_EFFICIENTNETB3_ADAPTED_3CLASS,S000418,ODIR,AMD_DRY,AMD_WET,0,5,False,0.0006440359894087199,0.9993454337120056,1.0542830235193631e-05
HOGCNN_EFFICIENTNETB3_ADAPTED_3CLASS,S000419,ODIR,AMD_DRY,AMD_DRY,1,5,False,0.98279709815979,0.01621897246222943,0.000983957716380246
HOGCNN_EFFICIENTNETB3_ADAPTED_3CLASS,S000420,ODIR,AMD_DRY,AMD_DRY,1,5,False,0.996534276008606,0.0029440920930937863,0.000521575194215984
HOGCNN_EFFICIENTNETB3_ADAPTED_3CLASS,S000421,ODIR,AMD_DRY,AMD_DRY,1,5,False,0.9769359827041626,0.022652027911681215,0.0004119841998544871
HOGCNN_EFFICIENTNETB3_ADAPTED_3CLASS,S000422,ODIR,AMD_DRY,AMD_DRY,1,5,False,0.9982883334159851,0.0015586396788421553,0.00015300312923045568
HOGCNN_EFFICIENTNETB3_ADAPTED_3CLASS,S000423,ODIR,AMD_DRY,AMD_WET,0,3,False,0.1683296620612964,0.6032195515930653,0.22845078537939117
HOGCNN_EFFICIENTNETB3_ADAPTED_3CLASS,S000424,ODIR,AMD_DRY,AMD_WET,0,4,False,0.24106321012077386,0.7562822520732879,0.0026545198759777124
HOGCNN_EFFICIENTNETB3_ADAPTED_3CLASS,S000425,ODIR,AMD_DRY,NORMAL,0,3,False,0.3891602769261226,4.089702160854358e-05,0.610798817873001
HOGCNN_EFFICIENTNETB3_ADAPTED_3CLASS,S000426,ODIR,AMD_DRY,AMD_DRY,1,3,False,0.6190217398107052,0.0010639075211656746,0.3799143346841447
HOGCNN_EFFICIENTNETB3_ADAPTED_3CLASS,S000427,ODIR,AMD_DRY,AMD_DRY,1,5,False,0.998405110836029,0.0001541264857223723,0.0014407578033569734
HOGCNN_EFFICIENTNETB3_ADAPTED_3CLASS,S000428,ODIR,AMD_DRY,NORMAL,0,4,False,0.21850086585618556,0.008500604918299359,0.7729985728859902
HOGCNN_EFFICIENTNETB3_ADAPTED_3CLASS,S000429,ODIR,AMD_DRY,AMD_DRY,1,5,False,0.9986883044242859,0.0009359128522191895,0.0003757732774829492
HOGCNN_EFFICIENTNETB3_ADAPTED_3CLASS,S000430,ODIR,AMD_DRY,AMD_DRY,1,5,False,0.9989602446556092,0.0009502739005256445,8.944790170062333e-05
HOGCNN_EFFICIENTNETB3_ADAPTED_3CLASS,S000431,ODIR,AMD_DRY,AMD_DRY,1,5,False,0.991234540939331,0.007099974859738722,0.0016654956758429761
HOGCNN_EFFICIENTNETB3_ADAPTED_3CLASS,S000432,ODIR,AMD_DRY,AMD_DRY,1,5,False,0.999216091632843,0.00032385868616984225,0.00046006081729501604
HOGCNN_EFFICIENTNETB3_ADAPTED_3CLASS,S000433,ODIR,AMD_DRY,AMD_DRY,1,5,False,0.9957676291465759,0.003822693287656875,0.0004096475894129981
HOGCNN_EFFICIENTNETB3_ADAPTED_3CLASS,S000434,ODIR,AMD_DRY,AMD_DRY,1,5,False,0.917378306388855,0.08138256739766803,0.0012391246023980783
HOGCNN_EFFICIENTNETB3_ADAPTED_3CLASS,S000435,ODIR,AMD_DRY,AMD_DRY,1,5,False,0.9970133185386658,0.001744018891259813,0.0012426889085077164
HOGCNN_EFFICIENTNETB3_ADAPTED_3CLASS,S000436,ODIR,AMD_DRY,AMD_DRY,1,5,False,0.9973856210708618,0.0023502532443671954,0.00026414220326387294
HOGCNN_EFFICIENTNETB3_ADAPTED_3CLASS,S000437,ODIR,AMD_DRY,AMD_DRY,1,5,False,0.9921236991882324,0.006525650958064943,0.0013506042154403986
HOGCNN_EFFICIENTNETB3_ADAPTED_3CLASS,S000438,ODIR,AMD_DRY,AMD_DRY,1,5,False,0.9994127988815308,0.0005512647308933083,3.5937828306487064e-05
HOGCNN_EFFICIENTNETB3_ADAPTED_3CLASS,S000439,ODIR,AMD_DRY,AMD_DRY,1,5,False,0.9855069875717163,0.014259591772133717,0.00023342812310147564
HOGCNN_EFFICIENTNETB3_ADAPTED_3CLASS,S000440,ODIR,AMD_DRY,NORMAL,0,5,False,0.0027292724858853034,4.382150461879064e-05,0.9972269058227539
HOGCNN_EFFICIENTNETB3_ADAPTED_3CLASS,S000441,ODIR,AMD_DRY,AMD_DRY,1,5,False,0.9983077645301819,0.0015207407624984626,0.00017149261236681923
HOGCNN_EFFICIENTNETB3_ADAPTED_3CLASS,S000442,ODIR,AMD_DRY,AMD_DRY,1,5,False,0.9443291306495667,0.004351869051606627,0.0513189703306125
HOGCNN_EFFICIENTNETB3_ADAPTED_3CLASS,S000443,ODIR,AMD_DRY,AMD_DRY,1,5,False,0.9102012157440186,0.08972705113701522,7.174614656833001e-05
HOGCNN_EFFICIENTNETB3_ADAPTED_3CLASS,S000444,ODIR,AMD_DRY,AMD_DRY,1,5,False,0.9923970818519592,0.0015907746410675828,0.00601217584189726
HOGCNN_EFFICIENTNETB3_ADAPTED_3CLASS,S000445,ODIR,AMD_WET,AMD_DRY,0,3,False,0.5540656164288521,0.44566590785980226,0.000268492718169
HOGCNN_EFFICIENTNETB3_ADAPTED_3CLASS,S000446,ODIR,AMD_WET,AMD_WET,1,3,False,0.4923437890596688,0.503902793629095,0.0037534485909418436
HOGCNN_EFFICIENTNETB3_ADAPTED_3CLASS,S000447,ODIR,AMD_WET,AMD_WET,1,5,False,0.00024025995644478827,0.9997580885887146,1.6585892609555231e-06
HOGCNN_EFFICIENTNETB3_ADAPTED_3CLASS,S000448,ODIR,AMD_WET,AMD_DRY,0,4,False,0.7062847852706909,0.28127413541078566,0.012441075593233108
HOGCNN_EFFICIENTNETB3_ADAPTED_3CLASS,S000449,ODIR,AMD_WET,AMD_WET,1,5,False,2.334998008937106e-05,0.9999760866165162,5.553865771043553e-07
HOGCNN_EFFICIENTNETB3_ADAPTED_3CLASS,S000450,ODIR,AMD_WET,AMD_WET,1,5,False,0.003993352991528809,0.9958531498908997,0.0001535088185891098
HOGCNN_EFFICIENTNETB3_ADAPTED_3CLASS,S000451,ODIR,AMD_WET,AMD_WET,1,5,False,0.00877451239448419,0.991215455532074,1.0020586633086027e-05
HOGCNN_EFFICIENTNETB3_ADAPTED_3CLASS,S000452,ODIR,AMD_WET,AMD_WET,1,4,False,0.27413989559572655,0.7257291734218597,0.0001309185598984186
HOGCNN_EFFICIENTNETB3_ADAPTED_3CLASS,S000453,ODIR,AMD_WET,AMD_DRY,0,5,False,0.9346154570579529,0.04031003459676867,0.02507449288314092
HOGCNN_EFFICIENTNETB3_ADAPTED_3CLASS,S000454,ODIR,AMD_WET,AMD_WET,1,5,False,0.0010690035596780945,0.9988979220390319,3.3050719253366335e-05
HOGCNN_EFFICIENTNETB3_ADAPTED_3CLASS,S000455,ODIR,AMD_WET,AMD_WET,1,5,False,0.0001251588353625266,0.9998741507530212,6.844647771231393e-07
HOGCNN_EFFICIENTNETB3_ADAPTED_3CLASS,S000456,ODIR,AMD_WET,AMD_WET,1,5,False,2.4674858004747337e-05,0.999975061416626,2.4465237084851375e-07
HOGCNN_EFFICIENTNETB3_ADAPTED_3CLASS,S000457,ODIR,AMD_WET,AMD_WET,1,5,False,0.015664011558351378,0.9840633749961853,0.0002726008073977937
HOGCNN_EFFICIENTNETB3_ADAPTED_3CLASS,S000458,ODIR,AMD_WET,AMD_WET,1,4,False,0.12103790594264865,0.8753057718276978,0.0036563306026437203
HOGCNN_EFFICIENTNETB3_ADAPTED_3CLASS,S000459,ODIR,AMD_WET,AMD_WET,1,5,False,0.013381752002169378,0.9866101145744324,8.13306953659776e-06
HOGCNN_EFFICIENTNETB3_ADAPTED_3CLASS,S000460,ODIR,AMD_WET,AMD_DRY,0,5,False,0.9395731925964356,0.056646334819379265,0.003780472070866381
HOGCNN_EFFICIENTNETB3_ADAPTED_3CLASS,S000461,ODIR,AMD_WET,AMD_WET,1,5,False,0.01921838764392305,0.9804831147193909,0.00029849036845916996
HOGCNN_EFFICIENTNETB3_ADAPTED_3CLASS,S000462,ODIR,AMD_WET,AMD_DRY,0,4,False,0.6410496413707734,0.3576763987541199,0.001273945497814566
HOGCNN_EFFICIENTNETB3_ADAPTED_3CLASS,S000463,ODIR,AMD_WET,AMD_WET,1,5,False,5.6252754575145114e-05,0.9999427199363708,1.0401502889106331e-06
HOGCNN_EFFICIENTNETB3_ADAPTED_3CLASS,S000464,ODIR,AMD_WET,AMD_WET,1,5,False,0.0003578169261932107,0.9996336102485657,8.562758424374151e-06
HOGCNN_EFFICIENTNETB3_ADAPTED_3CLASS,S000465,ODIR,AMD_WET,AMD_WET,1,5,False,0.0009965701668988914,0.9978217601776123,0.0011816607881883102
HOGCNN_EFFICIENTNETB3_ADAPTED_3CLASS,S000466,ODIR,AMD_WET,AMD_WET,1,5,False,0.00010907499110208718,0.9998761177062988,1.4817414836354459e-05
HOGCNN_EFFICIENTNETB3_ADAPTED_3CLASS,S000467,ODIR,AMD_WET,AMD_WET,1,5,False,0.06730213528499007,0.9271038770675659,0.005594012882465904
HOGCNN_EFFICIENTNETB3_ADAPTED_3CLASS,S000468,ODIR,AMD_WET,AMD_WET,1,5,False,2.829447353642032e-07,0.9999992609024048,4.7372512293011585e-07
HOGCNN_EFFICIENTNETB3_ADAPTED_3CLASS,S000469,ODIR,AMD_WET,AMD_WET,1,3,False,0.3922061860561371,0.6012013375759124,0.006592489223112352
HOGCNN_EFFICIENTNETB3_ADAPTED_3CLASS,S000470,ODIR,AMD_WET,AMD_WET,1,5,False,0.00014561673007946753,0.999845540523529,8.860170380298183e-06
HOGCNN_EFFICIENTNETB3_ADAPTED_3CLASS,S000471,ODIR,AMD_WET,AMD_DRY,0,5,False,0.9964765429496765,0.003234466747380793,0.00028899335447931664
HOGCNN_EFFICIENTNETB3_ADAPTED_3CLASS,S000472,ODIR,AMD_WET,AMD_DRY,0,5,False,0.9981251955032349,0.00161268480273975,0.00026212677475996317
HOGCNN_EFFICIENTNETB3_ADAPTED_3CLASS,S000473,RFMID,NORMAL,NORMAL,1,5,False,8.215304009553392e-05,8.950822445896733e-07,0.99991694688797
HOGCNN_EFFICIENTNETB3_ADAPTED_3CLASS,S000474,RFMID,NORMAL,NORMAL,1,5,False,0.013229978388699238,0.0007718173819739604,0.9859982252120971
HOGCNN_EFFICIENTNETB3_ADAPTED_3CLASS,S000475,RFMID,NORMAL,NORMAL,1,5,False,0.00400543198466039,2.9875047809468923e-05,0.9959646821022033
HOGCNN_EFFICIENTNETB3_ADAPTED_3CLASS,S000476,RFMID,NORMAL,NORMAL,1,5,False,1.3173617074357934e-05,2.754289707473934e-07,0.9999865531921387
HOGCNN_EFFICIENTNETB3_ADAPTED_3CLASS,S000477,RFMID,NORMAL,NORMAL,1,5,False,0.0020119972628890536,3.610832307714418e-05,0.9979518532752991
HOGCNN_EFFICIENTNETB3_ADAPTED_3CLASS,S000478,RFMID,NORMAL,NORMAL,1,4,False,0.19956388165192038,0.009840079024309034,0.7905960321426392
HOGCNN_EFFICIENTNETB3_ADAPTED_3CLASS,S000479,RFMID,NORMAL,NORMAL,1,5,False,0.010090119807864539,0.00012381633853237873,0.9897860765457154
HOGCNN_EFFICIENTNETB3_ADAPTED_3CLASS,S000480,RFMID,NORMAL,NORMAL,1,5,False,0.004819131226395257,0.0001330677277792347,0.9950478434562683
HOGCNN_EFFICIENTNETB3_ADAPTED_3CLASS,S000481,RFMID,NORMAL,NORMAL,1,5,False,0.011426834347366821,0.0032286959265434233,0.9853444695472717
HOGCNN_EFFICIENTNETB3_ADAPTED_3CLASS,S000482,RFMID,NORMAL,NORMAL,1,5,False,0.004173710686882259,0.00023154381688073045,0.9955947518348693
HOGCNN_EFFICIENTNETB3_ADAPTED_3CLASS,S000483,RFMID,NORMAL,NORMAL,1,5,False,0.0026505019093747252,1.418638902634939e-05,0.9973352909088135
HOGCNN_EFFICIENTNETB3_ADAPTED_3CLASS,S000484,RFMID,NORMAL,NORMAL,1,5,False,0.005724432515489752,0.02280665398519659,0.9714688897132874
HOGCNN_EFFICIENTNETB3_ADAPTED_3CLASS,S000485,RFMID,NORMAL,NORMAL,1,5,False,0.0018549568812886719,1.4834764252924515e-05,0.9981302142143249
HOGCNN_EFFICIENTNETB3_ADAPTED_3CLASS,S000486,RFMID,NORMAL,NORMAL,1,5,False,3.080648846465195e-07,2.253134406826618e-09,0.9999996900558472
HOGCNN_EFFICIENTNETB3_ADAPTED_3CLASS,S000487,RFMID,NORMAL,NORMAL,1,5,False,0.00963441986241378,2.0638793097305096e-05,0.9903449177742004
HOGCNN_EFFICIENTNETB3_ADAPTED_3CLASS,S000488,RFMID,NORMAL,NORMAL,1,5,False,0.00020783047862664715,6.028570787020016e-06,0.999786126613617
HOGCNN_EFFICIENTNETB3_ADAPTED_3CLASS,S000489,RFMID,NORMAL,NORMAL,1,5,False,0.0012526879596407524,4.752606648850133e-06,0.9987425446510315
HOGCNN_EFFICIENTNETB3_ADAPTED_3CLASS,S000490,RFMID,NORMAL,AMD_DRY,0,5,False,0.7290258765220642,0.06468738397816196,0.2062867358326912
HOGCNN_EFFICIENTNETB3_ADAPTED_3CLASS,S000491,RFMID,NORMAL,NORMAL,1,5,False,0.15820156954578124,0.0007590788740344578,0.8410393595695496
HOGCNN_EFFICIENTNETB3_ADAPTED_3CLASS,S000492,RFMID,NORMAL,NORMAL,1,5,False,2.7448886395831096e-05,6.121457193253299e-07,0.9999719381332397
HOGCNN_EFFICIENTNETB3_ADAPTED_3CLASS,S000493,RFMID,NORMAL,NORMAL,1,5,False,0.012618481845129282,0.000227446894791683,0.9871540665626526
HOGCNN_EFFICIENTNETB3_ADAPTED_3CLASS,S000494,RFMID,NORMAL,AMD_DRY,0,3,False,0.7092432379722595,0.15015652265865356,0.14060024071368388
HOGCNN_EFFICIENTNETB3_ADAPTED_3CLASS,S000495,RFMID,NORMAL,NORMAL,1,5,False,0.005838763772044331,7.071615509630646e-05,0.9940905690193176
HOGCNN_EFFICIENTNETB3_ADAPTED_3CLASS,S000496,RFMID,NORMAL,NORMAL,1,5,False,0.005443186472257366,0.003667493931061472,0.9908892989158631
HOGCNN_EFFICIENTNETB3_ADAPTED_3CLASS,S000497,RFMID,NORMAL,NORMAL,1,5,False,0.00369896071185849,2.8369288007423776e-05,0.9962726593017578
HOGCNN_EFFICIENTNETB3_ADAPTED_3CLASS,S000498,RFMID,NORMAL,NORMAL,1,3,False,0.1022691136226058,0.38327988372184335,0.5144509980920702
HOGCNN_EFFICIENTNETB3_ADAPTED_3CLASS,S000499,RFMID,NORMAL,NORMAL,1,5,False,0.0132067053578794,0.00034442428368492984,0.9864488840103149
HOGCNN_EFFICIENTNETB3_ADAPTED_3CLASS,S000500,RFMID,NORMAL,NORMAL,1,5,False,0.022496373485773803,0.0007082483498379588,0.9767953872680664
HOGCNN_EFFICIENTNETB3_ADAPTED_3CLASS,S000501,RFMID,NORMAL,NORMAL,1,5,False,0.0002822450942858268,4.074446469104487e-06,0.9997136950492859
HOGCNN_EFFICIENTNETB3_ADAPTED_3CLASS,S000502,RFMID,NORMAL,NORMAL,1,5,False,0.00028214709177731834,3.2199036748992856e-07,0.9997175335884094
HOGCNN_EFFICIENTNETB3_ADAPTED_3CLASS,S000503,RFMID,NORMAL,NORMAL,1,5,False,0.0016394424747659287,1.3909229032016412e-05,0.9983466744422913
HOGCNN_EFFICIENTNETB3_ADAPTED_3CLASS,S000504,RFMID,NORMAL,NORMAL,1,5,False,0.020410964195616544,0.00048720950762799476,0.9791018009185791
HOGCNN_EFFICIENTNETB3_ADAPTED_3CLASS,S000505,RFMID,NORMAL,NORMAL,1,5,False,0.0021441963257530007,5.586081688306877e-05,0.9977999687194824
HOGCNN_EFFICIENTNETB3_ADAPTED_3CLASS,S000506,RFMID,NORMAL,NORMAL,1,5,False,0.0004077329539313723,1.1386167037663597e-06,0.9995911359786988
HOGCNN_EFFICIENTNETB3_ADAPTED_3CLASS,S000507,RFMID,NORMAL,NORMAL,1,5,False,0.011349174554925411,7.197302406325434e-05,0.9885788321495056
HOGCNN_EFFICIENTNETB3_ADAPTED_3CLASS,S000508,RFMID,NORMAL,NORMAL,1,5,False,0.001759040892284247,7.519973075487129e-06,0.9982334256172181
HOGCNN_EFFICIENTNETB3_ADAPTED_3CLASS,S000509,RFMID,NORMAL,NORMAL,1,5,False,0.002470120722864522,8.961230851056711e-06,0.997520923614502
HOGCNN_EFFICIENTNETB3_ADAPTED_3CLASS,S000510,RFMID,NORMAL,NORMAL,1,5,False,0.0003566419542323729,6.708604653259121e-07,0.9996426939964295
HOGCNN_EFFICIENTNETB3_ADAPTED_3CLASS,S000511,RFMID,NORMAL,NORMAL,1,5,False,7.911194107776965e-05,1.1497972986163064e-06,0.9999197483062744
HOGCNN_EFFICIENTNETB3_ADAPTED_3CLASS,S000512,RFMID,NORMAL,NORMAL,1,5,False,5.723756713171824e-05,2.1102272685091795e-07,0.9999425530433654
HOGCNN_EFFICIENTNETB3_ADAPTED_3CLASS,S000513,RFMID,NORMAL,NORMAL,1,5,False,0.004096700277477794,4.9899919498841425e-05,0.9958534121513367
HOGCNN_EFFICIENTNETB3_ADAPTED_3CLASS,S000514,RFMID,NORMAL,NORMAL,1,5,False,0.0017314354132395237,9.38152996241115e-05,0.9981747984886169
HOGCNN_EFFICIENTNETB3_ADAPTED_3CLASS,S000515,RFMID,NORMAL,NORMAL,1,5,False,0.0005718912792872288,7.537455080308675e-07,0.9994272828102112
HOGCNN_EFFICIENTNETB3_ADAPTED_3CLASS,S000516,RFMID,NORMAL,NORMAL,1,5,False,0.0030007802443378752,3.490713777836163e-05,0.9969642877578735
HOGCNN_EFFICIENTNETB3_ADAPTED_3CLASS,S000517,RFMID,NORMAL,NORMAL,1,5,False,0.0001659549605998123,4.5597191570719007e-07,0.9998335838317871
HOGCNN_EFFICIENTNETB3_ADAPTED_3CLASS,S000518,RFMID,NORMAL,NORMAL,1,5,False,0.011876702086010483,0.0007575520306417616,0.9873657464981079
HOGCNN_EFFICIENTNETB3_ADAPTED_3CLASS,S000519,RFMID,NORMAL,NORMAL,1,5,False,0.0014297509716016065,8.919271558482932e-06,0.9985613346099853
HOGCNN_EFFICIENTNETB3_ADAPTED_3CLASS,S000520,RFMID,NORMAL,NORMAL,1,5,False,1.0682522788352244e-06,4.323279545470626e-09,0.999998927116394
HOGCNN_EFFICIENTNETB3_ADAPTED_3CLASS,S000521,RFMID,NORMAL,NORMAL,1,5,False,0.02701881541288458,0.00101670945296064,0.9719644784927368
HOGCNN_EFFICIENTNETB3_ADAPTED_3CLASS,S000522,RFMID,NORMAL,NORMAL,1,5,False,0.004142037173733115,7.428794741031197e-05,0.9957836747169495
HOGCNN_EFFICIENTNETB3_ADAPTED_3CLASS,S000523,RFMID,NORMAL,NORMAL,1,5,False,0.0014073649244892295,7.5865293858612405e-06,0.9985850572586059
HOGCNN_EFFICIENTNETB3_ADAPTED_3CLASS,S000524,RFMID,NORMAL,NORMAL,1,5,False,0.0003585077966960171,2.4215385987957918e-06,0.9996390700340271
HOGCNN_EFFICIENTNETB3_ADAPTED_3CLASS,S000525,RFMID,NORMAL,NORMAL,1,4,False,0.20143527435138822,0.00038907808884687257,0.7981756746768951
HOGCNN_EFFICIENTNETB3_ADAPTED_3CLASS,S000526,RFMID,NORMAL,NORMAL,1,5,False,0.003947805624920875,5.131084326421842e-05,0.9960008859634399
HOGCNN_EFFICIENTNETB3_ADAPTED_3CLASS,S000527,RFMID,NORMAL,NORMAL,1,5,False,0.003921371276373975,3.670750950988122e-05,0.9960419416427613
HOGCNN_EFFICIENTNETB3_ADAPTED_3CLASS,S000528,RFMID,NORMAL,NORMAL,1,5,False,7.40766050739694e-06,4.47427536909295e-08,0.9999925851821899
HOGCNN_EFFICIENTNETB3_ADAPTED_3CLASS,S000529,RFMID,NORMAL,NORMAL,1,5,False,0.012083346670260653,0.00033842309148894855,0.9875782370567322
HOGCNN_EFFICIENTNETB3_ADAPTED_3CLASS,S000530,RFMID,NORMAL,NORMAL,1,5,False,0.019101764362858376,0.0004919029048323864,0.9804063200950622
HOGCNN_EFFICIENTNETB3_ADAPTED_3CLASS,S000531,RFMID,NORMAL,NORMAL,1,5,False,0.0021509339092517623,3.9689947607257635e-05,0.997809362411499
HOGCNN_EFFICIENTNETB3_ADAPTED_3CLASS,S000532,RFMID,NORMAL,NORMAL,1,5,False,0.014229647806496359,0.007084683640277945,0.9786856651306153
HOGCNN_EFFICIENTNETB3_ADAPTED_3CLASS,S000533,RFMID,NORMAL,NORMAL,1,5,False,3.94848358855171e-05,1.2121874536141774e-06,0.9999593019485473
HOGCNN_EFFICIENTNETB3_ADAPTED_3CLASS,S000534,RFMID,NORMAL,NORMAL,1,5,False,0.00022647929281447433,2.862462896757734e-06,0.9997706890106202
HOGCNN_EFFICIENTNETB3_ADAPTED_3CLASS,S000535,RFMID,NORMAL,NORMAL,1,5,False,0.0260799843352288,0.023749370081350207,0.9501706242561341
HOGCNN_EFFICIENTNETB3_ADAPTED_3CLASS,S000536,RFMID,AMD_DRY,AMD_DRY,1,5,False,0.8775955557823181,0.11701486967504024,0.005389600858325139
HOGCNN_EFFICIENTNETB3_ADAPTED_3CLASS,S000537,RFMID,AMD_DRY,AMD_DRY,1,5,False,0.9992646455764771,0.000713340914080618,2.2016462656893056e-05
HOGCNN_EFFICIENTNETB3_ADAPTED_3CLASS,S000538,RFMID,AMD_DRY,AMD_WET,0,5,False,0.007840199308702722,0.9914463281631469,0.0007134551716490023
HOGCNN_EFFICIENTNETB3_ADAPTED_3CLASS,S000539,RFMID,AMD_DRY,AMD_WET,0,5,False,0.002226144427282861,0.9362986922264099,0.06147514378681081
HOGCNN_EFFICIENTNETB3_ADAPTED_3CLASS,S000540,RFMID,AMD_DRY,AMD_WET,0,4,False,0.15122231919085607,0.8462420046329499,0.0025356790527439445
HOGCNN_EFFICIENTNETB3_ADAPTED_3CLASS,S000541,RFMID,AMD_DRY,AMD_WET,0,5,False,0.09989441263023764,0.8992087721824646,0.0008968358371930663
HOGCNN_EFFICIENTNETB3_ADAPTED_3CLASS,S000542,RFMID,AMD_DRY,AMD_DRY,1,3,False,0.4690452590584755,0.5292082965373993,0.0017464741180447164
HOGCNN_EFFICIENTNETB3_ADAPTED_3CLASS,S000543,RFMID,AMD_DRY,AMD_WET,0,3,False,0.28465376992244273,0.7145732194185257,0.0007730220466328319
HOGCNN_EFFICIENTNETB3_ADAPTED_3CLASS,S000544,RFMID,AMD_WET,AMD_WET,1,5,False,0.0065132466399518306,0.9924256086349488,0.0010611788002279354
HOGCNN_EFFICIENTNETB3_ADAPTED_3CLASS,S000545,RFMID,AMD_WET,AMD_WET,1,5,False,0.055051892064511776,0.9441932082176209,0.0007549030873860829
HOGCNN_EFFICIENTNETB3_ADAPTED_3CLASS,S000546,RFMID,AMD_WET,AMD_WET,1,5,False,8.216560553878857e-05,0.9999163985252381,1.4344749265507667e-06
HOGCNN_EFFICIENTNETB3_ADAPTED_3CLASS,S000547,RFMID,AMD_WET,AMD_DRY,0,4,False,0.6556967973709107,0.3307378441095352,0.013565367471892386
HOGCNN_EFFICIENTNETB3_ADAPTED_3CLASS,S000548,RFMID,AMD_WET,AMD_WET,1,5,False,0.009173854687833227,0.9871138453483581,0.003712305496446788
HOGCNN_EFFICIENTNETB3_ADAPTED_3CLASS,S000549,RFMID,AMD_WET,AMD_WET,1,5,False,5.74884106496143e-05,0.9999407887458801,1.7047839747210206e-06
HOGCNN_EFFICIENTNETB3_ADAPTED_3CLASS,S000550,RFMID,AMD_WET,AMD_WET,1,5,False,0.0014469820049725969,0.9985137224197388,3.931497934246408e-05
HOGCNN_EFFICIENTNETB3_ADAPTED_3CLASS,S000551,RFMID,AMD_WET,AMD_WET,1,5,False,9.337907667373142e-09,1.0,1.347653181486138e-09
HOGCNN_EFFICIENTNETB3_ADAPTED_3CLASS,S000552,RFMID,AMD_WET,AMD_WET,1,5,False,0.06409203866496682,0.7887310862541199,0.1471768697090738
HOGCNN_EFFICIENTNETB3_ADAPTED_3CLASS,S000553,RFMID,AMD_WET,AMD_WET,1,5,False,9.693016418168554e-05,0.9998950242996216,8.080199948517879e-06
HOGCNN_EFFICIENTNETB3_ADAPTED_3CLASS,S000554,RFMID,AMD_WET,AMD_WET,1,5,False,2.4946507606138368e-05,0.9999735355377197,1.5124654641818224e-06
HOGCNN_EFFICIENTNETB3_ADAPTED_3CLASS,S000555,RFMID,AMD_WET,AMD_WET,1,5,False,5.631071249467823e-06,0.9999941110610961,2.3553571821821605e-07
HOGCNN_EFFICIENTNETB3_ADAPTED_3CLASS,S000556,RFMID,AMD_WET,AMD_WET,1,5,False,0.0008540886593436881,0.9990713119506835,7.459698808389703e-05
HOGCNN_EFFICIENTNETB3_ADAPTED_3CLASS,S000557,RFMID,AMD_WET,AMD_WET,1,5,False,2.221242316409189e-05,0.9999772787094117,4.917368364942831e-07
HOGCNN_EFFICIENTNETB3_ADAPTED_3CLASS,S000558,RFMID,AMD_WET,AMD_WET,1,5,False,6.9277108214294e-05,0.9998893857002258,4.1379479599923386e-05
HOGCNN_EFFICIENTNETB3_ADAPTED_3CLASS,S000559,RFMID,AMD_WET,AMD_WET,1,5,False,0.006901837477926165,0.9929007530212403,0.00019742861441045533
HOGCNN_EFFICIENTNETB3_ADAPTED_3CLASS,S000560,RFMID,AMD_WET,AMD_WET,1,5,False,0.0006266067076701632,0.9993625998497009,1.0793007463827387e-05
HOGCNN_EFFICIENTNETB3_ADAPTED_3CLASS,S000561,RFMID,AMD_WET,AMD_WET,1,5,False,4.4832069127054524e-06,0.9999952554702759,2.726304998106253e-07
HOGCNN_EFFICIENTNETB3_ADAPTED_3CLASS,S000562,RFMID,AMD_WET,AMD_WET,1,4,False,0.18773766355589033,0.8068545877933502,0.005407763604307547
HOGCNN_EFFICIENTNETB3_ADAPTED_3CLASS,S000563,RFMID,AMD_WET,AMD_WET,1,5,False,0.002780730938229681,0.9965944528579712,0.0006248334516897103
HOGCNN_EFFICIENTNETB3_ADAPTED_3CLASS,S000564,RFMID,AMD_WET,AMD_DRY,0,4,False,0.831832754611969,0.14563750796951352,0.02252975433366373
HOGCNN_EFFICIENTNETB3_ADAPTED_3CLASS,S000565,RFMID,AMD_WET,AMD_DRY,0,3,False,0.45821803659200666,0.5372629016637802,0.004519057677407545
HOGCNN_EFFICIENTNETB3_ADAPTED_3CLASS,S000566,RFMID,AMD_WET,AMD_WET,1,5,False,9.436390885646057e-09,0.9999999284744263,6.354261580882268e-08
HOGCNN_EFFICIENTNETB3_ADAPTED_3CLASS,S000567,RFMID,AMD_WET,AMD_WET,1,3,False,0.5214830845594406,0.475423039495945,0.0030938808507926297
HOGCNN_EFFICIENTNETB3_ADAPTED_3CLASS,S000568,RFMID,AMD_WET,AMD_WET,1,5,False,4.3978948906442386e-05,0.9999512434005737,4.780410270655011e-06
HOGCNN_EFFICIENTNETB3_ADAPTED_3CLASS,S000569,RFMID,AMD_WET,AMD_WET,1,5,False,0.0034948301697482974,0.9957603216171265,0.0007448458280862269
HOGCNN_EFFICIENTNETB3_ADAPTED_3CLASS,S000570,RFMID,AMD_WET,AMD_WET,1,5,False,0.004884204774862155,0.9948209404945374,0.00029486173630743906
HOGCNN_EFFICIENTNETB3_ADAPTED_3CLASS,S000571,RFMID,AMD_WET,AMD_WET,1,5,False,5.726679844997306e-07,0.9999994277954102,7.20151152530657e-09
HOGCNN_EFFICIENTNETB3_ADAPTED_3CLASS,S000572,RFMID,AMD_WET,AMD_WET,1,5,False,7.312837164291652e-09,1.0,3.76488753350547e-11
HOGCNN_EFFICIENTNETB3_ADAPTED_3CLASS,S000573,RFMID,AMD_WET,AMD_WET,1,3,False,0.37096160296350716,0.6284538760781289,0.000584515678929165
HOGCNN_EFFICIENTNETB3_ADAPTED_3CLASS,S000574,RFMID,AMD_WET,AMD_WET,1,5,False,0.1934880895540118,0.8062314867973328,0.0002803924709041894
HOGCNN_EFFICIENTNETB3_ADAPTED_3CLASS,S000575,RFMID,AMD_WET,AMD_WET,1,5,False,0.0007741002459985324,0.999114739894867,0.00011115290022232217
HOGCNN_EFFICIENTNETB3_ADAPTED_3CLASS,S000576,RFMID,AMD_WET,AMD_WET,1,3,False,0.08556962865404785,0.5956266403198243,0.31880375364708013
HOGCNN_EFFICIENTNETB3_ADAPTED_3CLASS,S000577,RFMID,AMD_WET,AMD_WET,1,5,False,0.0010335552360629663,0.9988819241523743,8.452191183003777e-05
HOGCNN_EFFICIENTNETB3_ADAPTED_3CLASS,S000578,RFMID,AMD_WET,AMD_WET,1,5,False,0.016581428050994874,0.9821055889129638,0.0013130108694895171
HOGCNN_EFFICIENTNETB3_ADAPTED_3CLASS,S000579,RFMID,AMD_WET,AMD_WET,1,5,False,0.0007840004234545006,0.9991185069084167,9.747180534560584e-05
HOGCNN_EFFICIENTNETB3_ADAPTED_3CLASS,S000580,RFMID,AMD_WET,AMD_WET,1,5,False,1.702146256193915e-07,0.9999998331069946,5.47905925394308e-09
HOGCNN_EFFICIENTNETB3_ADAPTED_3CLASS,S000581,RFMID,AMD_WET,AMD_WET,1,5,False,8.066696548212349e-05,0.9999167919158936,2.5377905489953887e-06
HOGCNN_EFFICIENTNETB3_ADAPTED_3CLASS,S000582,RFMID,AMD_WET,AMD_WET,1,5,False,6.5429855028891266e-09,0.9999999046325684,8.003760799263574e-08
HOGCNN_EFFICIENTNETB3_ADAPTED_3CLASS,S000583,RFMID,AMD_WET,AMD_WET,1,5,False,0.06165901843924075,0.9368720412254333,0.0014689139007032282
HOGCNN_EFFICIENTNETB3_ADAPTED_3CLASS,S000584,RFMID,AMD_WET,AMD_WET,1,5,False,0.00037034159145150626,0.9976531267166138,0.0019765317878904275
HOGCNN_EFFICIENTNETB3_ADAPTED_3CLASS,S000585,RFMID,AMD_WET,AMD_WET,1,5,False,0.04626612663269043,0.9535939931869507,0.00013987517168061457
HOGCNN_EFFICIENTNETB3_ADAPTED_3CLASS,S000586,RFMID,AMD_WET,AMD_DRY,0,4,False,0.8653047800064086,0.13348092423475463,0.0012142959398261156
HOGCNN_EFFICIENTNETB3_ADAPTED_3CLASS,S000587,RFMID,AMD_WET,AMD_WET,1,5,False,0.0003696757212310331,0.9996277928352356,2.5161810867757593e-06
HOGCNN_EFFICIENTNETB3_ADAPTED_3CLASS,S000588,RFMID,AMD_WET,AMD_WET,1,5,False,0.019979045109357683,0.9794454216957093,0.0005755224749009358
HOGCNN_EFFICIENTNETB3_ADAPTED_3CLASS,S000589,RFMID,AMD_WET,AMD_WET,1,5,False,0.0009921460454279441,0.9980363965034484,0.0009714491595013142
HOGCNN_EFFICIENTNETB3_ADAPTED_3CLASS,S000590,RFMID,AMD_WET,AMD_WET,1,5,False,0.02902309172745845,0.9707013010978699,0.0002755819880547961
HOGCNN_EFFICIENTNETB3_ADAPTED_3CLASS,S000591,RFMID,AMD_WET,AMD_WET,1,5,False,4.1929095320192287e-07,0.9999995231628418,5.964974039030221e-08
HOGCNN_EFFICIENTNETB3_ADAPTED_3CLASS,S000592,RFMID,AMD_WET,AMD_WET,1,3,False,0.2872149053029716,0.7060429811477661,0.006742113252403215
HOGCNN_EFFICIENTNETB3_ADAPTED_3CLASS,S000593,RFMID,AMD_WET,AMD_WET,1,5,False,1.172542666811502e-05,0.999988055229187,2.3336758903910748e-07
HOGCNN_EFFICIENTNETB3_ADAPTED_3CLASS,S000594,RFMID,AMD_WET,AMD_WET,1,5,False,8.961206981439318e-06,0.9999908924102783,1.2934866511216114e-07
HOGCNN_EFFICIENTNETB3_ADAPTED_3CLASS,S000595,RFMID,AMD_WET,AMD_DRY,0,5,False,0.9898524045944214,0.00976381544569449,0.00038378931567422113
HOGCNN_EFFICIENTNETB3_ADAPTED_3CLASS,S000596,RFMID,AMD_WET,AMD_WET,1,5,False,2.912224173559734e-05,0.9999706983566284,1.699347027146682e-07
HOGCNN_EFFICIENTNETB3_ADAPTED_3CLASS,S000597,RFMID,AMD_WET,AMD_WET,1,5,False,0.0027887436161108782,0.9091999769210816,0.08801125102836523
