method,implementation_framework,scope,seed,outer_fold,selected_epoch,fit_seconds,prediction_seconds,n_train,n_test,smoke_test,scope_limitation
HOGCNN_EFFICIENTNETB3_ADAPTED_3CLASS,PyTorch/torchvision,cached_frozen_backbone_map_to_prediction,42,1,4,4.455329500000516,0.22760240000206977,475,119,False,Excludes frozen EfficientNetB3 initialization and one-time feature-map generation.
HOGCNN_EFFICIENTNETB3_ADAPTED_3CLASS,PyTorch/torchvision,cached_frozen_backbone_map_to_prediction,42,2,7,8.14984959999856,0.19508589999895776,475,119,False,Excludes frozen EfficientNetB3 initialization and one-time feature-map generation.
HOGCNN_EFFICIENTNETB3_ADAPTED_3CLASS,PyTorch/torchvision,cached_frozen_backbone_map_to_prediction,42,3,5,6.025851899998088,0.195501800000784,475,119,False,Excludes frozen EfficientNetB3 initialization and one-time feature-map generation.
HOGCNN_EFFICIENTNETB3_ADAPTED_3CLASS,PyTorch/torchvision,cached_frozen_backbone_map_to_prediction,42,4,7,7.267627699999139,0.20118640000146115,475,119,False,Excludes frozen EfficientNetB3 initialization and one-time feature-map generation.
HOGCNN_EFFICIENTNETB3_ADAPTED_3CLASS,PyTorch/torchvision,cached_frozen_backbone_map_to_prediction,42,5,9,9.91915770000196,0.2154339999979129,476,118,False,Excludes frozen EfficientNetB3 initialization and one-time feature-map generation.
HOGCNN_EFFICIENTNETB3_ADAPTED_3CLASS,PyTorch/torchvision,cached_frozen_backbone_map_to_prediction,123,1,6,7.284352700000454,0.21482249999826308,475,119,False,Excludes frozen EfficientNetB3 initialization and one-time feature-map generation.
HOGCNN_EFFICIENTNETB3_ADAPTED_3CLASS,PyTorch/torchvision,cached_frozen_backbone_map_to_prediction,123,2,6,6.406137700003455,0.19562949999817647,475,119,False,Excludes frozen EfficientNetB3 initialization and one-time feature-map generation.
HOGCNN_EFFICIENTNETB3_ADAPTED_3CLASS,PyTorch/torchvision,cached_frozen_backbone_map_to_prediction,123,3,7,8.042760199998156,0.20628990000113845,475,119,False,Excludes frozen EfficientNetB3 initialization and one-time feature-map generation.
HOGCNN_EFFICIENTNETB3_ADAPTED_3CLASS,PyTorch/torchvision,cached_frozen_backbone_map_to_prediction,123,4,12,13.990329300002486,0.19553720000112662,475,119,False,Excludes frozen EfficientNetB3 initialization and one-time feature-map generation.
HOGCNN_EFFICIENTNETB3_ADAPTED_3CLASS,PyTorch/torchvision,cached_frozen_backbone_map_to_prediction,123,5,7,8.464946000000054,0.22494470000674482,476,118,False,Excludes frozen EfficientNetB3 initialization and one-time feature-map generation.
HOGCNN_EFFICIENTNETB3_ADAPTED_3CLASS,PyTorch/torchvision,cached_frozen_backbone_map_to_prediction,2026,1,8,8.58058030000393,0.17809509999642614,475,119,False,Excludes frozen EfficientNetB3 initialization and one-time feature-map generation.
HOGCNN_EFFICIENTNETB3_ADAPTED_3CLASS,PyTorch/torchvision,cached_frozen_backbone_map_to_prediction,2026,2,9,10.25176449999708,0.1943634999988717,475,119,False,Excludes frozen EfficientNetB3 initialization and one-time feature-map generation.
HOGCNN_EFFICIENTNETB3_ADAPTED_3CLASS,PyTorch/torchvision,cached_frozen_backbone_map_to_prediction,2026,3,6,6.832379699997546,0.20923970000148984,475,119,False,Excludes frozen EfficientNetB3 initialization and one-time feature-map generation.
HOGCNN_EFFICIENTNETB3_ADAPTED_3CLASS,PyTorch/torchvision,cached_frozen_backbone_map_to_prediction,2026,4,7,8.318762199996854,0.20014760000049137,475,119,False,Excludes frozen EfficientNetB3 initialization and one-time feature-map generation.
HOGCNN_EFFICIENTNETB3_ADAPTED_3CLASS,PyTorch/torchvision,cached_frozen_backbone_map_to_prediction,2026,5,6,7.094799899998179,0.18745819999458035,476,118,False,Excludes frozen EfficientNetB3 initialization and one-time feature-map generation.
HOGCNN_EFFICIENTNETB3_ADAPTED_3CLASS,PyTorch/torchvision,cached_frozen_backbone_map_to_prediction,3407,1,5,5.994157199995243,0.19993580000300426,475,119,False,Excludes frozen EfficientNetB3 initialization and one-time feature-map generation.
HOGCNN_EFFICIENTNETB3_ADAPTED_3CLASS,PyTorch/torchvision,cached_frozen_backbone_map_to_prediction,3407,2,8,8.359382700000424,0.1377345000000787,475,119,False,Excludes frozen EfficientNetB3 initialization and one-time feature-map generation.
HOGCNN_EFFICIENTNETB3_ADAPTED_3CLASS,PyTorch/torchvision,cached_frozen_backbone_map_to_prediction,3407,3,9,10.49926879999839,0.22570409999752883,475,119,False,Excludes frozen EfficientNetB3 initialization and one-time feature-map generation.
HOGCNN_EFFICIENTNETB3_ADAPTED_3CLASS,PyTorch/torchvision,cached_frozen_backbone_map_to_prediction,3407,4,8,9.150635799996962,0.2185730000055628,475,119,False,Excludes frozen EfficientNetB3 initialization and one-time feature-map generation.
HOGCNN_EFFICIENTNETB3_ADAPTED_3CLASS,PyTorch/torchvision,cached_frozen_backbone_map_to_prediction,3407,5,6,7.035292599997774,0.2048036999985925,476,118,False,Excludes frozen EfficientNetB3 initialization and one-time feature-map generation.
HOGCNN_EFFICIENTNETB3_ADAPTED_3CLASS,PyTorch/torchvision,cached_frozen_backbone_map_to_prediction,7777,1,7,8.118474399998377,0.1821524999977555,475,119,False,Excludes frozen EfficientNetB3 initialization and one-time feature-map generation.
HOGCNN_EFFICIENTNETB3_ADAPTED_3CLASS,PyTorch/torchvision,cached_frozen_backbone_map_to_prediction,7777,2,5,4.878844999999274,0.22218630000134,475,119,False,Excludes frozen EfficientNetB3 initialization and one-time feature-map generation.
HOGCNN_EFFICIENTNETB3_ADAPTED_3CLASS,PyTorch/torchvision,cached_frozen_backbone_map_to_prediction,7777,3,3,3.5139638999971794,0.20615180000459077,475,119,False,Excludes frozen EfficientNetB3 initialization and one-time feature-map generation.
HOGCNN_EFFICIENTNETB3_ADAPTED_3CLASS,PyTorch/torchvision,cached_frozen_backbone_map_to_prediction,7777,4,9,10.713944900002389,0.20853850000275997,475,119,False,Excludes frozen EfficientNetB3 initialization and one-time feature-map generation.
HOGCNN_EFFICIENTNETB3_ADAPTED_3CLASS,PyTorch/torchvision,cached_frozen_backbone_map_to_prediction,7777,5,4,4.810273700000835,0.22015620000456693,476,118,False,Excludes frozen EfficientNetB3 initialization and one-time feature-map generation.
