sample_id,candidate_rank,candidate_preprocessed_path,candidate_score,hungarian_assigned
S000053,1,Preprocess_597\NORMAL\817.png,0.8480474352836609,False
S000053,2,Preprocess_597\NORMAL\747.png,0.8469148278236389,False
S000053,3,Preprocess_597\NORMAL\716.png,0.8349374532699585,True
S000053,4,Preprocess_597\NORMAL\748.png,0.830573558807373,False
S000053,5,Preprocess_597\NORMAL\809.png,0.8125880360603333,False
S000054,1,Preprocess_597\NORMAL\822.png,0.8360691070556641,False
S000054,2,Preprocess_597\NORMAL\632.jpg,0.8319596648216248,False
S000054,3,Preprocess_597\NORMAL\729.png,0.830471396446228,False
S000054,4,Preprocess_597\NORMAL\628.jpg,0.8251048922538757,False
S000054,5,Preprocess_597\NORMAL\718.png,0.8170698881149292,True
S000055,1,Preprocess_597\NORMAL\817.png,0.7971600294113159,False
S000055,2,Preprocess_597\NORMAL\719.png,0.7966691255569458,True
S000055,3,Preprocess_597\NORMAL\770.png,0.7843976020812988,False
S000055,4,Preprocess_597\NORMAL\748.png,0.7778409719467163,False
S000055,5,Preprocess_597\NORMAL\731.png,0.7773110866546631,False
S000056,1,Preprocess_597\NORMAL\720.png,0.8326097726821899,True
S000056,2,Preprocess_597\NORMAL\764.png,0.795313835144043,False
S000056,3,Preprocess_597\NORMAL\759.png,0.7938905954360962,False
S000056,4,Preprocess_597\NORMAL\729.png,0.7887430191040039,False
S000056,5,Preprocess_597\NORMAL\822.png,0.7834175229072571,False
S000057,1,Preprocess_597\NORMAL\761.png,0.8578588962554932,False
S000057,2,Preprocess_597\NORMAL\721.png,0.8457395434379578,True
S000057,3,Preprocess_597\NORMAL\748.png,0.8267688751220703,False
S000057,4,Preprocess_597\NORMAL\817.png,0.8160914182662964,False
S000057,5,Preprocess_597\NORMAL\770.png,0.8160802721977234,False
S000058,1,Preprocess_597\NORMAL\723.png,0.843527615070343,True
S000058,2,Preprocess_597\NORMAL\822.png,0.804836630821228,False
S000058,3,Preprocess_597\NORMAL\720.png,0.7971593737602234,False
S000058,4,Preprocess_597\NORMAL\810.png,0.7918103933334351,False
S000058,5,Preprocess_597\NORMAL\771.png,0.7910168170928955,False
S000059,1,Preprocess_597\NORMAL\628.jpg,0.8306398987770081,False
S000059,2,Preprocess_597\NORMAL\724.png,0.8173518180847168,True
S000059,3,Preprocess_597\NORMAL\632.jpg,0.8168284893035889,False
S000059,4,Preprocess_597\NORMAL\822.png,0.8078973293304443,False
S000059,5,Preprocess_597\NORMAL\729.png,0.8022015690803528,False
S000060,1,Preprocess_597\NORMAL\725.png,0.8336427211761475,True
S000060,2,Preprocess_597\NORMAL\733.png,0.8137224912643433,False
S000060,3,Preprocess_597\NORMAL\743.png,0.7989845275878906,False
S000060,4,Preprocess_597\NORMAL\753.png,0.7972064018249512,False
S000060,5,Preprocess_597\NORMAL\761.png,0.7960556745529175,False
S000061,1,Preprocess_597\NORMAL\726.png,0.8212181329727173,True
S000061,2,Preprocess_597\NORMAL\817.png,0.7594137787818909,False
S000061,3,Preprocess_597\NORMAL\733.png,0.7519384026527405,False
S000061,4,Preprocess_597\NORMAL\777.png,0.7509545087814331,False
S000061,5,Preprocess_597\NORMAL\747.png,0.7379103302955627,False
S000062,1,Preprocess_597\NORMAL\728.png,0.8177500367164612,True
S000062,2,Preprocess_597\NORMAL\681.jpg,0.7972416877746582,False
S000062,3,Preprocess_597\NORMAL\748.png,0.7932402491569519,False
S000062,4,Preprocess_597\NORMAL\731.png,0.786400556564331,False
S000062,5,Preprocess_597\NORMAL\747.png,0.7858978509902954,False
S000063,1,Preprocess_597\NORMAL\729.png,0.8358951210975647,True
S000063,2,Preprocess_597\NORMAL\628.jpg,0.8221861124038696,False
S000063,3,Preprocess_597\NORMAL\686.jpg,0.7712095975875854,False
S000063,4,Preprocess_597\NORMAL\632.jpg,0.7648242712020874,False
S000063,5,Preprocess_597\NORMAL\793.png,0.7623851299285889,False
S000064,1,Preprocess_597\NORMAL\744.png,0.8250151872634888,False
S000064,2,Preprocess_597\NORMAL\796.png,0.8226869702339172,False
S000064,3,Preprocess_597\NORMAL\772.png,0.8222358822822571,False
S000064,4,Preprocess_597\NORMAL\751.png,0.8214483261108398,False
S000064,5,Preprocess_597\NORMAL\730.png,0.8164511919021606,True
S000065,1,Preprocess_597\NORMAL\731.png,0.8159409165382385,True
S000065,2,Preprocess_597\NORMAL\687.jpg,0.7957608103752136,False
S000065,3,Preprocess_597\NORMAL\681.jpg,0.7426575422286987,False
S000065,4,Preprocess_597\NORMAL\741.png,0.7397298216819763,False
S000065,5,Preprocess_597\NORMAL\601.jpg,0.7375804781913757,False
S000066,1,Preprocess_597\NORMAL\732.png,0.8456183075904846,True
S000066,2,Preprocess_597\NORMAL\759.png,0.8396187424659729,False
S000066,3,Preprocess_597\NORMAL\729.png,0.8387464284896851,False
S000066,4,Preprocess_597\NORMAL\720.png,0.8300805687904358,False
S000066,5,Preprocess_597\NORMAL\806.png,0.8213479518890381,False
S000067,1,Preprocess_597\NORMAL\733.png,0.856643795967102,True
S000067,2,Preprocess_597\NORMAL\747.png,0.7878218293190002,False
S000067,3,Preprocess_597\NORMAL\773.png,0.7872354388237,False
S000067,4,Preprocess_597\NORMAL\777.png,0.7766289114952087,False
S000067,5,Preprocess_597\NORMAL\726.png,0.772357165813446,False
S000068,1,Preprocess_597\NORMAL\735.png,0.8198725581169128,True
S000068,2,Preprocess_597\NORMAL\687.jpg,0.7745206356048584,False
S000068,3,Preprocess_597\NORMAL\686.jpg,0.7638887166976929,False
S000068,4,Preprocess_597\NORMAL\628.jpg,0.7563344240188599,False
S000068,5,Preprocess_597\NORMAL\731.png,0.7374454140663147,False
S000069,1,Preprocess_597\NORMAL\736.png,0.8202219605445862,True
S000069,2,Preprocess_597\NORMAL\763.png,0.8071220517158508,False
S000069,3,Preprocess_597\NORMAL\761.png,0.7987257242202759,False
S000069,4,Preprocess_597\NORMAL\756.png,0.7956620454788208,False
S000069,5,Preprocess_597\NORMAL\753.png,0.7927384972572327,False
S000070,1,Preprocess_597\NORMAL\737.png,0.8407067656517029,True
S000070,2,Preprocess_597\NORMAL\759.png,0.8367497324943542,False
S000070,3,Preprocess_597\NORMAL\720.png,0.8104507923126221,False
S000070,4,Preprocess_597\NORMAL\729.png,0.8099691271781921,False
S000070,5,Preprocess_597\NORMAL\764.png,0.8040906190872192,False
S000071,1,Preprocess_597\NORMAL\738.png,0.8222084641456604,True
S000071,2,Preprocess_597\NORMAL\729.png,0.7976418137550354,False
S000071,3,Preprocess_597\NORMAL\632.jpg,0.7940637469291687,False
S000071,4,Preprocess_597\NORMAL\812.png,0.7907074093818665,False
S000071,5,Preprocess_597\NORMAL\720.png,0.7903091311454773,False
S000072,1,Preprocess_597\NORMAL\739.png,0.817395806312561,True
S000072,2,Preprocess_597\NORMAL\632.jpg,0.7970335483551025,False
S000072,3,Preprocess_597\NORMAL\822.png,0.7865331172943115,False
S000072,4,Preprocess_597\NORMAL\628.jpg,0.7863688468933105,False
S000072,5,Preprocess_597\NORMAL\812.png,0.7863511443138123,False
S000073,1,Preprocess_597\NORMAL\740.png,0.8713362216949463,True
S000073,2,Preprocess_597\NORMAL\747.png,0.8593787550926208,False
S000073,3,Preprocess_597\NORMAL\748.png,0.8519109487533569,False
S000073,4,Preprocess_597\NORMAL\770.png,0.8475258350372314,False
S000073,5,Preprocess_597\NORMAL\728.png,0.8345412611961365,False
S000074,1,Preprocess_597\NORMAL\741.png,0.8153436779975891,True
S000074,2,Preprocess_597\NORMAL\731.png,0.8060462474822998,False
S000074,3,Preprocess_597\NORMAL\625.jpg,0.8036354184150696,False
S000074,4,Preprocess_597\NORMAL\758.png,0.7680323123931885,False
S000074,5,Preprocess_597\NORMAL\681.jpg,0.763672947883606,False
S000075,1,Preprocess_597\NORMAL\761.png,0.8518136739730835,False
S000075,2,Preprocess_597\NORMAL\748.png,0.8423088192939758,False
S000075,3,Preprocess_597\NORMAL\742.png,0.823680579662323,True
S000075,4,Preprocess_597\NORMAL\747.png,0.8235157132148743,False
S000075,5,Preprocess_597\NORMAL\753.png,0.8195747137069702,False
S000076,1,Preprocess_597\NORMAL\743.png,0.8748458027839661,True
S000076,2,Preprocess_597\NORMAL\747.png,0.8169214725494385,False
S000076,3,Preprocess_597\NORMAL\731.png,0.8039037585258484,False
S000076,4,Preprocess_597\NORMAL\748.png,0.7960280179977417,False
S000076,5,Preprocess_597\NORMAL\761.png,0.7889461517333984,False
S000077,1,Preprocess_597\NORMAL\744.png,0.8459035754203796,True
S000077,2,Preprocess_597\NORMAL\796.png,0.79091477394104,False
S000077,3,Preprocess_597\NORMAL\632.jpg,0.7832465171813965,False
S000077,4,Preprocess_597\NORMAL\573.png,0.7781982421875,False
S000077,5,Preprocess_597\NORMAL\729.png,0.7772417664527893,False
S000078,1,Preprocess_597\NORMAL\681.jpg,0.781975507736206,False
S000078,2,Preprocess_597\NORMAL\745.png,0.7738059163093567,True
S000078,3,Preprocess_597\NORMAL\748.png,0.7730018496513367,False
S000078,4,Preprocess_597\NORMAL\753.png,0.7628898024559021,False
S000078,5,Preprocess_597\NORMAL\610.jpg,0.7619999647140503,False
S000079,1,Preprocess_597\NORMAL\746.png,0.8309125304222107,True
S000079,2,Preprocess_597\NORMAL\748.png,0.8154560327529907,False
S000079,3,Preprocess_597\NORMAL\753.png,0.807224452495575,False
S000079,4,Preprocess_597\NORMAL\761.png,0.8062984347343445,False
S000079,5,Preprocess_597\NORMAL\777.png,0.7978806495666504,False
S000080,1,Preprocess_597\NORMAL\747.png,0.8325287103652954,True
S000080,2,Preprocess_597\NORMAL\681.jpg,0.7932741045951843,False
S000080,3,Preprocess_597\NORMAL\731.png,0.780691921710968,False
S000080,4,Preprocess_597\NORMAL\748.png,0.7734906673431396,False
S000080,5,Preprocess_597\NORMAL\687.jpg,0.7658033967018127,False
S000081,1,Preprocess_597\NORMAL\748.png,0.8370164632797241,True
S000081,2,Preprocess_597\NORMAL\681.jpg,0.7998481392860413,False
S000081,3,Preprocess_597\NORMAL\573.png,0.7796143889427185,False
S000081,4,Preprocess_597\NORMAL\747.png,0.7724331021308899,False
S000081,5,Preprocess_597\NORMAL\817.png,0.765649676322937,False
S000082,1,Preprocess_597\NORMAL\749.png,0.7953165769577026,True
S000082,2,Preprocess_597\NORMAL\628.jpg,0.7852532267570496,False
S000082,3,Preprocess_597\NORMAL\632.jpg,0.7708278894424438,False
S000082,4,Preprocess_597\NORMAL\822.png,0.758217990398407,False
S000082,5,Preprocess_597\NORMAL\812.png,0.7573867440223694,False
S000083,1,Preprocess_597\NORMAL\817.png,0.7939295172691345,False
S000083,2,Preprocess_597\NORMAL\750.png,0.7922753691673279,True
S000083,3,Preprocess_597\NORMAL\753.png,0.7808932662010193,False
S000083,4,Preprocess_597\NORMAL\748.png,0.7781382203102112,False
S000083,5,Preprocess_597\NORMAL\747.png,0.7759624123573303,False
S000084,1,Preprocess_597\NORMAL\751.png,0.8210369944572449,True
S000084,2,Preprocess_597\NORMAL\632.jpg,0.8107295632362366,False
S000084,3,Preprocess_597\NORMAL\822.png,0.7897564768791199,False
S000084,4,Preprocess_597\NORMAL\628.jpg,0.7872517108917236,False
S000084,5,Preprocess_597\NORMAL\729.png,0.7787184715270996,False
S000085,1,Preprocess_597\NORMAL\752.png,0.8269142508506775,True
S000085,2,Preprocess_597\NORMAL\748.png,0.8009112477302551,False
S000085,3,Preprocess_597\NORMAL\747.png,0.8005184531211853,False
S000085,4,Preprocess_597\NORMAL\761.png,0.788403332233429,False
S000085,5,Preprocess_597\NORMAL\770.png,0.7801900506019592,False
S000086,1,Preprocess_597\NORMAL\753.png,0.8107885122299194,True
S000086,2,Preprocess_597\NORMAL\681.jpg,0.7864355444908142,False
S000086,3,Preprocess_597\NORMAL\763.png,0.7683507800102234,False
S000086,4,Preprocess_597\NORMAL\826.png,0.7658281326293945,False
S000086,5,Preprocess_597\NORMAL\780.png,0.76500403881073,False
S000087,1,Preprocess_597\NORMAL\817.png,0.8222463726997375,False
S000087,2,Preprocess_597\NORMAL\761.png,0.8068962693214417,False
S000087,3,Preprocess_597\NORMAL\763.png,0.8039721846580505,False
S000087,4,Preprocess_597\NORMAL\754.png,0.8026300072669983,True
S000087,5,Preprocess_597\NORMAL\748.png,0.8023516535758972,False
S000088,1,Preprocess_597\NORMAL\755.png,0.8543930649757385,True
S000088,2,Preprocess_597\NORMAL\729.png,0.8270699977874756,False
S000088,3,Preprocess_597\NORMAL\744.png,0.8270261287689209,False
S000088,4,Preprocess_597\NORMAL\822.png,0.82439124584198,False
S000088,5,Preprocess_597\NORMAL\772.png,0.8179032206535339,False
S000089,1,Preprocess_597\NORMAL\756.png,0.8610028028488159,True
S000089,2,Preprocess_597\NORMAL\763.png,0.8602819442749023,False
S000089,3,Preprocess_597\NORMAL\748.png,0.8333575129508972,False
S000089,4,Preprocess_597\NORMAL\817.png,0.8310062885284424,False
S000089,5,Preprocess_597\NORMAL\808.png,0.8283112645149231,False
S000090,1,Preprocess_597\NORMAL\817.png,0.8259572386741638,False
S000090,2,Preprocess_597\NORMAL\757.png,0.8085353970527649,True
S000090,3,Preprocess_597\NORMAL\625.jpg,0.8035025596618652,False
S000090,4,Preprocess_597\NORMAL\747.png,0.8020077347755432,False
S000090,5,Preprocess_597\NORMAL\748.png,0.801219642162323,False
S000091,1,Preprocess_597\NORMAL\731.png,0.8234724998474121,False
S000091,2,Preprocess_597\NORMAL\625.jpg,0.8193249106407166,False
S000091,3,Preprocess_597\NORMAL\758.png,0.8188150525093079,True
S000091,4,Preprocess_597\NORMAL\747.png,0.8055468201637268,False
S000091,5,Preprocess_597\NORMAL\817.png,0.7914274334907532,False
S000092,1,Preprocess_597\NORMAL\759.png,0.8503599762916565,True
S000092,2,Preprocess_597\NORMAL\729.png,0.8299920558929443,False
S000092,3,Preprocess_597\NORMAL\628.jpg,0.8138322830200195,False
S000092,4,Preprocess_597\NORMAL\822.png,0.8011654615402222,False
S000092,5,Preprocess_597\NORMAL\632.jpg,0.7960247993469238,False
S000093,1,Preprocess_597\NORMAL\760.png,0.8437981009483337,True
S000093,2,Preprocess_597\NORMAL\729.png,0.8009777665138245,False
S000093,3,Preprocess_597\NORMAL\632.jpg,0.7998955249786377,False
S000093,4,Preprocess_597\NORMAL\628.jpg,0.7987325191497803,False
S000093,5,Preprocess_597\NORMAL\812.png,0.7985389828681946,False
S000094,1,Preprocess_597\NORMAL\761.png,0.8156805634498596,True
S000094,2,Preprocess_597\NORMAL\681.jpg,0.7877017855644226,False
S000094,3,Preprocess_597\NORMAL\817.png,0.7687710523605347,False
S000094,4,Preprocess_597\NORMAL\780.png,0.76666259765625,False
S000094,5,Preprocess_597\NORMAL\753.png,0.765138566493988,False
S000095,1,Preprocess_597\NORMAL\762.png,0.8482653498649597,True
S000095,2,Preprocess_597\NORMAL\720.png,0.7883715629577637,False
S000095,3,Preprocess_597\NORMAL\794.png,0.7808833718299866,False
S000095,4,Preprocess_597\NORMAL\759.png,0.7788093090057373,False
S000095,5,Preprocess_597\NORMAL\751.png,0.7770422697067261,False
S000096,1,Preprocess_597\NORMAL\763.png,0.8278892636299133,True
S000096,2,Preprocess_597\NORMAL\687.jpg,0.7744220495223999,False
S000096,3,Preprocess_597\NORMAL\681.jpg,0.7680600881576538,False
S000096,4,Preprocess_597\NORMAL\817.png,0.7636942267417908,False
S000096,5,Preprocess_597\NORMAL\747.png,0.746375322341919,False
S000097,1,Preprocess_597\NORMAL\764.png,0.7759875059127808,True
S000097,2,Preprocess_597\NORMAL\628.jpg,0.7639495134353638,False
S000097,3,Preprocess_597\NORMAL\686.jpg,0.7416737675666809,False
S000097,4,Preprocess_597\NORMAL\729.png,0.7319023013114929,False
S000097,5,Preprocess_597\NORMAL\720.png,0.7305254340171814,False
S000098,1,Preprocess_597\NORMAL\765.png,0.8204853534698486,True
S000098,2,Preprocess_597\NORMAL\747.png,0.8140605092048645,False
S000098,3,Preprocess_597\NORMAL\748.png,0.8094385266304016,False
S000098,4,Preprocess_597\NORMAL\770.png,0.8014594316482544,False
S000098,5,Preprocess_597\NORMAL\731.png,0.7968441843986511,False
S000099,1,Preprocess_597\NORMAL\632.jpg,0.8345978260040283,False
S000099,2,Preprocess_597\NORMAL\768.png,0.8167640566825867,True
S000099,3,Preprocess_597\NORMAL\822.png,0.809623658657074,False
S000099,4,Preprocess_597\NORMAL\628.jpg,0.7837423086166382,False
S000099,5,Preprocess_597\NORMAL\729.png,0.7776879072189331,False
S000100,1,Preprocess_597\NORMAL\770.png,0.8230616450309753,True
S000100,2,Preprocess_597\NORMAL\748.png,0.7850821614265442,False
S000100,3,Preprocess_597\NORMAL\681.jpg,0.7746710777282715,False
S000100,4,Preprocess_597\NORMAL\747.png,0.7715471982955933,False
S000100,5,Preprocess_597\NORMAL\731.png,0.7584517002105713,False
S000101,1,Preprocess_597\NORMAL\771.png,0.8585852980613708,True
S000101,2,Preprocess_597\NORMAL\790.png,0.8015689253807068,False
S000101,3,Preprocess_597\NORMAL\812.png,0.7964063286781311,False
S000101,4,Preprocess_597\NORMAL\793.png,0.7940186262130737,False
S000101,5,Preprocess_597\NORMAL\760.png,0.7934325337409973,False
S000102,1,Preprocess_597\NORMAL\772.png,0.8238444328308105,True
S000102,2,Preprocess_597\NORMAL\632.jpg,0.8056101202964783,False
S000102,3,Preprocess_597\NORMAL\628.jpg,0.8039732575416565,False
S000102,4,Preprocess_597\NORMAL\796.png,0.796440839767456,False
S000102,5,Preprocess_597\NORMAL\822.png,0.7883993983268738,False
S000103,1,Preprocess_597\NORMAL\773.png,0.8001893162727356,True
S000103,2,Preprocess_597\NORMAL\681.jpg,0.7987810969352722,False
S000103,3,Preprocess_597\NORMAL\687.jpg,0.7761949896812439,False
S000103,4,Preprocess_597\NORMAL\747.png,0.7761297821998596,False
S000103,5,Preprocess_597\NORMAL\748.png,0.7584793567657471,False
S000104,1,Preprocess_597\NORMAL\681.jpg,0.7935329079627991,False
S000104,2,Preprocess_597\NORMAL\747.png,0.7893834114074707,False
S000104,3,Preprocess_597\NORMAL\774.png,0.7891271114349365,True
S000104,4,Preprocess_597\NORMAL\817.png,0.7887095212936401,False
S000104,5,Preprocess_597\NORMAL\625.jpg,0.784137487411499,False
S000105,1,Preprocess_597\NORMAL\775.png,0.8158414363861084,True
S000105,2,Preprocess_597\NORMAL\817.png,0.8097736835479736,False
S000105,3,Preprocess_597\NORMAL\681.jpg,0.8015028238296509,False
S000105,4,Preprocess_597\NORMAL\748.png,0.7981541752815247,False
S000105,5,Preprocess_597\NORMAL\809.png,0.7919920086860657,False
S000106,1,Preprocess_597\NORMAL\776.png,0.7930693626403809,True
S000106,2,Preprocess_597\NORMAL\605.jpg,0.7816824316978455,False
S000106,3,Preprocess_597\NORMAL\822.png,0.7775335311889648,False
S000106,4,Preprocess_597\NORMAL\751.png,0.7719321846961975,False
S000106,5,Preprocess_597\NORMAL\720.png,0.7705972194671631,False
S000107,1,Preprocess_597\NORMAL\777.png,0.779767632484436,True
S000107,2,Preprocess_597\NORMAL\681.jpg,0.7621546387672424,False
S000107,3,Preprocess_597\NORMAL\748.png,0.7518073916435242,False
S000107,4,Preprocess_597\NORMAL\770.png,0.7403993010520935,False
S000107,5,Preprocess_597\NORMAL\765.png,0.7369776964187622,False
S000108,1,Preprocess_597\NORMAL\817.png,0.8388474583625793,False
S000108,2,Preprocess_597\NORMAL\778.png,0.8182950019836426,True
S000108,3,Preprocess_597\NORMAL\747.png,0.7994219064712524,False
S000108,4,Preprocess_597\NORMAL\761.png,0.793562650680542,False
S000108,5,Preprocess_597\NORMAL\809.png,0.7926169633865356,False
S000109,1,Preprocess_597\NORMAL\632.jpg,0.830206036567688,False
S000109,2,Preprocess_597\NORMAL\822.png,0.8201652765274048,False
S000109,3,Preprocess_597\NORMAL\779.png,0.8198859095573425,True
S000109,4,Preprocess_597\NORMAL\812.png,0.8110699653625488,False
S000109,5,Preprocess_597\NORMAL\628.jpg,0.8087283968925476,False
S000110,1,Preprocess_597\NORMAL\780.png,0.8255595564842224,True
S000110,2,Preprocess_597\NORMAL\748.png,0.8147163987159729,False
S000110,3,Preprocess_597\NORMAL\681.jpg,0.8104119896888733,False
S000110,4,Preprocess_597\NORMAL\817.png,0.8030280470848083,False
S000110,5,Preprocess_597\NORMAL\747.png,0.8027677536010742,False
S000111,1,Preprocess_597\NORMAL\781.png,0.8163785934448242,True
S000111,2,Preprocess_597\NORMAL\632.jpg,0.8008773922920227,False
S000111,3,Preprocess_597\NORMAL\822.png,0.7988337278366089,False
S000111,4,Preprocess_597\NORMAL\812.png,0.7944387793540955,False
S000111,5,Preprocess_597\NORMAL\628.jpg,0.791212260723114,False
S000112,1,Preprocess_597\NORMAL\782.png,0.7948258519172668,True
S000112,2,Preprocess_597\NORMAL\632.jpg,0.7938941717147827,False
S000112,3,Preprocess_597\NORMAL\686.jpg,0.7914801836013794,False
S000112,4,Preprocess_597\NORMAL\628.jpg,0.7867614030838013,False
S000112,5,Preprocess_597\NORMAL\822.png,0.7819076180458069,False
S000113,1,Preprocess_597\NORMAL\783.png,0.7785937786102295,True
S000113,2,Preprocess_597\NORMAL\753.png,0.768130898475647,False
S000113,3,Preprocess_597\NORMAL\681.jpg,0.7611662149429321,False
S000113,4,Preprocess_597\NORMAL\748.png,0.7582597136497498,False
S000113,5,Preprocess_597\NORMAL\826.png,0.7579178810119629,False
S000114,1,Preprocess_597\NORMAL\747.png,0.8059044480323792,False
S000114,2,Preprocess_597\NORMAL\784.png,0.7969641089439392,True
S000114,3,Preprocess_597\NORMAL\748.png,0.7939119935035706,False
S000114,4,Preprocess_597\NORMAL\681.jpg,0.7911999225616455,False
S000114,5,Preprocess_597\NORMAL\777.png,0.7884020209312439,False
S000115,1,Preprocess_597\NORMAL\628.jpg,0.7884042263031006,False
S000115,2,Preprocess_597\NORMAL\632.jpg,0.7871116399765015,False
S000115,3,Preprocess_597\NORMAL\785.png,0.7829431891441345,True
S000115,4,Preprocess_597\NORMAL\686.jpg,0.7712483406066895,False
S000115,5,Preprocess_597\NORMAL\605.jpg,0.7696259021759033,False
S000116,1,Preprocess_597\NORMAL\822.png,0.8463971614837646,False
S000116,2,Preprocess_597\NORMAL\786.png,0.8396998643875122,True
S000116,3,Preprocess_597\NORMAL\793.png,0.8353437781333923,False
S000116,4,Preprocess_597\NORMAL\632.jpg,0.8349025249481201,False
S000116,5,Preprocess_597\NORMAL\729.png,0.8334341645240784,False
S000117,1,Preprocess_597\NORMAL\747.png,0.8417110443115234,False
S000117,2,Preprocess_597\NORMAL\817.png,0.8247944712638855,False
S000117,3,Preprocess_597\NORMAL\625.jpg,0.8186696171760559,False
S000117,4,Preprocess_597\NORMAL\809.png,0.8177453875541687,False
S000117,5,Preprocess_597\NORMAL\770.png,0.815210223197937,False
S000118,1,Preprocess_597\NORMAL\761.png,0.8320293426513672,False
S000118,2,Preprocess_597\NORMAL\780.png,0.8152538537979126,False
S000118,3,Preprocess_597\NORMAL\817.png,0.8116927742958069,False
S000118,4,Preprocess_597\NORMAL\747.png,0.8116395473480225,False
S000118,5,Preprocess_597\NORMAL\748.png,0.8109775185585022,False
S000119,1,Preprocess_597\NORMAL\822.png,0.8355228900909424,False
S000119,2,Preprocess_597\NORMAL\632.jpg,0.827344536781311,False
S000119,3,Preprocess_597\NORMAL\729.png,0.8183222413063049,False
S000119,4,Preprocess_597\NORMAL\759.png,0.8059147000312805,False
S000119,5,Preprocess_597\NORMAL\789.png,0.8045539259910583,True
S000120,1,Preprocess_597\NORMAL\790.png,0.8357269763946533,True
S000120,2,Preprocess_597\NORMAL\812.png,0.8027791976928711,False
S000120,3,Preprocess_597\NORMAL\628.jpg,0.7939597964286804,False
S000120,4,Preprocess_597\NORMAL\632.jpg,0.7926614284515381,False
S000120,5,Preprocess_597\NORMAL\771.png,0.7912009358406067,False
S000121,1,Preprocess_597\NORMAL\791.png,0.7840390205383301,True
S000121,2,Preprocess_597\NORMAL\681.jpg,0.7833321690559387,False
S000121,3,Preprocess_597\NORMAL\761.png,0.7665852904319763,False
S000121,4,Preprocess_597\NORMAL\753.png,0.7577443718910217,False
S000121,5,Preprocess_597\NORMAL\817.png,0.7544360756874084,False
S000122,1,Preprocess_597\NORMAL\761.png,0.8239794969558716,False
S000122,2,Preprocess_597\NORMAL\792.png,0.8188767433166504,True
S000122,3,Preprocess_597\NORMAL\748.png,0.8138297200202942,False
S000122,4,Preprocess_597\NORMAL\681.jpg,0.8016810417175293,False
S000122,5,Preprocess_597\NORMAL\791.png,0.7973319292068481,False
S000123,1,Preprocess_597\NORMAL\793.png,0.8657487034797668,True
S000123,2,Preprocess_597\NORMAL\822.png,0.8367264866828918,False
S000123,3,Preprocess_597\NORMAL\729.png,0.8331683874130249,False
S000123,4,Preprocess_597\NORMAL\771.png,0.8263814449310303,False
S000123,5,Preprocess_597\NORMAL\632.jpg,0.8197144865989685,False
S000124,1,Preprocess_597\NORMAL\794.png,0.8282954096794128,True
S000124,2,Preprocess_597\NORMAL\632.jpg,0.8129821419715881,False
S000124,3,Preprocess_597\NORMAL\729.png,0.8083329200744629,False
S000124,4,Preprocess_597\NORMAL\822.png,0.8005065321922302,False
S000124,5,Preprocess_597\NORMAL\759.png,0.7956244945526123,False
S000125,1,Preprocess_597\NORMAL\795.png,0.8246793150901794,True
S000125,2,Preprocess_597\NORMAL\761.png,0.8052389621734619,False
S000125,3,Preprocess_597\NORMAL\748.png,0.7994652986526489,False
S000125,4,Preprocess_597\NORMAL\752.png,0.796430230140686,False
S000125,5,Preprocess_597\NORMAL\817.png,0.7960256934165955,False
S000126,1,Preprocess_597\NORMAL\796.png,0.7824839949607849,True
S000126,2,Preprocess_597\NORMAL\628.jpg,0.7682344913482666,False
S000126,3,Preprocess_597\NORMAL\686.jpg,0.7587426900863647,False
S000126,4,Preprocess_597\NORMAL\632.jpg,0.753251850605011,False
S000126,5,Preprocess_597\NORMAL\812.png,0.7359446883201599,False
S000127,1,Preprocess_597\NORMAL\797.png,0.7770470976829529,True
S000127,2,Preprocess_597\NORMAL\681.jpg,0.7587257623672485,False
S000127,3,Preprocess_597\NORMAL\747.png,0.7433720827102661,False
S000127,4,Preprocess_597\NORMAL\687.jpg,0.7379348278045654,False
S000127,5,Preprocess_597\NORMAL\731.png,0.7341400384902954,False
S000128,1,Preprocess_597\NORMAL\798.png,0.8186593651771545,True
S000128,2,Preprocess_597\NORMAL\813.png,0.7685878872871399,False
S000128,3,Preprocess_597\NORMAL\573.png,0.7628298997879028,False
S000128,4,Preprocess_597\NORMAL\628.jpg,0.7585278153419495,False
S000128,5,Preprocess_597\NORMAL\747.png,0.7540475130081177,False
S000129,1,Preprocess_597\NORMAL\731.png,0.8211382627487183,False
S000129,2,Preprocess_597\NORMAL\747.png,0.806108295917511,False
S000129,3,Preprocess_597\NORMAL\799.png,0.8058971762657166,True
S000129,4,Preprocess_597\NORMAL\625.jpg,0.8006029725074768,False
S000129,5,Preprocess_597\NORMAL\681.jpg,0.7897494435310364,False
S000130,1,Preprocess_597\NORMAL\628.jpg,0.7880094647407532,False
S000130,2,Preprocess_597\NORMAL\801.png,0.7760134339332581,True
S000130,3,Preprocess_597\NORMAL\686.jpg,0.7681074142456055,False
S000130,4,Preprocess_597\NORMAL\687.jpg,0.7669141292572021,False
S000130,5,Preprocess_597\NORMAL\680.jpg,0.7544161081314087,False
S000131,1,Preprocess_597\NORMAL\802.png,0.9118518233299255,True
S000131,2,Preprocess_597\NORMAL\786.png,0.8584611415863037,False
S000131,3,Preprocess_597\NORMAL\718.png,0.8582958579063416,False
S000131,4,Preprocess_597\NORMAL\793.png,0.8575875163078308,False
S000131,5,Preprocess_597\NORMAL\819.png,0.8563470840454102,False
S000132,1,Preprocess_597\NORMAL\747.png,0.8609675765037537,False
S000132,2,Preprocess_597\NORMAL\803.png,0.840298056602478,True
S000132,3,Preprocess_597\NORMAL\748.png,0.8376065492630005,False
S000132,4,Preprocess_597\NORMAL\763.png,0.8332740068435669,False
S000132,5,Preprocess_597\NORMAL\817.png,0.8317715525627136,False
S000133,1,Preprocess_597\NORMAL\805.png,0.8760694861412048,True
S000133,2,Preprocess_597\NORMAL\812.png,0.8394486308097839,False
S000133,3,Preprocess_597\NORMAL\729.png,0.8358026742935181,False
S000133,4,Preprocess_597\NORMAL\771.png,0.8182790875434875,False
S000133,5,Preprocess_597\NORMAL\796.png,0.8079925179481506,False
S000134,1,Preprocess_597\NORMAL\806.png,0.8585982322692871,True
S000134,2,Preprocess_597\NORMAL\759.png,0.811939001083374,False
S000134,3,Preprocess_597\NORMAL\764.png,0.800579845905304,False
S000134,4,Preprocess_597\NORMAL\729.png,0.7944609522819519,False
S000134,5,Preprocess_597\NORMAL\720.png,0.7895165681838989,False
S000135,1,Preprocess_597\NORMAL\807.png,0.878646969795227,True
S000135,2,Preprocess_597\NORMAL\790.png,0.8691108226776123,False
S000135,3,Preprocess_597\NORMAL\729.png,0.8605706095695496,False
S000135,4,Preprocess_597\NORMAL\771.png,0.8598878383636475,False
S000135,5,Preprocess_597\NORMAL\718.png,0.8569262027740479,False
S000136,1,Preprocess_597\NORMAL\808.png,0.8380641341209412,True
S000136,2,Preprocess_597\NORMAL\817.png,0.8068503141403198,False
S000136,3,Preprocess_597\NORMAL\731.png,0.8012020587921143,False
S000136,4,Preprocess_597\NORMAL\763.png,0.7900744676589966,False
S000136,5,Preprocess_597\NORMAL\747.png,0.7875760793685913,False
S000137,1,Preprocess_597\NORMAL\747.png,0.8528882265090942,False
S000137,2,Preprocess_597\NORMAL\809.png,0.8519317507743835,True
S000137,3,Preprocess_597\NORMAL\817.png,0.8367931246757507,False
S000137,4,Preprocess_597\NORMAL\748.png,0.8311269283294678,False
S000137,5,Preprocess_597\NORMAL\763.png,0.8143275380134583,False
S000138,1,Preprocess_597\NORMAL\810.png,0.8358367085456848,True
S000138,2,Preprocess_597\NORMAL\723.png,0.8052573204040527,False
S000138,3,Preprocess_597\NORMAL\806.png,0.8032048940658569,False
S000138,4,Preprocess_597\NORMAL\720.png,0.7940372228622437,False
S000138,5,Preprocess_597\NORMAL\764.png,0.7737401127815247,False
S000139,1,Preprocess_597\NORMAL\811.png,0.8612201809883118,True
S000139,2,Preprocess_597\NORMAL\726.png,0.8012216091156006,False
S000139,3,Preprocess_597\NORMAL\777.png,0.7802892327308655,False
S000139,4,Preprocess_597\NORMAL\741.png,0.776544988155365,False
S000139,5,Preprocess_597\NORMAL\733.png,0.7679916024208069,False
S000140,1,Preprocess_597\NORMAL\812.png,0.8708999156951904,True
S000140,2,Preprocess_597\NORMAL\729.png,0.8193835616111755,False
S000140,3,Preprocess_597\NORMAL\632.jpg,0.8170574307441711,False
S000140,4,Preprocess_597\NORMAL\822.png,0.796686589717865,False
S000140,5,Preprocess_597\NORMAL\771.png,0.7926883697509766,False
S000141,1,Preprocess_597\NORMAL\813.png,0.8662589192390442,True
S000141,2,Preprocess_597\NORMAL\798.png,0.8243331909179688,False
S000141,3,Preprocess_597\NORMAL\703.jpg,0.8229683041572571,False
S000141,4,Preprocess_597\NORMAL\564.png,0.8122403621673584,False
S000141,5,Preprocess_597\NORMAL\812.png,0.8121426701545715,False
S000142,1,Preprocess_597\NORMAL\814.png,0.8192470669746399,True
S000142,2,Preprocess_597\NORMAL\628.jpg,0.8128581047058105,False
S000142,3,Preprocess_597\NORMAL\632.jpg,0.802773118019104,False
S000142,4,Preprocess_597\NORMAL\744.png,0.7746648192405701,False
S000142,5,Preprocess_597\NORMAL\686.jpg,0.7729537487030029,False
S000143,1,Preprocess_597\NORMAL\731.png,0.8556100726127625,False
S000143,2,Preprocess_597\NORMAL\815.png,0.8481957316398621,True
S000143,3,Preprocess_597\NORMAL\758.png,0.8176718354225159,False
S000143,4,Preprocess_597\NORMAL\625.jpg,0.8139200806617737,False
S000143,5,Preprocess_597\NORMAL\747.png,0.8058398962020874,False
S000144,1,Preprocess_597\NORMAL\817.png,0.8208370804786682,True
S000144,2,Preprocess_597\NORMAL\681.jpg,0.7640329003334045,False
S000144,3,Preprocess_597\NORMAL\809.png,0.7473688721656799,False
S000144,4,Preprocess_597\NORMAL\763.png,0.7436251044273376,False
S000144,5,Preprocess_597\NORMAL\687.jpg,0.7410607933998108,False
S000145,1,Preprocess_597\NORMAL\819.png,0.874568521976471,True
S000145,2,Preprocess_597\NORMAL\822.png,0.8476001024246216,False
S000145,3,Preprocess_597\NORMAL\632.jpg,0.8298190832138062,False
S000145,4,Preprocess_597\NORMAL\729.png,0.8212016820907593,False
S000145,5,Preprocess_597\NORMAL\772.png,0.8136817216873169,False
S000146,1,Preprocess_597\NORMAL\820.png,0.8691537976264954,True
S000146,2,Preprocess_597\NORMAL\632.jpg,0.7957974672317505,False
S000146,3,Preprocess_597\NORMAL\817.png,0.7805501222610474,False
S000146,4,Preprocess_597\NORMAL\573.png,0.7801068425178528,False
S000146,5,Preprocess_597\NORMAL\565.png,0.7697048187255859,False
S000147,1,Preprocess_597\NORMAL\821.png,0.7816348671913147,True
S000147,2,Preprocess_597\NORMAL\625.jpg,0.7815958857536316,False
S000147,3,Preprocess_597\NORMAL\731.png,0.772005558013916,False
S000147,4,Preprocess_597\NORMAL\817.png,0.7636550664901733,False
S000147,5,Preprocess_597\NORMAL\747.png,0.7622736692428589,False
S000148,1,Preprocess_597\NORMAL\822.png,0.8624858260154724,True
S000148,2,Preprocess_597\NORMAL\632.jpg,0.8354387879371643,False
S000148,3,Preprocess_597\NORMAL\628.jpg,0.7795358896255493,False
S000148,4,Preprocess_597\NORMAL\605.jpg,0.7753676772117615,False
S000148,5,Preprocess_597\NORMAL\729.png,0.7687870264053345,False
S000149,1,Preprocess_597\NORMAL\824.png,0.8578042387962341,True
S000149,2,Preprocess_597\NORMAL\812.png,0.8314787745475769,False
S000149,3,Preprocess_597\NORMAL\729.png,0.8226178884506226,False
S000149,4,Preprocess_597\NORMAL\822.png,0.8209865093231201,False
S000149,5,Preprocess_597\NORMAL\771.png,0.8083321452140808,False
S000150,1,Preprocess_597\NORMAL\825.png,0.8520645499229431,True
S000150,2,Preprocess_597\NORMAL\729.png,0.8302172422409058,False
S000150,3,Preprocess_597\NORMAL\812.png,0.819543719291687,False
S000150,4,Preprocess_597\NORMAL\813.png,0.8112013339996338,False
S000150,5,Preprocess_597\NORMAL\771.png,0.811061441898346,False
S000151,1,Preprocess_597\NORMAL\826.png,0.8319159746170044,True
S000151,2,Preprocess_597\NORMAL\748.png,0.806492269039154,False
S000151,3,Preprocess_597\NORMAL\817.png,0.8006869554519653,False
S000151,4,Preprocess_597\NORMAL\763.png,0.7988894581794739,False
S000151,5,Preprocess_597\NORMAL\753.png,0.7965925931930542,False
S000239,1,Preprocess_597\NORMAL\582.jpg,0.9111346006393433,True
S000239,2,Preprocess_597\NORMAL\613.jpg,0.8072081804275513,False
S000239,3,Preprocess_597\NORMAL\648.jpg,0.7984686493873596,False
S000239,4,Preprocess_597\NORMAL\588.jpg,0.7960768938064575,False
S000239,5,Preprocess_597\NORMAL\598.jpg,0.7875427007675171,False
S000240,1,Preprocess_597\NORMAL\583.jpg,0.8962347507476807,True
S000240,2,Preprocess_597\NORMAL\690.jpg,0.8185005784034729,False
S000240,3,Preprocess_597\NORMAL\689.jpg,0.8167365193367004,False
S000240,4,Preprocess_597\NORMAL\591.jpg,0.8140003085136414,False
S000240,5,Preprocess_597\NORMAL\614.jpg,0.8071765899658203,False
S000241,1,Preprocess_597\NORMAL\584.jpg,0.8963310718536377,True
S000241,2,Preprocess_597\NORMAL\617.jpg,0.7994269728660583,False
S000241,3,Preprocess_597\NORMAL\644.jpg,0.7795596122741699,False
S000241,4,Preprocess_597\NORMAL\601.jpg,0.777062177658081,False
S000241,5,Preprocess_597\NORMAL\665.jpg,0.7763530611991882,False
S000242,1,Preprocess_597\NORMAL\585.jpg,0.9165728092193604,True
S000242,2,Preprocess_597\NORMAL\617.jpg,0.8097285032272339,False
S000242,3,Preprocess_597\NORMAL\632.jpg,0.7893273830413818,False
S000242,4,Preprocess_597\NORMAL\699.jpg,0.7890711426734924,False
S000242,5,Preprocess_597\NORMAL\680.jpg,0.7832927107810974,False
S000243,1,Preprocess_597\NORMAL\586.jpg,0.8640698194503784,True
S000243,2,Preprocess_597\NORMAL\639.jpg,0.7887648940086365,False
S000243,3,Preprocess_597\NORMAL\646.jpg,0.782921314239502,False
S000243,4,Preprocess_597\NORMAL\681.jpg,0.7824371457099915,False
S000243,5,Preprocess_597\NORMAL\610.jpg,0.7759268879890442,False
S000244,1,Preprocess_597\NORMAL\587.jpg,0.9393614530563354,True
S000244,2,Preprocess_597\NORMAL\607.jpg,0.7811509966850281,False
S000244,3,Preprocess_597\NORMAL\673.jpg,0.7802833318710327,False
S000244,4,Preprocess_597\NORMAL\618.jpg,0.7656981348991394,False
S000244,5,Preprocess_597\NORMAL\692.jpg,0.7545291185379028,False
S000245,1,Preprocess_597\NORMAL\588.jpg,0.9027714729309082,True
S000245,2,Preprocess_597\NORMAL\614.jpg,0.8333007097244263,False
S000245,3,Preprocess_597\NORMAL\619.jpg,0.8062724471092224,False
S000245,4,Preprocess_597\NORMAL\689.jpg,0.8048499226570129,False
S000245,5,Preprocess_597\NORMAL\591.jpg,0.8027399182319641,False
S000246,1,Preprocess_597\NORMAL\589.jpg,0.9198021292686462,True
S000246,2,Preprocess_597\NORMAL\641.jpg,0.8354554176330566,False
S000246,3,Preprocess_597\NORMAL\692.jpg,0.8306745886802673,False
S000246,4,Preprocess_597\NORMAL\654.jpg,0.8245810270309448,False
S000246,5,Preprocess_597\NORMAL\662.jpg,0.8244295120239258,False
S000247,1,Preprocess_597\NORMAL\590.jpg,0.9499842524528503,True
S000247,2,Preprocess_597\NORMAL\600.jpg,0.8768587112426758,False
S000247,3,Preprocess_597\NORMAL\629.jpg,0.8433805704116821,False
S000247,4,Preprocess_597\NORMAL\636.jpg,0.8350839018821716,False
S000247,5,Preprocess_597\NORMAL\595.jpg,0.8345272541046143,False
S000248,1,Preprocess_597\NORMAL\591.jpg,0.9128820300102234,True
S000248,2,Preprocess_597\NORMAL\614.jpg,0.8731251955032349,False
S000248,3,Preprocess_597\NORMAL\689.jpg,0.8435265421867371,False
S000248,4,Preprocess_597\NORMAL\661.jpg,0.8418565988540649,False
S000248,5,Preprocess_597\NORMAL\635.jpg,0.8351770639419556,False
S000249,1,Preprocess_597\NORMAL\592.jpg,0.905885636806488,True
S000249,2,Preprocess_597\NORMAL\662.jpg,0.840118408203125,False
S000249,3,Preprocess_597\NORMAL\641.jpg,0.8354222774505615,False
S000249,4,Preprocess_597\NORMAL\692.jpg,0.8236328363418579,False
S000249,5,Preprocess_597\NORMAL\636.jpg,0.8204076290130615,False
S000250,1,Preprocess_597\NORMAL\593.jpg,0.8635700345039368,True
S000250,2,Preprocess_597\NORMAL\599.jpg,0.8124289512634277,False
S000250,3,Preprocess_597\NORMAL\646.jpg,0.8106752038002014,False
S000250,4,Preprocess_597\NORMAL\703.jpg,0.8100593090057373,False
S000250,5,Preprocess_597\NORMAL\699.jpg,0.8094479441642761,False
S000251,1,Preprocess_597\NORMAL\594.jpg,0.8795888423919678,True
S000251,2,Preprocess_597\NORMAL\646.jpg,0.8235201835632324,False
S000251,3,Preprocess_597\NORMAL\699.jpg,0.8100255131721497,False
S000251,4,Preprocess_597\NORMAL\649.jpg,0.8080481290817261,False
S000251,5,Preprocess_597\NORMAL\703.jpg,0.7936530709266663,False
S000252,1,Preprocess_597\NORMAL\595.jpg,0.9179016947746277,True
S000252,2,Preprocess_597\NORMAL\742.png,0.8350271582603455,False
S000252,3,Preprocess_597\NORMAL\702.jpg,0.8224151134490967,False
S000252,4,Preprocess_597\NORMAL\642.jpg,0.8130283355712891,False
S000252,5,Preprocess_597\NORMAL\694.jpg,0.81041020154953,False
S000253,1,Preprocess_597\NORMAL\596.jpg,0.9294348359107971,True
S000253,2,Preprocess_597\NORMAL\651.jpg,0.8162815570831299,False
S000253,3,Preprocess_597\NORMAL\621.jpg,0.8154789805412292,False
S000253,4,Preprocess_597\NORMAL\671.jpg,0.8133981227874756,False
S000253,5,Preprocess_597\NORMAL\662.jpg,0.8125930428504944,False
S000254,1,Preprocess_597\NORMAL\597.jpg,0.9324087500572205,True
S000254,2,Preprocess_597\NORMAL\600.jpg,0.8463032841682434,False
S000254,3,Preprocess_597\NORMAL\636.jpg,0.8394231796264648,False
S000254,4,Preprocess_597\NORMAL\654.jpg,0.832994282245636,False
S000254,5,Preprocess_597\NORMAL\715.jpg,0.8286564946174622,False
S000255,1,Preprocess_597\NORMAL\598.jpg,0.9075905084609985,True
S000255,2,Preprocess_597\NORMAL\604.jpg,0.8119758367538452,False
S000255,3,Preprocess_597\NORMAL\675.jpg,0.8099215626716614,False
S000255,4,Preprocess_597\NORMAL\603.jpg,0.791562020778656,False
S000255,5,Preprocess_597\NORMAL\619.jpg,0.7854433655738831,False
S000256,1,Preprocess_597\NORMAL\599.jpg,0.8961387276649475,True
S000256,2,Preprocess_597\NORMAL\699.jpg,0.8304192423820496,False
S000256,3,Preprocess_597\NORMAL\693.jpg,0.8192549347877502,False
S000256,4,Preprocess_597\NORMAL\646.jpg,0.8123164176940918,False
S000256,5,Preprocess_597\NORMAL\703.jpg,0.8120023012161255,False
S000257,1,Preprocess_597\NORMAL\600.jpg,0.9222962856292725,True
S000257,2,Preprocess_597\NORMAL\590.jpg,0.8463316559791565,False
S000257,3,Preprocess_597\NORMAL\629.jpg,0.8439532518386841,False
S000257,4,Preprocess_597\NORMAL\636.jpg,0.8322828412055969,False
S000257,5,Preprocess_597\NORMAL\715.jpg,0.8238413333892822,False
S000258,1,Preprocess_597\NORMAL\601.jpg,0.9204767942428589,True
S000258,2,Preprocess_597\NORMAL\658.jpg,0.8423141241073608,False
S000258,3,Preprocess_597\NORMAL\666.jpg,0.8295591473579407,False
S000258,4,Preprocess_597\NORMAL\669.jpg,0.8273941278457642,False
S000258,5,Preprocess_597\NORMAL\640.jpg,0.8086081743240356,False
S000259,1,Preprocess_597\NORMAL\602.jpg,0.9014653563499451,True
S000259,2,Preprocess_597\NORMAL\661.jpg,0.8391026854515076,False
S000259,3,Preprocess_597\NORMAL\663.jpg,0.8390142321586609,False
S000259,4,Preprocess_597\NORMAL\691.jpg,0.8262414932250977,False
S000259,5,Preprocess_597\NORMAL\630.jpg,0.8202875852584839,False
S000260,1,Preprocess_597\NORMAL\603.jpg,0.8660939931869507,True
S000260,2,Preprocess_597\NORMAL\641.jpg,0.8232755064964294,False
S000260,3,Preprocess_597\NORMAL\690.jpg,0.8205583095550537,False
S000260,4,Preprocess_597\NORMAL\662.jpg,0.8181009292602539,False
S000260,5,Preprocess_597\NORMAL\664.jpg,0.8176267147064209,False
S000261,1,Preprocess_597\NORMAL\604.jpg,0.9130340814590454,True
S000261,2,Preprocess_597\NORMAL\593.jpg,0.8203755617141724,False
S000261,3,Preprocess_597\NORMAL\704.jpg,0.8190833926200867,False
S000261,4,Preprocess_597\NORMAL\584.jpg,0.8146723508834839,False
S000261,5,Preprocess_597\NORMAL\642.jpg,0.8003875017166138,False
S000262,1,Preprocess_597\NORMAL\605.jpg,0.8583699464797974,True
S000262,2,Preprocess_597\NORMAL\686.jpg,0.8318400979042053,False
S000262,3,Preprocess_597\NORMAL\628.jpg,0.7960771322250366,False
S000262,4,Preprocess_597\NORMAL\632.jpg,0.7895649075508118,False
S000262,5,Preprocess_597\NORMAL\687.jpg,0.7758691310882568,False
S000263,1,Preprocess_597\NORMAL\606.jpg,0.936252236366272,True
S000263,2,Preprocess_597\NORMAL\691.jpg,0.8605608940124512,False
S000263,3,Preprocess_597\NORMAL\623.jpg,0.8532165288925171,False
S000263,4,Preprocess_597\NORMAL\635.jpg,0.8469710350036621,False
S000263,5,Preprocess_597\NORMAL\591.jpg,0.8418971300125122,False
S000264,1,Preprocess_597\NORMAL\607.jpg,0.9110720157623291,True
S000264,2,Preprocess_597\NORMAL\651.jpg,0.8512997627258301,False
S000264,3,Preprocess_597\NORMAL\715.jpg,0.8430083394050598,False
S000264,4,Preprocess_597\NORMAL\597.jpg,0.8347851634025574,False
S000264,5,Preprocess_597\NORMAL\662.jpg,0.8330864310264587,False
S000265,1,Preprocess_597\NORMAL\608.jpg,0.8718326687812805,True
S000265,2,Preprocess_597\NORMAL\593.jpg,0.7867236733436584,False
S000265,3,Preprocess_597\NORMAL\598.jpg,0.7845646739006042,False
S000265,4,Preprocess_597\NORMAL\675.jpg,0.7814027667045593,False
S000265,5,Preprocess_597\NORMAL\674.jpg,0.7804411053657532,False
S000266,1,Preprocess_597\NORMAL\609.jpg,0.8875369429588318,True
S000266,2,Preprocess_597\NORMAL\594.jpg,0.7964237332344055,False
S000266,3,Preprocess_597\NORMAL\646.jpg,0.7905139923095703,False
S000266,4,Preprocess_597\NORMAL\611.jpg,0.7881578803062439,False
S000266,5,Preprocess_597\NORMAL\642.jpg,0.786626935005188,False
S000267,1,Preprocess_597\NORMAL\610.jpg,0.9094858169555664,True
S000267,2,Preprocess_597\NORMAL\681.jpg,0.8410421013832092,False
S000267,3,Preprocess_597\NORMAL\688.jpg,0.8305262327194214,False
S000267,4,Preprocess_597\NORMAL\716.png,0.8270555734634399,False
S000267,5,Preprocess_597\NORMAL\797.png,0.8220103979110718,False
S000268,1,Preprocess_597\NORMAL\611.jpg,0.8967501521110535,True
S000268,2,Preprocess_597\NORMAL\688.jpg,0.8148717284202576,False
S000268,3,Preprocess_597\NORMAL\646.jpg,0.803581953048706,False
S000268,4,Preprocess_597\NORMAL\694.jpg,0.7954505681991577,False
S000268,5,Preprocess_597\NORMAL\610.jpg,0.7933743596076965,False
S000269,1,Preprocess_597\NORMAL\612.jpg,0.8950334787368774,True
S000269,2,Preprocess_597\NORMAL\676.jpg,0.8859944939613342,False
S000269,3,Preprocess_597\NORMAL\647.jpg,0.8473531603813171,False
S000269,4,Preprocess_597\NORMAL\755.png,0.8299043774604797,False
S000269,5,Preprocess_597\NORMAL\615.jpg,0.8239133954048157,False
S000270,1,Preprocess_597\NORMAL\613.jpg,0.9287831783294678,True
S000270,2,Preprocess_597\NORMAL\620.jpg,0.8412109613418579,False
S000270,3,Preprocess_597\NORMAL\674.jpg,0.8294939994812012,False
S000270,4,Preprocess_597\NORMAL\652.jpg,0.8147284984588623,False
S000270,5,Preprocess_597\NORMAL\701.jpg,0.8075065612792969,False
S000271,1,Preprocess_597\NORMAL\614.jpg,0.9325934052467346,True
S000271,2,Preprocess_597\NORMAL\689.jpg,0.8714473843574524,False
S000271,3,Preprocess_597\NORMAL\591.jpg,0.852435827255249,False
S000271,4,Preprocess_597\NORMAL\691.jpg,0.8272420167922974,False
S000271,5,Preprocess_597\NORMAL\635.jpg,0.8266061544418335,False
S000272,1,Preprocess_597\NORMAL\615.jpg,0.888541042804718,True
S000272,2,Preprocess_597\NORMAL\703.jpg,0.8406097292900085,False
S000272,3,Preprocess_597\NORMAL\676.jpg,0.8383333086967468,False
S000272,4,Preprocess_597\NORMAL\647.jpg,0.8212295770645142,False
S000272,5,Preprocess_597\NORMAL\605.jpg,0.8082791566848755,False
S000273,1,Preprocess_597\NORMAL\616.jpg,0.8999961614608765,True
S000273,2,Preprocess_597\NORMAL\688.jpg,0.847606897354126,False
S000273,3,Preprocess_597\NORMAL\649.jpg,0.843908965587616,False
S000273,4,Preprocess_597\NORMAL\740.png,0.8286494612693787,False
S000273,5,Preprocess_597\NORMAL\610.jpg,0.8262226581573486,False
S000274,1,Preprocess_597\NORMAL\617.jpg,0.9252854585647583,True
S000274,2,Preprocess_597\NORMAL\700.jpg,0.8194098472595215,False
S000274,3,Preprocess_597\NORMAL\645.jpg,0.8023786544799805,False
S000274,4,Preprocess_597\NORMAL\699.jpg,0.7905105948448181,False
S000274,5,Preprocess_597\NORMAL\580.png,0.7828096747398376,False
S000275,1,Preprocess_597\NORMAL\618.jpg,0.9299771785736084,True
S000275,2,Preprocess_597\NORMAL\597.jpg,0.8488559126853943,False
S000275,3,Preprocess_597\NORMAL\692.jpg,0.8410519957542419,False
S000275,4,Preprocess_597\NORMAL\636.jpg,0.8361501097679138,False
S000275,5,Preprocess_597\NORMAL\662.jpg,0.833188533782959,False
S000276,1,Preprocess_597\NORMAL\619.jpg,0.8943160176277161,True
S000276,2,Preprocess_597\NORMAL\614.jpg,0.8217777609825134,False
S000276,3,Preprocess_597\NORMAL\689.jpg,0.8142116069793701,False
S000276,4,Preprocess_597\NORMAL\690.jpg,0.8071120977401733,False
S000276,5,Preprocess_597\NORMAL\663.jpg,0.8046787977218628,False
S000277,1,Preprocess_597\NORMAL\620.jpg,0.9390603303909302,True
S000277,2,Preprocess_597\NORMAL\613.jpg,0.8526594042778015,False
S000277,3,Preprocess_597\NORMAL\652.jpg,0.8317697644233704,False
S000277,4,Preprocess_597\NORMAL\615.jpg,0.8208875060081482,False
S000277,5,Preprocess_597\NORMAL\701.jpg,0.8194918632507324,False
S000278,1,Preprocess_597\NORMAL\621.jpg,0.9209282398223877,True
S000278,2,Preprocess_597\NORMAL\663.jpg,0.8323540687561035,False
S000278,3,Preprocess_597\NORMAL\689.jpg,0.8078910708427429,False
S000278,4,Preprocess_597\NORMAL\670.jpg,0.8040786385536194,False
S000278,5,Preprocess_597\NORMAL\596.jpg,0.8033717274665833,False
S000279,1,Preprocess_597\NORMAL\623.jpg,0.9484617710113525,True
S000279,2,Preprocess_597\NORMAL\661.jpg,0.8434727787971497,False
S000279,3,Preprocess_597\NORMAL\691.jpg,0.8388153910636902,False
S000279,4,Preprocess_597\NORMAL\614.jpg,0.8376538157463074,False
S000279,5,Preprocess_597\NORMAL\630.jpg,0.8358432054519653,False
S000280,1,Preprocess_597\NORMAL\624.jpg,0.9416573643684387,True
S000280,2,Preprocess_597\NORMAL\671.jpg,0.847511351108551,False
S000280,3,Preprocess_597\NORMAL\636.jpg,0.8298336863517761,False
S000280,4,Preprocess_597\NORMAL\600.jpg,0.8218106627464294,False
S000280,5,Preprocess_597\NORMAL\664.jpg,0.8177775144577026,False
S000281,1,Preprocess_597\NORMAL\625.jpg,0.8400260210037231,True
S000281,2,Preprocess_597\NORMAL\687.jpg,0.8023236393928528,False
S000281,3,Preprocess_597\NORMAL\681.jpg,0.7868654727935791,False
S000281,4,Preprocess_597\NORMAL\656.jpg,0.7404782176017761,False
S000281,5,Preprocess_597\NORMAL\747.png,0.7336623072624207,False
S000282,1,Preprocess_597\NORMAL\626.jpg,0.8604671955108643,True
S000282,2,Preprocess_597\NORMAL\694.jpg,0.8258400559425354,False
S000282,3,Preprocess_597\NORMAL\594.jpg,0.8204053640365601,False
S000282,4,Preprocess_597\NORMAL\677.jpg,0.8139004111289978,False
S000282,5,Preprocess_597\NORMAL\688.jpg,0.8006089925765991,False
S000283,1,Preprocess_597\NORMAL\627.jpg,0.9186115860939026,True
S000283,2,Preprocess_597\NORMAL\610.jpg,0.8408999443054199,False
S000283,3,Preprocess_597\NORMAL\642.jpg,0.8375136852264404,False
S000283,4,Preprocess_597\NORMAL\616.jpg,0.8369386792182922,False
S000283,5,Preprocess_597\NORMAL\694.jpg,0.8274147510528564,False
S000284,1,Preprocess_597\NORMAL\665.jpg,0.8353347778320312,False
S000284,2,Preprocess_597\NORMAL\628.jpg,0.8290941715240479,True
S000284,3,Preprocess_597\NORMAL\657.jpg,0.8163067698478699,False
S000284,4,Preprocess_597\NORMAL\686.jpg,0.7868123054504395,False
S000284,5,Preprocess_597\NORMAL\687.jpg,0.7800027132034302,False
S000285,1,Preprocess_597\NORMAL\629.jpg,0.9171841144561768,True
S000285,2,Preprocess_597\NORMAL\662.jpg,0.8489454388618469,False
S000285,3,Preprocess_597\NORMAL\590.jpg,0.8456564545631409,False
S000285,4,Preprocess_597\NORMAL\664.jpg,0.841803252696991,False
S000285,5,Preprocess_597\NORMAL\592.jpg,0.8284427523612976,False
S000286,1,Preprocess_597\NORMAL\630.jpg,0.909710705280304,True
S000286,2,Preprocess_597\NORMAL\663.jpg,0.8358389139175415,False
S000286,3,Preprocess_597\NORMAL\614.jpg,0.8311017751693726,False
S000286,4,Preprocess_597\NORMAL\695.jpg,0.8282454013824463,False
S000286,5,Preprocess_597\NORMAL\602.jpg,0.8245203495025635,False
S000287,1,Preprocess_597\NORMAL\631.jpg,0.9225748181343079,True
S000287,2,Preprocess_597\NORMAL\702.jpg,0.8708196878433228,False
S000287,3,Preprocess_597\NORMAL\626.jpg,0.824908971786499,False
S000287,4,Preprocess_597\NORMAL\696.jpg,0.8240675330162048,False
S000287,5,Preprocess_597\NORMAL\597.jpg,0.8224965929985046,False
S000288,1,Preprocess_597\NORMAL\632.jpg,0.8401670455932617,True
S000288,2,Preprocess_597\NORMAL\686.jpg,0.803569495677948,False
S000288,3,Preprocess_597\NORMAL\628.jpg,0.7691925764083862,False
S000288,4,Preprocess_597\NORMAL\585.jpg,0.7633678317070007,False
S000288,5,Preprocess_597\NORMAL\822.png,0.7444252371788025,False
S000289,1,Preprocess_597\NORMAL\633.jpg,0.9275310039520264,True
S000289,2,Preprocess_597\NORMAL\657.jpg,0.840289294719696,False
S000289,3,Preprocess_597\NORMAL\644.jpg,0.8142709732055664,False
S000289,4,Preprocess_597\NORMAL\658.jpg,0.8082361221313477,False
S000289,5,Preprocess_597\NORMAL\665.jpg,0.8069609999656677,False
S000290,1,Preprocess_597\NORMAL\634.jpg,0.8858638405799866,True
S000290,2,Preprocess_597\NORMAL\640.jpg,0.8270035982131958,False
S000290,3,Preprocess_597\NORMAL\669.jpg,0.8192381262779236,False
S000290,4,Preprocess_597\NORMAL\644.jpg,0.810606062412262,False
S000290,5,Preprocess_597\NORMAL\601.jpg,0.8045154213905334,False
S000291,1,Preprocess_597\NORMAL\635.jpg,0.911340594291687,True
S000291,2,Preprocess_597\NORMAL\691.jpg,0.8458990454673767,False
S000291,3,Preprocess_597\NORMAL\661.jpg,0.8330085873603821,False
S000291,4,Preprocess_597\NORMAL\602.jpg,0.8246415853500366,False
S000291,5,Preprocess_597\NORMAL\591.jpg,0.8218992352485657,False
S000292,1,Preprocess_597\NORMAL\636.jpg,0.9073370099067688,True
S000292,2,Preprocess_597\NORMAL\654.jpg,0.865585446357727,False
S000292,3,Preprocess_597\NORMAL\696.jpg,0.8491852283477783,False
S000292,4,Preprocess_597\NORMAL\600.jpg,0.8437016010284424,False
S000292,5,Preprocess_597\NORMAL\595.jpg,0.8380524516105652,False
S000293,1,Preprocess_597\NORMAL\637.jpg,0.9065268039703369,True
S000293,2,Preprocess_597\NORMAL\606.jpg,0.8735218048095703,False
S000293,3,Preprocess_597\NORMAL\643.jpg,0.8446170687675476,False
S000293,4,Preprocess_597\NORMAL\614.jpg,0.8348931074142456,False
S000293,5,Preprocess_597\NORMAL\591.jpg,0.8248280882835388,False
S000294,1,Preprocess_597\NORMAL\638.jpg,0.9302167296409607,True
S000294,2,Preprocess_597\NORMAL\592.jpg,0.8196998238563538,False
S000294,3,Preprocess_597\NORMAL\641.jpg,0.8193671703338623,False
S000294,4,Preprocess_597\NORMAL\673.jpg,0.8092362880706787,False
S000294,5,Preprocess_597\NORMAL\662.jpg,0.8034616112709045,False
S000295,1,Preprocess_597\NORMAL\639.jpg,0.8856672048568726,True
S000295,2,Preprocess_597\NORMAL\586.jpg,0.7865910530090332,False
S000295,3,Preprocess_597\NORMAL\700.jpg,0.7843973636627197,False
S000295,4,Preprocess_597\NORMAL\682.jpg,0.7806487679481506,False
S000295,5,Preprocess_597\NORMAL\678.jpg,0.7763448357582092,False
S000296,1,Preprocess_597\NORMAL\640.jpg,0.9263854622840881,True
S000296,2,Preprocess_597\NORMAL\668.jpg,0.8304710388183594,False
S000296,3,Preprocess_597\NORMAL\644.jpg,0.8206411004066467,False
S000296,4,Preprocess_597\NORMAL\658.jpg,0.8096299171447754,False
S000296,5,Preprocess_597\NORMAL\669.jpg,0.807309627532959,False
S000297,1,Preprocess_597\NORMAL\641.jpg,0.9127418994903564,True
S000297,2,Preprocess_597\NORMAL\662.jpg,0.8348662257194519,False
S000297,3,Preprocess_597\NORMAL\654.jpg,0.8288385272026062,False
S000297,4,Preprocess_597\NORMAL\592.jpg,0.8211610317230225,False
S000297,5,Preprocess_597\NORMAL\636.jpg,0.8208640813827515,False
S000298,1,Preprocess_597\NORMAL\642.jpg,0.8754616379737854,True
S000298,2,Preprocess_597\NORMAL\694.jpg,0.8246212601661682,False
S000298,3,Preprocess_597\NORMAL\677.jpg,0.8174105882644653,False
S000298,4,Preprocess_597\NORMAL\611.jpg,0.8130559921264648,False
S000298,5,Preprocess_597\NORMAL\688.jpg,0.8107267022132874,False
S000299,1,Preprocess_597\NORMAL\643.jpg,0.9327921271324158,True
S000299,2,Preprocess_597\NORMAL\695.jpg,0.8215872645378113,False
S000299,3,Preprocess_597\NORMAL\697.jpg,0.816078245639801,False
S000299,4,Preprocess_597\NORMAL\606.jpg,0.8160185217857361,False
S000299,5,Preprocess_597\NORMAL\614.jpg,0.8149852156639099,False
S000300,1,Preprocess_597\NORMAL\644.jpg,0.9548916816711426,True
S000300,2,Preprocess_597\NORMAL\668.jpg,0.8531205058097839,False
S000300,3,Preprocess_597\NORMAL\657.jpg,0.8306896686553955,False
S000300,4,Preprocess_597\NORMAL\665.jpg,0.826411247253418,False
S000300,5,Preprocess_597\NORMAL\640.jpg,0.8107108473777771,False
S000301,1,Preprocess_597\NORMAL\645.jpg,0.8835482001304626,True
S000301,2,Preprocess_597\NORMAL\700.jpg,0.8022384643554688,False
S000301,3,Preprocess_597\NORMAL\655.jpg,0.7994057536125183,False
S000301,4,Preprocess_597\NORMAL\613.jpg,0.7922513484954834,False
S000301,5,Preprocess_597\NORMAL\639.jpg,0.7873533964157104,False
S000302,1,Preprocess_597\NORMAL\646.jpg,0.8902245759963989,True
S000302,2,Preprocess_597\NORMAL\610.jpg,0.8045072555541992,False
S000302,3,Preprocess_597\NORMAL\594.jpg,0.7998969554901123,False
S000302,4,Preprocess_597\NORMAL\694.jpg,0.7977170348167419,False
S000302,5,Preprocess_597\NORMAL\645.jpg,0.7937363982200623,False
S000303,1,Preprocess_597\NORMAL\647.jpg,0.886603057384491,True
S000303,2,Preprocess_597\NORMAL\744.png,0.8173181414604187,False
S000303,3,Preprocess_597\NORMAL\703.jpg,0.8122813105583191,False
S000303,4,Preprocess_597\NORMAL\801.png,0.8085891008377075,False
S000303,5,Preprocess_597\NORMAL\632.jpg,0.8062607049942017,False
S000304,1,Preprocess_597\NORMAL\648.jpg,0.8895021080970764,True
S000304,2,Preprocess_597\NORMAL\582.jpg,0.8256977796554565,False
S000304,3,Preprocess_597\NORMAL\608.jpg,0.7948320508003235,False
S000304,4,Preprocess_597\NORMAL\609.jpg,0.7907049655914307,False
S000304,5,Preprocess_597\NORMAL\593.jpg,0.7882036566734314,False
S000305,1,Preprocess_597\NORMAL\649.jpg,0.8856095671653748,True
S000305,2,Preprocess_597\NORMAL\747.png,0.8151028752326965,False
S000305,3,Preprocess_597\NORMAL\625.jpg,0.8108331561088562,False
S000305,4,Preprocess_597\NORMAL\748.png,0.8093165755271912,False
S000305,5,Preprocess_597\NORMAL\731.png,0.808861255645752,False
S000306,1,Preprocess_597\NORMAL\650.jpg,0.920904815196991,True
S000306,2,Preprocess_597\NORMAL\663.jpg,0.831712007522583,False
S000306,3,Preprocess_597\NORMAL\614.jpg,0.824036180973053,False
S000306,4,Preprocess_597\NORMAL\606.jpg,0.8160632252693176,False
S000306,5,Preprocess_597\NORMAL\689.jpg,0.8129025101661682,False
S000307,1,Preprocess_597\NORMAL\651.jpg,0.9062156677246094,True
S000307,2,Preprocess_597\NORMAL\597.jpg,0.8247135877609253,False
S000307,3,Preprocess_597\NORMAL\715.jpg,0.8215542435646057,False
S000307,4,Preprocess_597\NORMAL\607.jpg,0.821516215801239,False
S000307,5,Preprocess_597\NORMAL\600.jpg,0.8204202055931091,False
S000308,1,Preprocess_597\NORMAL\652.jpg,0.8843222260475159,True
S000308,2,Preprocess_597\NORMAL\612.jpg,0.8441062569618225,False
S000308,3,Preprocess_597\NORMAL\693.jpg,0.8318044543266296,False
S000308,4,Preprocess_597\NORMAL\659.jpg,0.8261550664901733,False
S000308,5,Preprocess_597\NORMAL\620.jpg,0.8139874339103699,False
S000309,1,Preprocess_597\NORMAL\653.jpg,0.9020117521286011,True
S000309,2,Preprocess_597\NORMAL\693.jpg,0.8211292624473572,False
S000309,3,Preprocess_597\NORMAL\612.jpg,0.8164895176887512,False
S000309,4,Preprocess_597\NORMAL\593.jpg,0.8140209317207336,False
S000309,5,Preprocess_597\NORMAL\631.jpg,0.7997182011604309,False
S000310,1,Preprocess_597\NORMAL\654.jpg,0.9061128497123718,True
S000310,2,Preprocess_597\NORMAL\631.jpg,0.8324547410011292,False
S000310,3,Preprocess_597\NORMAL\702.jpg,0.828498125076294,False
S000310,4,Preprocess_597\NORMAL\696.jpg,0.8283329606056213,False
S000310,5,Preprocess_597\NORMAL\597.jpg,0.8223660588264465,False
S000311,1,Preprocess_597\NORMAL\655.jpg,0.8939093947410583,True
S000311,2,Preprocess_597\NORMAL\647.jpg,0.8406727313995361,False
S000311,3,Preprocess_597\NORMAL\699.jpg,0.8220475912094116,False
S000311,4,Preprocess_597\NORMAL\599.jpg,0.819665253162384,False
S000311,5,Preprocess_597\NORMAL\822.png,0.8173447251319885,False
S000312,1,Preprocess_597\NORMAL\656.jpg,0.9105483293533325,True
S000312,2,Preprocess_597\NORMAL\803.png,0.8365796804428101,False
S000312,3,Preprocess_597\NORMAL\716.png,0.8360224366188049,False
S000312,4,Preprocess_597\NORMAL\787.png,0.8320080041885376,False
S000312,5,Preprocess_597\NORMAL\821.png,0.8256601691246033,False
S000313,1,Preprocess_597\NORMAL\657.jpg,0.8996445536613464,True
S000313,2,Preprocess_597\NORMAL\668.jpg,0.8657238483428955,False
S000313,3,Preprocess_597\NORMAL\644.jpg,0.8464619517326355,False
S000313,4,Preprocess_597\NORMAL\665.jpg,0.8341599106788635,False
S000313,5,Preprocess_597\NORMAL\640.jpg,0.7803971767425537,False
S000314,1,Preprocess_597\NORMAL\658.jpg,0.9288605451583862,True
S000314,2,Preprocess_597\NORMAL\601.jpg,0.8609252572059631,False
S000314,3,Preprocess_597\NORMAL\669.jpg,0.8457462787628174,False
S000314,4,Preprocess_597\NORMAL\640.jpg,0.8239067792892456,False
S000314,5,Preprocess_597\NORMAL\666.jpg,0.823441743850708,False
S000315,1,Preprocess_597\NORMAL\659.jpg,0.8863800764083862,True
S000315,2,Preprocess_597\NORMAL\676.jpg,0.8270057439804077,False
S000315,3,Preprocess_597\NORMAL\645.jpg,0.8134260177612305,False
S000315,4,Preprocess_597\NORMAL\615.jpg,0.8118708729743958,False
S000315,5,Preprocess_597\NORMAL\699.jpg,0.8099986910820007,False
S000316,1,Preprocess_597\NORMAL\660.jpg,0.8335437178611755,True
S000316,2,Preprocess_597\NORMAL\649.jpg,0.8042368292808533,False
S000316,3,Preprocess_597\NORMAL\559.png,0.8020576238632202,False
S000316,4,Preprocess_597\NORMAL\735.png,0.7993162274360657,False
S000316,5,Preprocess_597\NORMAL\699.jpg,0.796282172203064,False
S000317,1,Preprocess_597\NORMAL\661.jpg,0.915653645992279,True
S000317,2,Preprocess_597\NORMAL\591.jpg,0.8720450401306152,False
S000317,3,Preprocess_597\NORMAL\689.jpg,0.863352358341217,False
S000317,4,Preprocess_597\NORMAL\635.jpg,0.8613706827163696,False
S000317,5,Preprocess_597\NORMAL\614.jpg,0.8520624041557312,False
S000318,1,Preprocess_597\NORMAL\662.jpg,0.9132416844367981,True
S000318,2,Preprocess_597\NORMAL\592.jpg,0.8435530662536621,False
S000318,3,Preprocess_597\NORMAL\629.jpg,0.8425580263137817,False
S000318,4,Preprocess_597\NORMAL\600.jpg,0.8410702347755432,False
S000318,5,Preprocess_597\NORMAL\664.jpg,0.8329712152481079,False
S000319,1,Preprocess_597\NORMAL\663.jpg,0.9356142282485962,True
S000319,2,Preprocess_597\NORMAL\602.jpg,0.838957667350769,False
S000319,3,Preprocess_597\NORMAL\661.jpg,0.8306132555007935,False
S000319,4,Preprocess_597\NORMAL\630.jpg,0.8217507600784302,False
S000319,5,Preprocess_597\NORMAL\689.jpg,0.8103115558624268,False
S000320,1,Preprocess_597\NORMAL\664.jpg,0.8903694748878479,True
S000320,2,Preprocess_597\NORMAL\629.jpg,0.8354538083076477,False
S000320,3,Preprocess_597\NORMAL\662.jpg,0.8263862133026123,False
S000320,4,Preprocess_597\NORMAL\592.jpg,0.8141356706619263,False
S000320,5,Preprocess_597\NORMAL\689.jpg,0.8109627962112427,False
S000321,1,Preprocess_597\NORMAL\665.jpg,0.9149646759033203,True
S000321,2,Preprocess_597\NORMAL\644.jpg,0.8388534188270569,False
S000321,3,Preprocess_597\NORMAL\657.jpg,0.829383134841919,False
S000321,4,Preprocess_597\NORMAL\668.jpg,0.8265812993049622,False
S000321,5,Preprocess_597\NORMAL\669.jpg,0.8208156228065491,False
S000322,1,Preprocess_597\NORMAL\666.jpg,0.9240490198135376,True
S000322,2,Preprocess_597\NORMAL\601.jpg,0.8377553224563599,False
S000322,3,Preprocess_597\NORMAL\658.jpg,0.8366774320602417,False
S000322,4,Preprocess_597\NORMAL\640.jpg,0.8260975480079651,False
S000322,5,Preprocess_597\NORMAL\669.jpg,0.8155760169029236,False
S000323,1,Preprocess_597\NORMAL\668.jpg,0.9400113224983215,True
S000323,2,Preprocess_597\NORMAL\644.jpg,0.8438595533370972,False
S000323,3,Preprocess_597\NORMAL\640.jpg,0.8158783316612244,False
S000323,4,Preprocess_597\NORMAL\657.jpg,0.8027850985527039,False
S000323,5,Preprocess_597\NORMAL\601.jpg,0.7939538359642029,False
S000324,1,Preprocess_597\NORMAL\669.jpg,0.9598650932312012,True
S000324,2,Preprocess_597\NORMAL\658.jpg,0.8226572275161743,False
S000324,3,Preprocess_597\NORMAL\640.jpg,0.8180220127105713,False
S000324,4,Preprocess_597\NORMAL\666.jpg,0.8125062584877014,False
S000324,5,Preprocess_597\NORMAL\644.jpg,0.8083818554878235,False
S000325,1,Preprocess_597\NORMAL\670.jpg,0.9080402255058289,True
S000325,2,Preprocess_597\NORMAL\591.jpg,0.8284385204315186,False
S000325,3,Preprocess_597\NORMAL\652.jpg,0.8233396410942078,False
S000325,4,Preprocess_597\NORMAL\653.jpg,0.8159266710281372,False
S000325,5,Preprocess_597\NORMAL\789.png,0.8157755136489868,False
S000326,1,Preprocess_597\NORMAL\671.jpg,0.910615861415863,True
S000326,2,Preprocess_597\NORMAL\662.jpg,0.8490347266197205,False
S000326,3,Preprocess_597\NORMAL\597.jpg,0.8412527441978455,False
S000326,4,Preprocess_597\NORMAL\600.jpg,0.8166858553886414,False
S000326,5,Preprocess_597\NORMAL\629.jpg,0.8164955377578735,False
S000327,1,Preprocess_597\NORMAL\672.jpg,0.91434645652771,True
S000327,2,Preprocess_597\NORMAL\643.jpg,0.7726402878761292,False
S000327,3,Preprocess_597\NORMAL\638.jpg,0.7674432396888733,False
S000327,4,Preprocess_597\NORMAL\637.jpg,0.7616007924079895,False
S000327,5,Preprocess_597\NORMAL\697.jpg,0.7554227709770203,False
S000328,1,Preprocess_597\NORMAL\673.jpg,0.91037517786026,True
S000328,2,Preprocess_597\NORMAL\692.jpg,0.8112145066261292,False
S000328,3,Preprocess_597\NORMAL\618.jpg,0.8023059368133545,False
S000328,4,Preprocess_597\NORMAL\638.jpg,0.7998945713043213,False
S000328,5,Preprocess_597\NORMAL\589.jpg,0.7992647290229797,False
S000329,1,Preprocess_597\NORMAL\674.jpg,0.9032265543937683,True
S000329,2,Preprocess_597\NORMAL\613.jpg,0.8356894254684448,False
S000329,3,Preprocess_597\NORMAL\591.jpg,0.8344589471817017,False
S000329,4,Preprocess_597\NORMAL\608.jpg,0.8320804238319397,False
S000329,5,Preprocess_597\NORMAL\689.jpg,0.8113422393798828,False
S000330,1,Preprocess_597\NORMAL\675.jpg,0.8853849172592163,True
S000330,2,Preprocess_597\NORMAL\598.jpg,0.8208814263343811,False
S000330,3,Preprocess_597\NORMAL\608.jpg,0.8002454042434692,False
S000330,4,Preprocess_597\NORMAL\604.jpg,0.7967633605003357,False
S000330,5,Preprocess_597\NORMAL\609.jpg,0.7883755564689636,False
S000331,1,Preprocess_597\NORMAL\676.jpg,0.8953849077224731,True
S000331,2,Preprocess_597\NORMAL\647.jpg,0.826069176197052,False
S000331,3,Preprocess_597\NORMAL\699.jpg,0.8114320635795593,False
S000331,4,Preprocess_597\NORMAL\755.png,0.7977690100669861,False
S000331,5,Preprocess_597\NORMAL\801.png,0.7962597012519836,False
S000332,1,Preprocess_597\NORMAL\677.jpg,0.925900936126709,True
S000332,2,Preprocess_597\NORMAL\656.jpg,0.8160533905029297,False
S000332,3,Preprocess_597\NORMAL\676.jpg,0.8114899396896362,False
S000332,4,Preprocess_597\NORMAL\649.jpg,0.8078522086143494,False
S000332,5,Preprocess_597\NORMAL\594.jpg,0.8072606921195984,False
S000333,1,Preprocess_597\NORMAL\678.jpg,0.8981791138648987,True
S000333,2,Preprocess_597\NORMAL\703.jpg,0.8175581693649292,False
S000333,3,Preprocess_597\NORMAL\564.png,0.8116236329078674,False
S000333,4,Preprocess_597\NORMAL\820.png,0.8069940209388733,False
S000333,5,Preprocess_597\NORMAL\558.png,0.8036835193634033,False
S000334,1,Preprocess_597\NORMAL\679.jpg,0.890870213508606,True
S000334,2,Preprocess_597\NORMAL\703.jpg,0.7884958982467651,False
S000334,3,Preprocess_597\NORMAL\605.jpg,0.7879690527915955,False
S000334,4,Preprocess_597\NORMAL\747.png,0.7874043583869934,False
S000334,5,Preprocess_597\NORMAL\748.png,0.7862171530723572,False
S000335,1,Preprocess_597\NORMAL\680.jpg,0.9146150350570679,True
S000335,2,Preprocess_597\NORMAL\681.jpg,0.8120245337486267,False
S000335,3,Preprocess_597\NORMAL\628.jpg,0.7945478558540344,False
S000335,4,Preprocess_597\NORMAL\585.jpg,0.7901139855384827,False
S000335,5,Preprocess_597\NORMAL\610.jpg,0.7862929105758667,False
S000336,1,Preprocess_597\NORMAL\681.jpg,0.9067493677139282,True
S000336,2,Preprocess_597\NORMAL\687.jpg,0.8130403161048889,False
S000336,3,Preprocess_597\NORMAL\610.jpg,0.8039673566818237,False
S000336,4,Preprocess_597\NORMAL\683.jpg,0.7967516779899597,False
S000336,5,Preprocess_597\NORMAL\680.jpg,0.7894734144210815,False
S000337,1,Preprocess_597\NORMAL\682.jpg,0.8632383942604065,True
S000337,2,Preprocess_597\NORMAL\669.jpg,0.7466524243354797,False
S000337,3,Preprocess_597\NORMAL\657.jpg,0.7384796738624573,False
S000337,4,Preprocess_597\NORMAL\640.jpg,0.7358068823814392,False
S000337,5,Preprocess_597\NORMAL\665.jpg,0.7341893911361694,False
S000338,1,Preprocess_597\NORMAL\683.jpg,0.9093397855758667,True
S000338,2,Preprocess_597\NORMAL\669.jpg,0.7848095297813416,False
S000338,3,Preprocess_597\NORMAL\666.jpg,0.7712156176567078,False
S000338,4,Preprocess_597\NORMAL\644.jpg,0.7674862146377563,False
S000338,5,Preprocess_597\NORMAL\640.jpg,0.7546451091766357,False
S000339,1,Preprocess_597\NORMAL\684.jpg,0.8736833930015564,True
S000339,2,Preprocess_597\NORMAL\710.jpg,0.8196676969528198,False
S000339,3,Preprocess_597\NORMAL\653.jpg,0.8145803213119507,False
S000339,4,Preprocess_597\NORMAL\597.jpg,0.8065073490142822,False
S000339,5,Preprocess_597\NORMAL\654.jpg,0.8042572140693665,False
S000340,1,Preprocess_597\NORMAL\685.jpg,0.8900696635246277,True
S000340,2,Preprocess_597\NORMAL\595.jpg,0.8362876176834106,False
S000340,3,Preprocess_597\NORMAL\627.jpg,0.8293203115463257,False
S000340,4,Preprocess_597\NORMAL\702.jpg,0.8269968032836914,False
S000340,5,Preprocess_597\NORMAL\642.jpg,0.8267307281494141,False
S000341,1,Preprocess_597\NORMAL\686.jpg,0.8986741304397583,True
S000341,2,Preprocess_597\NORMAL\657.jpg,0.8028303980827332,False
S000341,3,Preprocess_597\NORMAL\665.jpg,0.7972553968429565,False
S000341,4,Preprocess_597\NORMAL\585.jpg,0.786192774772644,False
S000341,5,Preprocess_597\NORMAL\687.jpg,0.7819656133651733,False
S000342,1,Preprocess_597\NORMAL\687.jpg,0.9002186059951782,True
S000342,2,Preprocess_597\NORMAL\686.jpg,0.7930813431739807,False
S000342,3,Preprocess_597\NORMAL\681.jpg,0.7820667624473572,False
S000342,4,Preprocess_597\NORMAL\671.jpg,0.7572001814842224,False
S000342,5,Preprocess_597\NORMAL\658.jpg,0.7553852200508118,False
S000343,1,Preprocess_597\NORMAL\688.jpg,0.8854843974113464,True
S000343,2,Preprocess_597\NORMAL\763.png,0.8324957489967346,False
S000343,3,Preprocess_597\NORMAL\797.png,0.8258885145187378,False
S000343,4,Preprocess_597\NORMAL\748.png,0.8243512511253357,False
S000343,5,Preprocess_597\NORMAL\743.png,0.8092386722564697,False
S000344,1,Preprocess_597\NORMAL\689.jpg,0.924310028553009,True
S000344,2,Preprocess_597\NORMAL\614.jpg,0.8782221674919128,False
S000344,3,Preprocess_597\NORMAL\591.jpg,0.8371416330337524,False
S000344,4,Preprocess_597\NORMAL\691.jpg,0.8320026993751526,False
S000344,5,Preprocess_597\NORMAL\661.jpg,0.827536404132843,False
S000345,1,Preprocess_597\NORMAL\690.jpg,0.9123034477233887,True
S000345,2,Preprocess_597\NORMAL\592.jpg,0.8261017203330994,False
S000345,3,Preprocess_597\NORMAL\664.jpg,0.8090831637382507,False
S000345,4,Preprocess_597\NORMAL\641.jpg,0.8085669279098511,False
S000345,5,Preprocess_597\NORMAL\629.jpg,0.8044615983963013,False
S000346,1,Preprocess_597\NORMAL\691.jpg,0.9271071553230286,True
S000346,2,Preprocess_597\NORMAL\635.jpg,0.8792737126350403,False
S000346,3,Preprocess_597\NORMAL\661.jpg,0.8604381084442139,False
S000346,4,Preprocess_597\NORMAL\602.jpg,0.8460486531257629,False
S000346,5,Preprocess_597\NORMAL\614.jpg,0.8399025797843933,False
S000347,1,Preprocess_597\NORMAL\692.jpg,0.9076029658317566,True
S000347,2,Preprocess_597\NORMAL\696.jpg,0.8608159422874451,False
S000347,3,Preprocess_597\NORMAL\654.jpg,0.855983316898346,False
S000347,4,Preprocess_597\NORMAL\597.jpg,0.8487988114356995,False
S000347,5,Preprocess_597\NORMAL\607.jpg,0.8436471223831177,False
S000348,1,Preprocess_597\NORMAL\693.jpg,0.8756932020187378,True
S000348,2,Preprocess_597\NORMAL\599.jpg,0.8543432354927063,False
S000348,3,Preprocess_597\NORMAL\647.jpg,0.8338412046432495,False
S000348,4,Preprocess_597\NORMAL\676.jpg,0.8167532086372375,False
S000348,5,Preprocess_597\NORMAL\699.jpg,0.815095067024231,False
S000349,1,Preprocess_597\NORMAL\694.jpg,0.8515609502792358,True
S000349,2,Preprocess_597\NORMAL\688.jpg,0.820475697517395,False
S000349,3,Preprocess_597\NORMAL\610.jpg,0.8054407238960266,False
S000349,4,Preprocess_597\NORMAL\826.png,0.8008169531822205,False
S000349,5,Preprocess_597\NORMAL\754.png,0.7985730171203613,False
S000350,1,Preprocess_597\NORMAL\695.jpg,0.9051418900489807,True
S000350,2,Preprocess_597\NORMAL\614.jpg,0.8222559690475464,False
S000350,3,Preprocess_597\NORMAL\691.jpg,0.819124162197113,False
S000350,4,Preprocess_597\NORMAL\697.jpg,0.814208984375,False
S000350,5,Preprocess_597\NORMAL\643.jpg,0.813495934009552,False
S000351,1,Preprocess_597\NORMAL\696.jpg,0.9279994964599609,True
S000351,2,Preprocess_597\NORMAL\636.jpg,0.8500993847846985,False
S000351,3,Preprocess_597\NORMAL\597.jpg,0.846870481967926,False
S000351,4,Preprocess_597\NORMAL\654.jpg,0.8411566019058228,False
S000351,5,Preprocess_597\NORMAL\692.jpg,0.8383869528770447,False
S000352,1,Preprocess_597\NORMAL\697.jpg,0.8604611158370972,True
S000352,2,Preprocess_597\NORMAL\689.jpg,0.7943238615989685,False
S000352,3,Preprocess_597\NORMAL\623.jpg,0.7877634167671204,False
S000352,4,Preprocess_597\NORMAL\614.jpg,0.7778927087783813,False
S000352,5,Preprocess_597\NORMAL\695.jpg,0.7765381336212158,False
S000353,1,Preprocess_597\NORMAL\698.jpg,0.9167389869689941,True
S000353,2,Preprocess_597\NORMAL\662.jpg,0.8129947781562805,False
S000353,3,Preprocess_597\NORMAL\614.jpg,0.811810314655304,False
S000353,4,Preprocess_597\NORMAL\590.jpg,0.8114688992500305,False
S000353,5,Preprocess_597\NORMAL\624.jpg,0.8040870428085327,False
S000354,1,Preprocess_597\NORMAL\699.jpg,0.893883466720581,True
S000354,2,Preprocess_597\NORMAL\645.jpg,0.8300514817237854,False
S000354,3,Preprocess_597\NORMAL\599.jpg,0.8264760971069336,False
S000354,4,Preprocess_597\NORMAL\676.jpg,0.8136249780654907,False
S000354,5,Preprocess_597\NORMAL\655.jpg,0.8018593192100525,False
S000355,1,Preprocess_597\NORMAL\700.jpg,0.9167478084564209,True
S000355,2,Preprocess_597\NORMAL\645.jpg,0.8612958788871765,False
S000355,3,Preprocess_597\NORMAL\646.jpg,0.8161756992340088,False
S000355,4,Preprocess_597\NORMAL\699.jpg,0.7961991429328918,False
S000355,5,Preprocess_597\NORMAL\608.jpg,0.7854619026184082,False
S000356,1,Preprocess_597\NORMAL\701.jpg,0.9183669686317444,True
S000356,2,Preprocess_597\NORMAL\613.jpg,0.8354332447052002,False
S000356,3,Preprocess_597\NORMAL\620.jpg,0.820671021938324,False
S000356,4,Preprocess_597\NORMAL\670.jpg,0.8206117749214172,False
S000356,5,Preprocess_597\NORMAL\652.jpg,0.8192611336708069,False
S000357,1,Preprocess_597\NORMAL\702.jpg,0.9460949897766113,True
S000357,2,Preprocess_597\NORMAL\631.jpg,0.852951169013977,False
S000357,3,Preprocess_597\NORMAL\626.jpg,0.8255986571311951,False
S000357,4,Preprocess_597\NORMAL\597.jpg,0.8189491033554077,False
S000357,5,Preprocess_597\NORMAL\696.jpg,0.8186997771263123,False
S000358,1,Preprocess_597\NORMAL\703.jpg,0.8943932056427002,True
S000358,2,Preprocess_597\NORMAL\573.png,0.7830209136009216,False
S000358,3,Preprocess_597\NORMAL\628.jpg,0.7807539701461792,False
S000358,4,Preprocess_597\NORMAL\731.png,0.7766456007957458,False
S000358,5,Preprocess_597\NORMAL\575.png,0.7739890813827515,False
S000359,1,Preprocess_597\NORMAL\704.jpg,0.8539645671844482,True
S000359,2,Preprocess_597\NORMAL\703.jpg,0.8354285955429077,False
S000359,3,Preprocess_597\NORMAL\649.jpg,0.8113865256309509,False
S000359,4,Preprocess_597\NORMAL\679.jpg,0.8083840012550354,False
S000359,5,Preprocess_597\NORMAL\584.jpg,0.7943204045295715,False
S000360,1,Preprocess_597\NORMAL\710.jpg,0.8880674242973328,True
S000360,2,Preprocess_597\NORMAL\620.jpg,0.816169023513794,False
S000360,3,Preprocess_597\NORMAL\626.jpg,0.8076302409172058,False
S000360,4,Preprocess_597\NORMAL\711.jpg,0.801902174949646,False
S000360,5,Preprocess_597\NORMAL\653.jpg,0.7963544130325317,False
S000361,1,Preprocess_597\NORMAL\711.jpg,0.8880126476287842,True
S000361,2,Preprocess_597\NORMAL\659.jpg,0.8212305307388306,False
S000361,3,Preprocess_597\NORMAL\655.jpg,0.8103774189949036,False
S000361,4,Preprocess_597\NORMAL\677.jpg,0.8098194599151611,False
S000361,5,Preprocess_597\NORMAL\676.jpg,0.809041440486908,False
S000362,1,Preprocess_597\NORMAL\714.jpg,0.8975862264633179,True
S000362,2,Preprocess_597\NORMAL\631.jpg,0.8204145431518555,False
S000362,3,Preprocess_597\NORMAL\626.jpg,0.8198671340942383,False
S000362,4,Preprocess_597\NORMAL\608.jpg,0.819124698638916,False
S000362,5,Preprocess_597\NORMAL\612.jpg,0.8163607120513916,False
S000363,1,Preprocess_597\NORMAL\715.jpg,0.9076288938522339,True
S000363,2,Preprocess_597\NORMAL\654.jpg,0.8499923348426819,False
S000363,3,Preprocess_597\NORMAL\600.jpg,0.8316094875335693,False
S000363,4,Preprocess_597\NORMAL\662.jpg,0.8264377117156982,False
S000363,5,Preprocess_597\NORMAL\592.jpg,0.8200106620788574,False
S000473,1,Preprocess_597\NORMAL\550.png,0.8567433953285217,True
S000473,2,Preprocess_597\NORMAL\564.png,0.8531317114830017,False
S000473,3,Preprocess_597\NORMAL\558.png,0.8518909215927124,False
S000473,4,Preprocess_597\NORMAL\575.png,0.8457135558128357,False
S000473,5,Preprocess_597\NORMAL\800.png,0.8238227963447571,False
S000474,1,Preprocess_597\NORMAL\551.png,0.8694419264793396,True
S000474,2,Preprocess_597\NORMAL\575.png,0.8654911518096924,False
S000474,3,Preprocess_597\NORMAL\564.png,0.8633944988250732,False
S000474,4,Preprocess_597\NORMAL\558.png,0.8569211363792419,False
S000474,5,Preprocess_597\NORMAL\800.png,0.8531044721603394,False
S000475,1,Preprocess_597\NORMAL\552.png,0.8887801170349121,True
S000475,2,Preprocess_597\NORMAL\834.png,0.8161749839782715,False
S000475,3,Preprocess_597\NORMAL\560.png,0.8133576512336731,False
S000475,4,Preprocess_597\NORMAL\838.png,0.8095512390136719,False
S000475,5,Preprocess_597\NORMAL\554.png,0.8063916563987732,False
S000476,1,Preprocess_597\NORMAL\553.png,0.8642097115516663,True
S000476,2,Preprocess_597\NORMAL\705.png,0.821620523929596,False
S000476,3,Preprocess_597\NORMAL\554.png,0.8149743676185608,False
S000476,4,Preprocess_597\NORMAL\646.jpg,0.8091669678688049,False
S000476,5,Preprocess_597\NORMAL\766.png,0.8058223128318787,False
S000477,1,Preprocess_597\NORMAL\554.png,0.8764752745628357,True
S000477,2,Preprocess_597\NORMAL\820.png,0.8274821043014526,False
S000477,3,Preprocess_597\NORMAL\625.jpg,0.8117330074310303,False
S000477,4,Preprocess_597\NORMAL\559.png,0.8093599677085876,False
S000477,5,Preprocess_597\NORMAL\632.jpg,0.8049777746200562,False
S000478,1,Preprocess_597\NORMAL\571.png,0.8669831156730652,False
S000478,2,Preprocess_597\NORMAL\555.png,0.8551543354988098,True
S000478,3,Preprocess_597\NORMAL\705.png,0.8454378843307495,False
S000478,4,Preprocess_597\NORMAL\833.png,0.8304930925369263,False
S000478,5,Preprocess_597\NORMAL\578.png,0.8148350715637207,False
S000479,1,Preprocess_597\NORMAL\556.png,0.8662879467010498,True
S000479,2,Preprocess_597\NORMAL\563.png,0.8483958840370178,False
S000479,3,Preprocess_597\NORMAL\562.png,0.8440717458724976,False
S000479,4,Preprocess_597\NORMAL\569.png,0.8360806107521057,False
S000479,5,Preprocess_597\NORMAL\581.png,0.8270512223243713,False
S000480,1,Preprocess_597\NORMAL\557.png,0.8637786507606506,True
S000480,2,Preprocess_597\NORMAL\551.png,0.8502417802810669,False
S000480,3,Preprocess_597\NORMAL\578.png,0.8367959856987,False
S000480,4,Preprocess_597\NORMAL\838.png,0.8327291011810303,False
S000480,5,Preprocess_597\NORMAL\800.png,0.8296756148338318,False
S000481,1,Preprocess_597\NORMAL\558.png,0.8271441459655762,True
S000481,2,Preprocess_597\NORMAL\573.png,0.8026325106620789,False
S000481,3,Preprocess_597\NORMAL\625.jpg,0.7838563323020935,False
S000481,4,Preprocess_597\NORMAL\836.png,0.7783682346343994,False
S000481,5,Preprocess_597\NORMAL\575.png,0.775967001914978,False
S000482,1,Preprocess_597\NORMAL\559.png,0.8427578806877136,True
S000482,2,Preprocess_597\NORMAL\565.png,0.8000795245170593,False
S000482,3,Preprocess_597\NORMAL\632.jpg,0.7933748960494995,False
S000482,4,Preprocess_597\NORMAL\573.png,0.7928501963615417,False
S000482,5,Preprocess_597\NORMAL\625.jpg,0.7890532612800598,False
S000483,1,Preprocess_597\NORMAL\560.png,0.885083019733429,True
S000483,2,Preprocess_597\NORMAL\551.png,0.8575007915496826,False
S000483,3,Preprocess_597\NORMAL\550.png,0.8510475754737854,False
S000483,4,Preprocess_597\NORMAL\578.png,0.8442445397377014,False
S000483,5,Preprocess_597\NORMAL\838.png,0.8404718041419983,False
S000484,1,Preprocess_597\NORMAL\561.png,0.8971471786499023,True
S000484,2,Preprocess_597\NORMAL\714.jpg,0.8122425675392151,False
S000484,3,Preprocess_597\NORMAL\838.png,0.8095518350601196,False
S000484,4,Preprocess_597\NORMAL\560.png,0.8088992238044739,False
S000484,5,Preprocess_597\NORMAL\627.jpg,0.8054125905036926,False
S000485,1,Preprocess_597\NORMAL\562.png,0.8430585861206055,True
S000485,2,Preprocess_597\NORMAL\559.png,0.8421947956085205,False
S000485,3,Preprocess_597\NORMAL\735.png,0.8340600728988647,False
S000485,4,Preprocess_597\NORMAL\679.jpg,0.8191715478897095,False
S000485,5,Preprocess_597\NORMAL\565.png,0.8130224347114563,False
S000486,1,Preprocess_597\NORMAL\559.png,0.854120671749115,False
S000486,2,Preprocess_597\NORMAL\563.png,0.8453186750411987,True
S000486,3,Preprocess_597\NORMAL\565.png,0.8347526788711548,False
S000486,4,Preprocess_597\NORMAL\735.png,0.8283613920211792,False
S000486,5,Preprocess_597\NORMAL\625.jpg,0.8063552975654602,False
S000487,1,Preprocess_597\NORMAL\564.png,0.8572829365730286,True
S000487,2,Preprocess_597\NORMAL\573.png,0.843812882900238,False
S000487,3,Preprocess_597\NORMAL\575.png,0.8250992894172668,False
S000487,4,Preprocess_597\NORMAL\632.jpg,0.8081129193305969,False
S000487,5,Preprocess_597\NORMAL\625.jpg,0.8070192933082581,False
S000488,1,Preprocess_597\NORMAL\565.png,0.8468263745307922,True
S000488,2,Preprocess_597\NORMAL\559.png,0.8060005307197571,False
S000488,3,Preprocess_597\NORMAL\632.jpg,0.7905564308166504,False
S000488,4,Preprocess_597\NORMAL\680.jpg,0.7905502319335938,False
S000488,5,Preprocess_597\NORMAL\625.jpg,0.7869662046432495,False
S000489,1,Preprocess_597\NORMAL\559.png,0.8486827611923218,False
S000489,2,Preprocess_597\NORMAL\565.png,0.8447151780128479,False
S000489,3,Preprocess_597\NORMAL\566.png,0.8426388502120972,True
S000489,4,Preprocess_597\NORMAL\563.png,0.8242837190628052,False
S000489,5,Preprocess_597\NORMAL\625.jpg,0.8128436207771301,False
S000490,1,Preprocess_597\NORMAL\567.png,0.8371144533157349,True
S000490,2,Preprocess_597\NORMAL\559.png,0.833671510219574,False
S000490,3,Preprocess_597\NORMAL\820.png,0.8229339718818665,False
S000490,4,Preprocess_597\NORMAL\575.png,0.8208708763122559,False
S000490,5,Preprocess_597\NORMAL\735.png,0.8194321393966675,False
S000491,1,Preprocess_597\NORMAL\568.png,0.837742805480957,True
S000491,2,Preprocess_597\NORMAL\628.jpg,0.8134890794754028,False
S000491,3,Preprocess_597\NORMAL\573.png,0.8051065802574158,False
S000491,4,Preprocess_597\NORMAL\632.jpg,0.8013054728507996,False
S000491,5,Preprocess_597\NORMAL\564.png,0.7974507212638855,False
S000492,1,Preprocess_597\NORMAL\569.png,0.8524876236915588,True
S000492,2,Preprocess_597\NORMAL\735.png,0.8484182357788086,False
S000492,3,Preprocess_597\NORMAL\559.png,0.8322736620903015,False
S000492,4,Preprocess_597\NORMAL\565.png,0.8226757049560547,False
S000492,5,Preprocess_597\NORMAL\679.jpg,0.807583749294281,False
S000493,1,Preprocess_597\NORMAL\575.png,0.8462057113647461,False
S000493,2,Preprocess_597\NORMAL\558.png,0.8382624387741089,False
S000493,3,Preprocess_597\NORMAL\564.png,0.8378345966339111,False
S000493,4,Preprocess_597\NORMAL\570.png,0.8272583484649658,True
S000493,5,Preprocess_597\NORMAL\703.jpg,0.8216327428817749,False
S000494,1,Preprocess_597\NORMAL\571.png,0.9162951707839966,True
S000494,2,Preprocess_597\NORMAL\705.png,0.8471943736076355,False
S000494,3,Preprocess_597\NORMAL\836.png,0.8281034827232361,False
S000494,4,Preprocess_597\NORMAL\833.png,0.8214166164398193,False
S000494,5,Preprocess_597\NORMAL\839.png,0.8153759241104126,False
S000495,1,Preprocess_597\NORMAL\572.png,0.8727065920829773,True
S000495,2,Preprocess_597\NORMAL\705.png,0.8257813453674316,False
S000495,3,Preprocess_597\NORMAL\571.png,0.8118695020675659,False
S000495,4,Preprocess_597\NORMAL\581.png,0.806466817855835,False
S000495,5,Preprocess_597\NORMAL\645.jpg,0.8052201867103577,False
S000496,1,Preprocess_597\NORMAL\573.png,0.8750565052032471,True
S000496,2,Preprocess_597\NORMAL\800.png,0.7800239324569702,False
S000496,3,Preprocess_597\NORMAL\625.jpg,0.7784271836280823,False
S000496,4,Preprocess_597\NORMAL\575.png,0.7754702568054199,False
S000496,5,Preprocess_597\NORMAL\632.jpg,0.7734771370887756,False
S000497,1,Preprocess_597\NORMAL\574.png,0.8945731520652771,True
S000497,2,Preprocess_597\NORMAL\566.png,0.8419296741485596,False
S000497,3,Preprocess_597\NORMAL\562.png,0.8365811109542847,False
S000497,4,Preprocess_597\NORMAL\563.png,0.8339804410934448,False
S000497,5,Preprocess_597\NORMAL\550.png,0.8182284832000732,False
S000498,1,Preprocess_597\NORMAL\575.png,0.8530179858207703,True
S000498,2,Preprocess_597\NORMAL\573.png,0.8449710011482239,False
S000498,3,Preprocess_597\NORMAL\836.png,0.8306230902671814,False
S000498,4,Preprocess_597\NORMAL\564.png,0.8162822127342224,False
S000498,5,Preprocess_597\NORMAL\625.jpg,0.8145627379417419,False
S000499,1,Preprocess_597\NORMAL\576.png,0.8879554271697998,True
S000499,2,Preprocess_597\NORMAL\637.jpg,0.8088741898536682,False
S000499,3,Preprocess_597\NORMAL\643.jpg,0.8024299144744873,False
S000499,4,Preprocess_597\NORMAL\638.jpg,0.7925441861152649,False
S000499,5,Preprocess_597\NORMAL\713.png,0.7905906438827515,False
S000500,1,Preprocess_597\NORMAL\577.png,0.8704320788383484,True
S000500,2,Preprocess_597\NORMAL\581.png,0.8300250172615051,False
S000500,3,Preprocess_597\NORMAL\574.png,0.8284499645233154,False
S000500,4,Preprocess_597\NORMAL\566.png,0.8281286358833313,False
S000500,5,Preprocess_597\NORMAL\827.png,0.8278569579124451,False
S000501,1,Preprocess_597\NORMAL\578.png,0.8904973268508911,True
S000501,2,Preprocess_597\NORMAL\800.png,0.884274959564209,False
S000501,3,Preprocess_597\NORMAL\564.png,0.8740648627281189,False
S000501,4,Preprocess_597\NORMAL\550.png,0.8530403971672058,False
S000501,5,Preprocess_597\NORMAL\575.png,0.8471859693527222,False
S000502,1,Preprocess_597\NORMAL\579.png,0.8847184181213379,True
S000502,2,Preprocess_597\NORMAL\636.jpg,0.8244587182998657,False
S000502,3,Preprocess_597\NORMAL\600.jpg,0.8244554996490479,False
S000502,4,Preprocess_597\NORMAL\715.jpg,0.8222486972808838,False
S000502,5,Preprocess_597\NORMAL\556.png,0.8210963606834412,False
S000503,1,Preprocess_597\NORMAL\580.png,0.866054892539978,True
S000503,2,Preprocess_597\NORMAL\836.png,0.8163890838623047,False
S000503,3,Preprocess_597\NORMAL\584.jpg,0.7822937965393066,False
S000503,4,Preprocess_597\NORMAL\617.jpg,0.7721671462059021,False
S000503,5,Preprocess_597\NORMAL\634.jpg,0.7649718523025513,False
S000504,1,Preprocess_597\NORMAL\581.png,0.8730046153068542,True
S000504,2,Preprocess_597\NORMAL\559.png,0.8370928168296814,False
S000504,3,Preprocess_597\NORMAL\565.png,0.8364454507827759,False
S000504,4,Preprocess_597\NORMAL\563.png,0.8359957337379456,False
S000504,5,Preprocess_597\NORMAL\580.png,0.8105984926223755,False
S000505,1,Preprocess_597\NORMAL\622.png,0.8981683254241943,True
S000505,2,Preprocess_597\NORMAL\839.png,0.8257701992988586,False
S000505,3,Preprocess_597\NORMAL\804.png,0.8112303614616394,False
S000505,4,Preprocess_597\NORMAL\648.jpg,0.8032301664352417,False
S000505,5,Preprocess_597\NORMAL\571.png,0.8006075024604797,False
S000506,1,Preprocess_597\NORMAL\667.png,0.894250214099884,True
S000506,2,Preprocess_597\NORMAL\581.png,0.849136233329773,False
S000506,3,Preprocess_597\NORMAL\566.png,0.839921236038208,False
S000506,4,Preprocess_597\NORMAL\574.png,0.839449942111969,False
S000506,5,Preprocess_597\NORMAL\577.png,0.8379656076431274,False
S000507,1,Preprocess_597\NORMAL\705.png,0.8871302604675293,True
S000507,2,Preprocess_597\NORMAL\571.png,0.844224214553833,False
S000507,3,Preprocess_597\NORMAL\833.png,0.8295122981071472,False
S000507,4,Preprocess_597\NORMAL\836.png,0.8163756728172302,False
S000507,5,Preprocess_597\NORMAL\645.jpg,0.8039772510528564,False
S000508,1,Preprocess_597\NORMAL\706.png,0.8985015749931335,True
S000508,2,Preprocess_597\NORMAL\722.png,0.8429386019706726,False
S000508,3,Preprocess_597\NORMAL\667.png,0.8220856785774231,False
S000508,4,Preprocess_597\NORMAL\556.png,0.8209188580513,False
S000508,5,Preprocess_597\NORMAL\717.png,0.8165394067764282,False
S000509,1,Preprocess_597\NORMAL\707.png,0.8567054867744446,True
S000509,2,Preprocess_597\NORMAL\679.jpg,0.7884718775749207,False
S000509,3,Preprocess_597\NORMAL\559.png,0.7873386144638062,False
S000509,4,Preprocess_597\NORMAL\735.png,0.7866874933242798,False
S000509,5,Preprocess_597\NORMAL\812.png,0.7776849865913391,False
S000510,1,Preprocess_597\NORMAL\708.png,0.8976312875747681,True
S000510,2,Preprocess_597\NORMAL\624.jpg,0.8264179825782776,False
S000510,3,Preprocess_597\NORMAL\832.png,0.8251497745513916,False
S000510,4,Preprocess_597\NORMAL\606.jpg,0.8215669393539429,False
S000510,5,Preprocess_597\NORMAL\650.jpg,0.8203662633895874,False
S000511,1,Preprocess_597\NORMAL\709.png,0.8775767087936401,True
S000511,2,Preprocess_597\NORMAL\710.jpg,0.8127905130386353,False
S000511,3,Preprocess_597\NORMAL\561.png,0.8127509355545044,False
S000511,4,Preprocess_597\NORMAL\715.jpg,0.810063362121582,False
S000511,5,Preprocess_597\NORMAL\684.jpg,0.8087803721427917,False
S000512,1,Preprocess_597\NORMAL\712.png,0.9106674790382385,True
S000512,2,Preprocess_597\NORMAL\571.png,0.8287389278411865,False
S000512,3,Preprocess_597\NORMAL\553.png,0.8089103698730469,False
S000512,4,Preprocess_597\NORMAL\705.png,0.7943851351737976,False
S000512,5,Preprocess_597\NORMAL\572.png,0.7860733866691589,False
S000513,1,Preprocess_597\NORMAL\713.png,0.8971214890480042,True
S000513,2,Preprocess_597\NORMAL\684.jpg,0.8279154300689697,False
S000513,3,Preprocess_597\NORMAL\618.jpg,0.8195687532424927,False
S000513,4,Preprocess_597\NORMAL\635.jpg,0.8153820037841797,False
S000513,5,Preprocess_597\NORMAL\710.jpg,0.8143303990364075,False
S000514,1,Preprocess_597\NORMAL\717.png,0.9059181809425354,True
S000514,2,Preprocess_597\NORMAL\552.png,0.8294550776481628,False
S000514,3,Preprocess_597\NORMAL\706.png,0.8212544322013855,False
S000514,4,Preprocess_597\NORMAL\727.png,0.8165193796157837,False
S000514,5,Preprocess_597\NORMAL\734.png,0.8161857724189758,False
S000515,1,Preprocess_597\NORMAL\722.png,0.9113580584526062,True
S000515,2,Preprocess_597\NORMAL\706.png,0.8217288255691528,False
S000515,3,Preprocess_597\NORMAL\660.jpg,0.818459153175354,False
S000515,4,Preprocess_597\NORMAL\620.jpg,0.8174237608909607,False
S000515,5,Preprocess_597\NORMAL\556.png,0.8139598369598389,False
S000516,1,Preprocess_597\NORMAL\727.png,0.9095494151115417,True
S000516,2,Preprocess_597\NORMAL\734.png,0.8303160667419434,False
S000516,3,Preprocess_597\NORMAL\834.png,0.8134042024612427,False
S000516,4,Preprocess_597\NORMAL\552.png,0.8123452067375183,False
S000516,5,Preprocess_597\NORMAL\696.jpg,0.8085217475891113,False
S000517,1,Preprocess_597\NORMAL\734.png,0.8896450996398926,True
S000517,2,Preprocess_597\NORMAL\696.jpg,0.8338214159011841,False
S000517,3,Preprocess_597\NORMAL\662.jpg,0.831113874912262,False
S000517,4,Preprocess_597\NORMAL\834.png,0.8237802386283875,False
S000517,5,Preprocess_597\NORMAL\654.jpg,0.8233270049095154,False
S000518,1,Preprocess_597\NORMAL\766.png,0.9012459516525269,True
S000518,2,Preprocess_597\NORMAL\554.png,0.8369668126106262,False
S000518,3,Preprocess_597\NORMAL\699.jpg,0.8270066976547241,False
S000518,4,Preprocess_597\NORMAL\647.jpg,0.8124777674674988,False
S000518,5,Preprocess_597\NORMAL\599.jpg,0.8018646836280823,False
S000519,1,Preprocess_597\NORMAL\767.png,0.9039966464042664,True
S000519,2,Preprocess_597\NORMAL\572.png,0.8240092992782593,False
S000519,3,Preprocess_597\NORMAL\831.png,0.8130554556846619,False
S000519,4,Preprocess_597\NORMAL\712.png,0.8111359477043152,False
S000519,5,Preprocess_597\NORMAL\582.jpg,0.8079290986061096,False
S000520,1,Preprocess_597\NORMAL\800.png,0.8747847676277161,True
S000520,2,Preprocess_597\NORMAL\564.png,0.8711751103401184,False
S000520,3,Preprocess_597\NORMAL\558.png,0.8488605618476868,False
S000520,4,Preprocess_597\NORMAL\575.png,0.8485941886901855,False
S000520,5,Preprocess_597\NORMAL\678.jpg,0.8384408950805664,False
S000521,1,Preprocess_597\NORMAL\804.png,0.8720602989196777,True
S000521,2,Preprocess_597\NORMAL\667.png,0.8001884818077087,False
S000521,3,Preprocess_597\NORMAL\629.jpg,0.7966442108154297,False
S000521,4,Preprocess_597\NORMAL\613.jpg,0.7929876446723938,False
S000521,5,Preprocess_597\NORMAL\621.jpg,0.7908574342727661,False
S000522,1,Preprocess_597\NORMAL\818.png,0.8930708169937134,True
S000522,2,Preprocess_597\NORMAL\558.png,0.8325491547584534,False
S000522,3,Preprocess_597\NORMAL\610.jpg,0.8172585368156433,False
S000522,4,Preprocess_597\NORMAL\564.png,0.8163344264030457,False
S000522,5,Preprocess_597\NORMAL\578.png,0.8156952857971191,False
S000523,1,Preprocess_597\NORMAL\827.png,0.8672828078269958,True
S000523,2,Preprocess_597\NORMAL\574.png,0.8634657263755798,False
S000523,3,Preprocess_597\NORMAL\566.png,0.8476440906524658,False
S000523,4,Preprocess_597\NORMAL\581.png,0.8312445282936096,False
S000523,5,Preprocess_597\NORMAL\562.png,0.8293060660362244,False
S000524,1,Preprocess_597\NORMAL\828.png,0.8691733479499817,True
S000524,2,Preprocess_597\NORMAL\834.png,0.8484039902687073,False
S000524,3,Preprocess_597\NORMAL\590.jpg,0.8312379121780396,False
S000524,4,Preprocess_597\NORMAL\552.png,0.828113853931427,False
S000524,5,Preprocess_597\NORMAL\561.png,0.8266104459762573,False
S000525,1,Preprocess_597\NORMAL\829.png,0.8692793846130371,True
S000525,2,Preprocess_597\NORMAL\574.png,0.8239459991455078,False
S000525,3,Preprocess_597\NORMAL\566.png,0.8219698667526245,False
S000525,4,Preprocess_597\NORMAL\827.png,0.8170183300971985,False
S000525,5,Preprocess_597\NORMAL\562.png,0.8126429915428162,False
S000526,1,Preprocess_597\NORMAL\830.png,0.8664447069168091,True
S000526,2,Preprocess_597\NORMAL\554.png,0.8440777659416199,False
S000526,3,Preprocess_597\NORMAL\578.png,0.8435304164886475,False
S000526,4,Preprocess_597\NORMAL\800.png,0.8386110663414001,False
S000526,5,Preprocess_597\NORMAL\838.png,0.8303604125976562,False
S000527,1,Preprocess_597\NORMAL\831.png,0.854712724685669,True
S000527,2,Preprocess_597\NORMAL\577.png,0.8251008987426758,False
S000527,3,Preprocess_597\NORMAL\667.png,0.8224450349807739,False
S000527,4,Preprocess_597\NORMAL\581.png,0.8147813081741333,False
S000527,5,Preprocess_597\NORMAL\829.png,0.8131627440452576,False
S000528,1,Preprocess_597\NORMAL\832.png,0.8819081783294678,True
S000528,2,Preprocess_597\NORMAL\835.png,0.8508281111717224,False
S000528,3,Preprocess_597\NORMAL\834.png,0.8364323973655701,False
S000528,4,Preprocess_597\NORMAL\579.png,0.8334435820579529,False
S000528,5,Preprocess_597\NORMAL\671.jpg,0.8332881927490234,False
S000529,1,Preprocess_597\NORMAL\833.png,0.8696430325508118,True
S000529,2,Preprocess_597\NORMAL\836.png,0.8468084931373596,False
S000529,3,Preprocess_597\NORMAL\575.png,0.8258937001228333,False
S000529,4,Preprocess_597\NORMAL\564.png,0.8162989020347595,False
S000529,5,Preprocess_597\NORMAL\705.png,0.8128763437271118,False
S000530,1,Preprocess_597\NORMAL\834.png,0.8596140742301941,True
S000530,2,Preprocess_597\NORMAL\552.png,0.8301799893379211,False
S000530,3,Preprocess_597\NORMAL\620.jpg,0.8145188689231873,False
S000530,4,Preprocess_597\NORMAL\835.png,0.8086628913879395,False
S000530,5,Preprocess_597\NORMAL\670.jpg,0.8071072697639465,False
S000531,1,Preprocess_597\NORMAL\835.png,0.9027020931243896,True
S000531,2,Preprocess_597\NORMAL\556.png,0.8516448736190796,False
S000531,3,Preprocess_597\NORMAL\667.png,0.8345199227333069,False
S000531,4,Preprocess_597\NORMAL\832.png,0.828314483165741,False
S000531,5,Preprocess_597\NORMAL\837.png,0.8257530331611633,False
S000532,1,Preprocess_597\NORMAL\836.png,0.9052627086639404,True
S000532,2,Preprocess_597\NORMAL\633.jpg,0.7876432538032532,False
S000532,3,Preprocess_597\NORMAL\580.png,0.782440185546875,False
S000532,4,Preprocess_597\NORMAL\585.jpg,0.7815332412719727,False
S000532,5,Preprocess_597\NORMAL\571.png,0.7776966691017151,False
S000533,1,Preprocess_597\NORMAL\837.png,0.8671151399612427,True
S000533,2,Preprocess_597\NORMAL\574.png,0.8439264297485352,False
S000533,3,Preprocess_597\NORMAL\577.png,0.8423082828521729,False
S000533,4,Preprocess_597\NORMAL\667.png,0.8345105051994324,False
S000533,5,Preprocess_597\NORMAL\566.png,0.8297290802001953,False
S000534,1,Preprocess_597\NORMAL\800.png,0.8694514632225037,False
S000534,2,Preprocess_597\NORMAL\838.png,0.8634365797042847,True
S000534,3,Preprocess_597\NORMAL\550.png,0.8612420558929443,False
S000534,4,Preprocess_597\NORMAL\551.png,0.8589503765106201,False
S000534,5,Preprocess_597\NORMAL\578.png,0.8575916886329651,False
S000535,1,Preprocess_597\NORMAL\839.png,0.8772802948951721,True
S000535,2,Preprocess_597\NORMAL\571.png,0.8114265203475952,False
S000535,3,Preprocess_597\NORMAL\645.jpg,0.7936108112335205,False
S000535,4,Preprocess_597\NORMAL\572.png,0.7894092202186584,False
S000535,5,Preprocess_597\NORMAL\705.png,0.7856345176696777,False
