sample_id,source_dataset,class_label,original_filename,expected_raw_path,exists,resolved_raw_path
S000001,ADAM,AMD_DRY,101.jpg,Raw_597\AMD_DRY\101.jpg,True,C:\Users\ACER\Documents\Juli Riset\Raw_597\AMD_DRY\101.jpg
S000002,ADAM,AMD_DRY,104.jpg,Raw_597\AMD_DRY\104.jpg,True,C:\Users\ACER\Documents\Juli Riset\Raw_597\AMD_DRY\104.jpg
S000003,ADAM,AMD_DRY,111.jpg,Raw_597\AMD_DRY\111.jpg,True,C:\Users\ACER\Documents\Juli Riset\Raw_597\AMD_DRY\111.jpg
S000004,ADAM,AMD_DRY,112.jpg,Raw_597\AMD_DRY\112.jpg,True,C:\Users\ACER\Documents\Juli Riset\Raw_597\AMD_DRY\112.jpg
S000005,ADAM,AMD_DRY,113.jpg,Raw_597\AMD_DRY\113.jpg,True,C:\Users\ACER\Documents\Juli Riset\Raw_597\AMD_DRY\113.jpg
S000006,ADAM,AMD_DRY,114.jpg,Raw_597\AMD_DRY\114.jpg,True,C:\Users\ACER\Documents\Juli Riset\Raw_597\AMD_DRY\114.jpg
S000007,ADAM,AMD_DRY,115.jpg,Raw_597\AMD_DRY\115.jpg,True,C:\Users\ACER\Documents\Juli Riset\Raw_597\AMD_DRY\115.jpg
S000008,ADAM,AMD_DRY,116.jpg,Raw_597\AMD_DRY\116.jpg,True,C:\Users\ACER\Documents\Juli Riset\Raw_597\AMD_DRY\116.jpg
S000009,ADAM,AMD_DRY,117.jpg,Raw_597\AMD_DRY\117.jpg,True,C:\Users\ACER\Documents\Juli Riset\Raw_597\AMD_DRY\117.jpg
S000010,ADAM,AMD_DRY,120.jpg,Raw_597\AMD_DRY\120.jpg,True,C:\Users\ACER\Documents\Juli Riset\Raw_597\AMD_DRY\120.jpg
S000011,ADAM,AMD_DRY,121.jpg,Raw_597\AMD_DRY\121.jpg,True,C:\Users\ACER\Documents\Juli Riset\Raw_597\AMD_DRY\121.jpg
S000012,ADAM,AMD_DRY,122.jpg,Raw_597\AMD_DRY\122.jpg,True,C:\Users\ACER\Documents\Juli Riset\Raw_597\AMD_DRY\122.jpg
S000013,ADAM,AMD_DRY,123.jpg,Raw_597\AMD_DRY\123.jpg,True,C:\Users\ACER\Documents\Juli Riset\Raw_597\AMD_DRY\123.jpg
S000014,ADAM,AMD_DRY,125.jpg,Raw_597\AMD_DRY\125.jpg,True,C:\Users\ACER\Documents\Juli Riset\Raw_597\AMD_DRY\125.jpg
S000015,ADAM,AMD_DRY,127.jpg,Raw_597\AMD_DRY\127.jpg,True,C:\Users\ACER\Documents\Juli Riset\Raw_597\AMD_DRY\127.jpg
S000016,ADAM,AMD_DRY,131.jpg,Raw_597\AMD_DRY\131.jpg,True,C:\Users\ACER\Documents\Juli Riset\Raw_597\AMD_DRY\131.jpg
S000017,ADAM,AMD_DRY,132.jpg,Raw_597\AMD_DRY\132.jpg,True,C:\Users\ACER\Documents\Juli Riset\Raw_597\AMD_DRY\132.jpg
S000018,ADAM,AMD_DRY,133.jpg,Raw_597\AMD_DRY\133.jpg,True,C:\Users\ACER\Documents\Juli Riset\Raw_597\AMD_DRY\133.jpg
S000019,ADAM,AMD_DRY,134.jpg,Raw_597\AMD_DRY\134.jpg,True,C:\Users\ACER\Documents\Juli Riset\Raw_597\AMD_DRY\134.jpg
S000020,ADAM,AMD_DRY,136.jpg,Raw_597\AMD_DRY\136.jpg,True,C:\Users\ACER\Documents\Juli Riset\Raw_597\AMD_DRY\136.jpg
S000021,ADAM,AMD_DRY,137.jpg,Raw_597\AMD_DRY\137.jpg,True,C:\Users\ACER\Documents\Juli Riset\Raw_597\AMD_DRY\137.jpg
S000022,ADAM,AMD_DRY,72.jpg,Raw_597\AMD_DRY\72.jpg,True,C:\Users\ACER\Documents\Juli Riset\Raw_597\AMD_DRY\72.jpg
S000023,ADAM,AMD_DRY,74.jpg,Raw_597\AMD_DRY\74.jpg,True,C:\Users\ACER\Documents\Juli Riset\Raw_597\AMD_DRY\74.jpg
S000024,ADAM,AMD_DRY,75.jpg,Raw_597\AMD_DRY\75.jpg,True,C:\Users\ACER\Documents\Juli Riset\Raw_597\AMD_DRY\75.jpg
S000025,ADAM,AMD_DRY,76.jpg,Raw_597\AMD_DRY\76.jpg,True,C:\Users\ACER\Documents\Juli Riset\Raw_597\AMD_DRY\76.jpg
S000026,ADAM,AMD_DRY,78.jpg,Raw_597\AMD_DRY\78.jpg,True,C:\Users\ACER\Documents\Juli Riset\Raw_597\AMD_DRY\78.jpg
S000027,ADAM,AMD_DRY,81.jpg,Raw_597\AMD_DRY\81.jpg,True,C:\Users\ACER\Documents\Juli Riset\Raw_597\AMD_DRY\81.jpg
S000028,ADAM,AMD_DRY,83.jpg,Raw_597\AMD_DRY\83.jpg,True,C:\Users\ACER\Documents\Juli Riset\Raw_597\AMD_DRY\83.jpg
S000029,ADAM,AMD_DRY,87.jpg,Raw_597\AMD_DRY\87.jpg,True,C:\Users\ACER\Documents\Juli Riset\Raw_597\AMD_DRY\87.jpg
S000030,ADAM,AMD_DRY,89.jpg,Raw_597\AMD_DRY\89.jpg,True,C:\Users\ACER\Documents\Juli Riset\Raw_597\AMD_DRY\89.jpg
S000031,ADAM,AMD_DRY,90.jpg,Raw_597\AMD_DRY\90.jpg,True,C:\Users\ACER\Documents\Juli Riset\Raw_597\AMD_DRY\90.jpg
S000032,ADAM,AMD_DRY,92.jpg,Raw_597\AMD_DRY\92.jpg,True,C:\Users\ACER\Documents\Juli Riset\Raw_597\AMD_DRY\92.jpg
S000033,ADAM,AMD_DRY,94.jpg,Raw_597\AMD_DRY\94.jpg,True,C:\Users\ACER\Documents\Juli Riset\Raw_597\AMD_DRY\94.jpg
S000034,ADAM,AMD_DRY,95.jpg,Raw_597\AMD_DRY\95.jpg,True,C:\Users\ACER\Documents\Juli Riset\Raw_597\AMD_DRY\95.jpg
S000035,ADAM,AMD_DRY,98.jpg,Raw_597\AMD_DRY\98.jpg,True,C:\Users\ACER\Documents\Juli Riset\Raw_597\AMD_DRY\98.jpg
S000036,ADAM,AMD_WET,119.jpg,Raw_597\AMD_WET\119.jpg,True,C:\Users\ACER\Documents\Juli Riset\Raw_597\AMD_WET\119.jpg
S000037,ADAM,AMD_WET,126.jpg,Raw_597\AMD_WET\126.jpg,True,C:\Users\ACER\Documents\Juli Riset\Raw_597\AMD_WET\126.jpg
S000038,ADAM,AMD_WET,128.jpg,Raw_597\AMD_WET\128.jpg,True,C:\Users\ACER\Documents\Juli Riset\Raw_597\AMD_WET\128.jpg
S000039,ADAM,AMD_WET,130.jpg,Raw_597\AMD_WET\130.jpg,True,C:\Users\ACER\Documents\Juli Riset\Raw_597\AMD_WET\130.jpg
S000040,ADAM,AMD_WET,66.jpg,Raw_597\AMD_WET\66.jpg,True,C:\Users\ACER\Documents\Juli Riset\Raw_597\AMD_WET\66.jpg
S000041,ADAM,AMD_WET,67.jpg,Raw_597\AMD_WET\67.jpg,True,C:\Users\ACER\Documents\Juli Riset\Raw_597\AMD_WET\67.jpg
S000042,ADAM,AMD_WET,68.jpg,Raw_597\AMD_WET\68.jpg,True,C:\Users\ACER\Documents\Juli Riset\Raw_597\AMD_WET\68.jpg
S000043,ADAM,AMD_WET,73.jpg,Raw_597\AMD_WET\73.jpg,True,C:\Users\ACER\Documents\Juli Riset\Raw_597\AMD_WET\73.jpg
S000044,ADAM,AMD_WET,79.jpg,Raw_597\AMD_WET\79.jpg,True,C:\Users\ACER\Documents\Juli Riset\Raw_597\AMD_WET\79.jpg
S000045,ADAM,AMD_WET,80.jpg,Raw_597\AMD_WET\80.jpg,True,C:\Users\ACER\Documents\Juli Riset\Raw_597\AMD_WET\80.jpg
S000046,ADAM,AMD_WET,82.jpg,Raw_597\AMD_WET\82.jpg,True,C:\Users\ACER\Documents\Juli Riset\Raw_597\AMD_WET\82.jpg
S000047,ADAM,AMD_WET,84.jpg,Raw_597\AMD_WET\84.jpg,True,C:\Users\ACER\Documents\Juli Riset\Raw_597\AMD_WET\84.jpg
S000048,ADAM,AMD_WET,85.jpg,Raw_597\AMD_WET\85.jpg,True,C:\Users\ACER\Documents\Juli Riset\Raw_597\AMD_WET\85.jpg
S000049,ADAM,AMD_WET,88.jpg,Raw_597\AMD_WET\88.jpg,True,C:\Users\ACER\Documents\Juli Riset\Raw_597\AMD_WET\88.jpg
S000050,ADAM,AMD_WET,91.jpg,Raw_597\AMD_WET\91.jpg,True,C:\Users\ACER\Documents\Juli Riset\Raw_597\AMD_WET\91.jpg
S000051,ADAM,AMD_WET,93.jpg,Raw_597\AMD_WET\93.jpg,True,C:\Users\ACER\Documents\Juli Riset\Raw_597\AMD_WET\93.jpg
S000052,ADAM,AMD_WET,97.jpg,Raw_597\AMD_WET\97.jpg,True,C:\Users\ACER\Documents\Juli Riset\Raw_597\AMD_WET\97.jpg
S000053,FIVES,NORMAL,465_N.png,Raw_597\NORMAL\465_N.png,True,C:\Users\ACER\Documents\Juli Riset\Raw_597\NORMAL\465_N.png
S000054,FIVES,NORMAL,466_N.png,Raw_597\NORMAL\466_N.png,True,C:\Users\ACER\Documents\Juli Riset\Raw_597\NORMAL\466_N.png
S000055,FIVES,NORMAL,467_N.png,Raw_597\NORMAL\467_N.png,True,C:\Users\ACER\Documents\Juli Riset\Raw_597\NORMAL\467_N.png
S000056,FIVES,NORMAL,468_N.png,Raw_597\NORMAL\468_N.png,True,C:\Users\ACER\Documents\Juli Riset\Raw_597\NORMAL\468_N.png
S000057,FIVES,NORMAL,469_N.png,Raw_597\NORMAL\469_N.png,True,C:\Users\ACER\Documents\Juli Riset\Raw_597\NORMAL\469_N.png
S000058,FIVES,NORMAL,470_N.png,Raw_597\NORMAL\470_N.png,True,C:\Users\ACER\Documents\Juli Riset\Raw_597\NORMAL\470_N.png
S000059,FIVES,NORMAL,472_N.png,Raw_597\NORMAL\472_N.png,True,C:\Users\ACER\Documents\Juli Riset\Raw_597\NORMAL\472_N.png
S000060,FIVES,NORMAL,476_N.png,Raw_597\NORMAL\476_N.png,True,C:\Users\ACER\Documents\Juli Riset\Raw_597\NORMAL\476_N.png
S000061,FIVES,NORMAL,481_N.png,Raw_597\NORMAL\481_N.png,True,C:\Users\ACER\Documents\Juli Riset\Raw_597\NORMAL\481_N.png
S000062,FIVES,NORMAL,482_N.png,Raw_597\NORMAL\482_N.png,True,C:\Users\ACER\Documents\Juli Riset\Raw_597\NORMAL\482_N.png
S000063,FIVES,NORMAL,483_N.png,Raw_597\NORMAL\483_N.png,True,C:\Users\ACER\Documents\Juli Riset\Raw_597\NORMAL\483_N.png
S000064,FIVES,NORMAL,485_N.png,Raw_597\NORMAL\485_N.png,True,C:\Users\ACER\Documents\Juli Riset\Raw_597\NORMAL\485_N.png
S000065,FIVES,NORMAL,486_N.png,Raw_597\NORMAL\486_N.png,True,C:\Users\ACER\Documents\Juli Riset\Raw_597\NORMAL\486_N.png
S000066,FIVES,NORMAL,487_N.png,Raw_597\NORMAL\487_N.png,True,C:\Users\ACER\Documents\Juli Riset\Raw_597\NORMAL\487_N.png
S000067,FIVES,NORMAL,488_N.png,Raw_597\NORMAL\488_N.png,True,C:\Users\ACER\Documents\Juli Riset\Raw_597\NORMAL\488_N.png
S000068,FIVES,NORMAL,489_N.png,Raw_597\NORMAL\489_N.png,True,C:\Users\ACER\Documents\Juli Riset\Raw_597\NORMAL\489_N.png
S000069,FIVES,NORMAL,490_N.png,Raw_597\NORMAL\490_N.png,True,C:\Users\ACER\Documents\Juli Riset\Raw_597\NORMAL\490_N.png
S000070,FIVES,NORMAL,491_N.png,Raw_597\NORMAL\491_N.png,True,C:\Users\ACER\Documents\Juli Riset\Raw_597\NORMAL\491_N.png
S000071,FIVES,NORMAL,492_N.png,Raw_597\NORMAL\492_N.png,True,C:\Users\ACER\Documents\Juli Riset\Raw_597\NORMAL\492_N.png
S000072,FIVES,NORMAL,493_N.png,Raw_597\NORMAL\493_N.png,True,C:\Users\ACER\Documents\Juli Riset\Raw_597\NORMAL\493_N.png
S000073,FIVES,NORMAL,494_N.png,Raw_597\NORMAL\494_N.png,True,C:\Users\ACER\Documents\Juli Riset\Raw_597\NORMAL\494_N.png
S000074,FIVES,NORMAL,495_N.png,Raw_597\NORMAL\495_N.png,True,C:\Users\ACER\Documents\Juli Riset\Raw_597\NORMAL\495_N.png
S000075,FIVES,NORMAL,496_N.png,Raw_597\NORMAL\496_N.png,True,C:\Users\ACER\Documents\Juli Riset\Raw_597\NORMAL\496_N.png
S000076,FIVES,NORMAL,497_N.png,Raw_597\NORMAL\497_N.png,True,C:\Users\ACER\Documents\Juli Riset\Raw_597\NORMAL\497_N.png
S000077,FIVES,NORMAL,498_N.png,Raw_597\NORMAL\498_N.png,True,C:\Users\ACER\Documents\Juli Riset\Raw_597\NORMAL\498_N.png
S000078,FIVES,NORMAL,501_N.png,Raw_597\NORMAL\501_N.png,True,C:\Users\ACER\Documents\Juli Riset\Raw_597\NORMAL\501_N.png
S000079,FIVES,NORMAL,503_N.png,Raw_597\NORMAL\503_N.png,True,C:\Users\ACER\Documents\Juli Riset\Raw_597\NORMAL\503_N.png
S000080,FIVES,NORMAL,504_N.png,Raw_597\NORMAL\504_N.png,True,C:\Users\ACER\Documents\Juli Riset\Raw_597\NORMAL\504_N.png
S000081,FIVES,NORMAL,505_N.png,Raw_597\NORMAL\505_N.png,True,C:\Users\ACER\Documents\Juli Riset\Raw_597\NORMAL\505_N.png
S000082,FIVES,NORMAL,506_N.png,Raw_597\NORMAL\506_N.png,True,C:\Users\ACER\Documents\Juli Riset\Raw_597\NORMAL\506_N.png
S000083,FIVES,NORMAL,507_N.png,Raw_597\NORMAL\507_N.png,True,C:\Users\ACER\Documents\Juli Riset\Raw_597\NORMAL\507_N.png
S000084,FIVES,NORMAL,508_N.png,Raw_597\NORMAL\508_N.png,True,C:\Users\ACER\Documents\Juli Riset\Raw_597\NORMAL\508_N.png
S000085,FIVES,NORMAL,509_N.png,Raw_597\NORMAL\509_N.png,True,C:\Users\ACER\Documents\Juli Riset\Raw_597\NORMAL\509_N.png
S000086,FIVES,NORMAL,510_N.png,Raw_597\NORMAL\510_N.png,True,C:\Users\ACER\Documents\Juli Riset\Raw_597\NORMAL\510_N.png
S000087,FIVES,NORMAL,511_N.png,Raw_597\NORMAL\511_N.png,True,C:\Users\ACER\Documents\Juli Riset\Raw_597\NORMAL\511_N.png
S000088,FIVES,NORMAL,512_N.png,Raw_597\NORMAL\512_N.png,True,C:\Users\ACER\Documents\Juli Riset\Raw_597\NORMAL\512_N.png
S000089,FIVES,NORMAL,513_N.png,Raw_597\NORMAL\513_N.png,True,C:\Users\ACER\Documents\Juli Riset\Raw_597\NORMAL\513_N.png
S000090,FIVES,NORMAL,514_N.png,Raw_597\NORMAL\514_N.png,True,C:\Users\ACER\Documents\Juli Riset\Raw_597\NORMAL\514_N.png
S000091,FIVES,NORMAL,515_N.png,Raw_597\NORMAL\515_N.png,True,C:\Users\ACER\Documents\Juli Riset\Raw_597\NORMAL\515_N.png
S000092,FIVES,NORMAL,516_N.png,Raw_597\NORMAL\516_N.png,True,C:\Users\ACER\Documents\Juli Riset\Raw_597\NORMAL\516_N.png
S000093,FIVES,NORMAL,517_N.png,Raw_597\NORMAL\517_N.png,True,C:\Users\ACER\Documents\Juli Riset\Raw_597\NORMAL\517_N.png
S000094,FIVES,NORMAL,521_N.png,Raw_597\NORMAL\521_N.png,True,C:\Users\ACER\Documents\Juli Riset\Raw_597\NORMAL\521_N.png
S000095,FIVES,NORMAL,524_N.png,Raw_597\NORMAL\524_N.png,True,C:\Users\ACER\Documents\Juli Riset\Raw_597\NORMAL\524_N.png
S000096,FIVES,NORMAL,525_N.png,Raw_597\NORMAL\525_N.png,True,C:\Users\ACER\Documents\Juli Riset\Raw_597\NORMAL\525_N.png
S000097,FIVES,NORMAL,527_N.png,Raw_597\NORMAL\527_N.png,True,C:\Users\ACER\Documents\Juli Riset\Raw_597\NORMAL\527_N.png
S000098,FIVES,NORMAL,528_N.png,Raw_597\NORMAL\528_N.png,True,C:\Users\ACER\Documents\Juli Riset\Raw_597\NORMAL\528_N.png
S000099,FIVES,NORMAL,535_N.png,Raw_597\NORMAL\535_N.png,True,C:\Users\ACER\Documents\Juli Riset\Raw_597\NORMAL\535_N.png
S000100,FIVES,NORMAL,540_N.png,Raw_597\NORMAL\540_N.png,True,C:\Users\ACER\Documents\Juli Riset\Raw_597\NORMAL\540_N.png
S000101,FIVES,NORMAL,541_N.png,Raw_597\NORMAL\541_N.png,True,C:\Users\ACER\Documents\Juli Riset\Raw_597\NORMAL\541_N.png
S000102,FIVES,NORMAL,542_N.png,Raw_597\NORMAL\542_N.png,True,C:\Users\ACER\Documents\Juli Riset\Raw_597\NORMAL\542_N.png
S000103,FIVES,NORMAL,543_N.png,Raw_597\NORMAL\543_N.png,True,C:\Users\ACER\Documents\Juli Riset\Raw_597\NORMAL\543_N.png
S000104,FIVES,NORMAL,544_N.png,Raw_597\NORMAL\544_N.png,True,C:\Users\ACER\Documents\Juli Riset\Raw_597\NORMAL\544_N.png
S000105,FIVES,NORMAL,549_N.png,Raw_597\NORMAL\549_N.png,True,C:\Users\ACER\Documents\Juli Riset\Raw_597\NORMAL\549_N.png
S000106,FIVES,NORMAL,550_N.png,Raw_597\NORMAL\550_N.png,True,C:\Users\ACER\Documents\Juli Riset\Raw_597\NORMAL\550_N.png
S000107,FIVES,NORMAL,551_N.png,Raw_597\NORMAL\551_N.png,True,C:\Users\ACER\Documents\Juli Riset\Raw_597\NORMAL\551_N.png
S000108,FIVES,NORMAL,557_N.png,Raw_597\NORMAL\557_N.png,True,C:\Users\ACER\Documents\Juli Riset\Raw_597\NORMAL\557_N.png
S000109,FIVES,NORMAL,558_N.png,Raw_597\NORMAL\558_N.png,True,C:\Users\ACER\Documents\Juli Riset\Raw_597\NORMAL\558_N.png
S000110,FIVES,NORMAL,559_N.png,Raw_597\NORMAL\559_N.png,True,C:\Users\ACER\Documents\Juli Riset\Raw_597\NORMAL\559_N.png
S000111,FIVES,NORMAL,560_N.png,Raw_597\NORMAL\560_N.png,True,C:\Users\ACER\Documents\Juli Riset\Raw_597\NORMAL\560_N.png
S000112,FIVES,NORMAL,561_N.png,Raw_597\NORMAL\561_N.png,True,C:\Users\ACER\Documents\Juli Riset\Raw_597\NORMAL\561_N.png
S000113,FIVES,NORMAL,562_N.png,Raw_597\NORMAL\562_N.png,True,C:\Users\ACER\Documents\Juli Riset\Raw_597\NORMAL\562_N.png
S000114,FIVES,NORMAL,563_N.png,Raw_597\NORMAL\563_N.png,True,C:\Users\ACER\Documents\Juli Riset\Raw_597\NORMAL\563_N.png
S000115,FIVES,NORMAL,564_N.png,Raw_597\NORMAL\564_N.png,True,C:\Users\ACER\Documents\Juli Riset\Raw_597\NORMAL\564_N.png
S000116,FIVES,NORMAL,565_N.png,Raw_597\NORMAL\565_N.png,True,C:\Users\ACER\Documents\Juli Riset\Raw_597\NORMAL\565_N.png
S000117,FIVES,NORMAL,566_N.png,Raw_597\NORMAL\566_N.png,True,C:\Users\ACER\Documents\Juli Riset\Raw_597\NORMAL\566_N.png
S000118,FIVES,NORMAL,567_N.png,Raw_597\NORMAL\567_N.png,True,C:\Users\ACER\Documents\Juli Riset\Raw_597\NORMAL\567_N.png
S000119,FIVES,NORMAL,568_N.png,Raw_597\NORMAL\568_N.png,True,C:\Users\ACER\Documents\Juli Riset\Raw_597\NORMAL\568_N.png
S000120,FIVES,NORMAL,569_N.png,Raw_597\NORMAL\569_N.png,True,C:\Users\ACER\Documents\Juli Riset\Raw_597\NORMAL\569_N.png
S000121,FIVES,NORMAL,570_N.png,Raw_597\NORMAL\570_N.png,True,C:\Users\ACER\Documents\Juli Riset\Raw_597\NORMAL\570_N.png
S000122,FIVES,NORMAL,571_N.png,Raw_597\NORMAL\571_N.png,True,C:\Users\ACER\Documents\Juli Riset\Raw_597\NORMAL\571_N.png
S000123,FIVES,NORMAL,572_N.png,Raw_597\NORMAL\572_N.png,True,C:\Users\ACER\Documents\Juli Riset\Raw_597\NORMAL\572_N.png
S000124,FIVES,NORMAL,573_N.png,Raw_597\NORMAL\573_N.png,True,C:\Users\ACER\Documents\Juli Riset\Raw_597\NORMAL\573_N.png
S000125,FIVES,NORMAL,574_N.png,Raw_597\NORMAL\574_N.png,True,C:\Users\ACER\Documents\Juli Riset\Raw_597\NORMAL\574_N.png
S000126,FIVES,NORMAL,575_N.png,Raw_597\NORMAL\575_N.png,True,C:\Users\ACER\Documents\Juli Riset\Raw_597\NORMAL\575_N.png
S000127,FIVES,NORMAL,576_N.png,Raw_597\NORMAL\576_N.png,True,C:\Users\ACER\Documents\Juli Riset\Raw_597\NORMAL\576_N.png
S000128,FIVES,NORMAL,577_N.png,Raw_597\NORMAL\577_N.png,True,C:\Users\ACER\Documents\Juli Riset\Raw_597\NORMAL\577_N.png
S000129,FIVES,NORMAL,578_N.png,Raw_597\NORMAL\578_N.png,True,C:\Users\ACER\Documents\Juli Riset\Raw_597\NORMAL\578_N.png
S000130,FIVES,NORMAL,579_N.png,Raw_597\NORMAL\579_N.png,True,C:\Users\ACER\Documents\Juli Riset\Raw_597\NORMAL\579_N.png
S000131,FIVES,NORMAL,580_N.png,Raw_597\NORMAL\580_N.png,True,C:\Users\ACER\Documents\Juli Riset\Raw_597\NORMAL\580_N.png
S000132,FIVES,NORMAL,581_N.png,Raw_597\NORMAL\581_N.png,True,C:\Users\ACER\Documents\Juli Riset\Raw_597\NORMAL\581_N.png
S000133,FIVES,NORMAL,582_N.png,Raw_597\NORMAL\582_N.png,True,C:\Users\ACER\Documents\Juli Riset\Raw_597\NORMAL\582_N.png
S000134,FIVES,NORMAL,583_N.png,Raw_597\NORMAL\583_N.png,True,C:\Users\ACER\Documents\Juli Riset\Raw_597\NORMAL\583_N.png
S000135,FIVES,NORMAL,584_N.png,Raw_597\NORMAL\584_N.png,True,C:\Users\ACER\Documents\Juli Riset\Raw_597\NORMAL\584_N.png
S000136,FIVES,NORMAL,585_N.png,Raw_597\NORMAL\585_N.png,True,C:\Users\ACER\Documents\Juli Riset\Raw_597\NORMAL\585_N.png
S000137,FIVES,NORMAL,586_N.png,Raw_597\NORMAL\586_N.png,True,C:\Users\ACER\Documents\Juli Riset\Raw_597\NORMAL\586_N.png
S000138,FIVES,NORMAL,587_N.png,Raw_597\NORMAL\587_N.png,True,C:\Users\ACER\Documents\Juli Riset\Raw_597\NORMAL\587_N.png
S000139,FIVES,NORMAL,588_N.png,Raw_597\NORMAL\588_N.png,True,C:\Users\ACER\Documents\Juli Riset\Raw_597\NORMAL\588_N.png
S000140,FIVES,NORMAL,589_N.png,Raw_597\NORMAL\589_N.png,True,C:\Users\ACER\Documents\Juli Riset\Raw_597\NORMAL\589_N.png
S000141,FIVES,NORMAL,590_N.png,Raw_597\NORMAL\590_N.png,True,C:\Users\ACER\Documents\Juli Riset\Raw_597\NORMAL\590_N.png
S000142,FIVES,NORMAL,591_N.png,Raw_597\NORMAL\591_N.png,True,C:\Users\ACER\Documents\Juli Riset\Raw_597\NORMAL\591_N.png
S000143,FIVES,NORMAL,592_N.png,Raw_597\NORMAL\592_N.png,True,C:\Users\ACER\Documents\Juli Riset\Raw_597\NORMAL\592_N.png
S000144,FIVES,NORMAL,593_N.png,Raw_597\NORMAL\593_N.png,True,C:\Users\ACER\Documents\Juli Riset\Raw_597\NORMAL\593_N.png
S000145,FIVES,NORMAL,594_N.png,Raw_597\NORMAL\594_N.png,True,C:\Users\ACER\Documents\Juli Riset\Raw_597\NORMAL\594_N.png
S000146,FIVES,NORMAL,595_N.png,Raw_597\NORMAL\595_N.png,True,C:\Users\ACER\Documents\Juli Riset\Raw_597\NORMAL\595_N.png
S000147,FIVES,NORMAL,596_N.png,Raw_597\NORMAL\596_N.png,True,C:\Users\ACER\Documents\Juli Riset\Raw_597\NORMAL\596_N.png
S000148,FIVES,NORMAL,597_N.png,Raw_597\NORMAL\597_N.png,True,C:\Users\ACER\Documents\Juli Riset\Raw_597\NORMAL\597_N.png
S000149,FIVES,NORMAL,598_N.png,Raw_597\NORMAL\598_N.png,True,C:\Users\ACER\Documents\Juli Riset\Raw_597\NORMAL\598_N.png
S000150,FIVES,NORMAL,599_N.png,Raw_597\NORMAL\599_N.png,True,C:\Users\ACER\Documents\Juli Riset\Raw_597\NORMAL\599_N.png
S000151,FIVES,NORMAL,600_N.png,Raw_597\NORMAL\600_N.png,True,C:\Users\ACER\Documents\Juli Riset\Raw_597\NORMAL\600_N.png
S000152,FIVES,AMD_DRY,143.png,Raw_597\AMD_DRY\143.png,True,C:\Users\ACER\Documents\Juli Riset\Raw_597\AMD_DRY\143.png
S000153,FIVES,AMD_DRY,144.png,Raw_597\AMD_DRY\144.png,True,C:\Users\ACER\Documents\Juli Riset\Raw_597\AMD_DRY\144.png
S000154,FIVES,AMD_DRY,156.png,Raw_597\AMD_DRY\156.png,True,C:\Users\ACER\Documents\Juli Riset\Raw_597\AMD_DRY\156.png
S000155,FIVES,AMD_DRY,166.png,Raw_597\AMD_DRY\166.png,True,C:\Users\ACER\Documents\Juli Riset\Raw_597\AMD_DRY\166.png
S000156,FIVES,AMD_DRY,168.png,Raw_597\AMD_DRY\168.png,True,C:\Users\ACER\Documents\Juli Riset\Raw_597\AMD_DRY\168.png
S000157,FIVES,AMD_DRY,171.png,Raw_597\AMD_DRY\171.png,True,C:\Users\ACER\Documents\Juli Riset\Raw_597\AMD_DRY\171.png
S000158,FIVES,AMD_DRY,180.png,Raw_597\AMD_DRY\180.png,True,C:\Users\ACER\Documents\Juli Riset\Raw_597\AMD_DRY\180.png
S000159,FIVES,AMD_DRY,190.png,Raw_597\AMD_DRY\190.png,True,C:\Users\ACER\Documents\Juli Riset\Raw_597\AMD_DRY\190.png
S000160,FIVES,AMD_DRY,202.png,Raw_597\AMD_DRY\202.png,True,C:\Users\ACER\Documents\Juli Riset\Raw_597\AMD_DRY\202.png
S000161,FIVES,AMD_DRY,204.png,Raw_597\AMD_DRY\204.png,True,C:\Users\ACER\Documents\Juli Riset\Raw_597\AMD_DRY\204.png
S000162,FIVES,AMD_DRY,212.png,Raw_597\AMD_DRY\212.png,True,C:\Users\ACER\Documents\Juli Riset\Raw_597\AMD_DRY\212.png
S000163,FIVES,AMD_DRY,213.png,Raw_597\AMD_DRY\213.png,True,C:\Users\ACER\Documents\Juli Riset\Raw_597\AMD_DRY\213.png
S000164,FIVES,AMD_DRY,216.png,Raw_597\AMD_DRY\216.png,True,C:\Users\ACER\Documents\Juli Riset\Raw_597\AMD_DRY\216.png
S000165,FIVES,AMD_DRY,235.png,Raw_597\AMD_DRY\235.png,True,C:\Users\ACER\Documents\Juli Riset\Raw_597\AMD_DRY\235.png
S000166,FIVES,AMD_DRY,242.png,Raw_597\AMD_DRY\242.png,True,C:\Users\ACER\Documents\Juli Riset\Raw_597\AMD_DRY\242.png
S000167,FIVES,AMD_WET,139.png,Raw_597\AMD_WET\139.png,True,C:\Users\ACER\Documents\Juli Riset\Raw_597\AMD_WET\139.png
S000168,FIVES,AMD_WET,140.png,Raw_597\AMD_WET\140.png,True,C:\Users\ACER\Documents\Juli Riset\Raw_597\AMD_WET\140.png
S000169,FIVES,AMD_WET,141.png,Raw_597\AMD_WET\141.png,True,C:\Users\ACER\Documents\Juli Riset\Raw_597\AMD_WET\141.png
S000170,FIVES,AMD_WET,142.png,Raw_597\AMD_WET\142.png,True,C:\Users\ACER\Documents\Juli Riset\Raw_597\AMD_WET\142.png
S000171,FIVES,AMD_WET,145.png,Raw_597\AMD_WET\145.png,True,C:\Users\ACER\Documents\Juli Riset\Raw_597\AMD_WET\145.png
S000172,FIVES,AMD_WET,147.png,Raw_597\AMD_WET\147.png,True,C:\Users\ACER\Documents\Juli Riset\Raw_597\AMD_WET\147.png
S000173,FIVES,AMD_WET,148.png,Raw_597\AMD_WET\148.png,True,C:\Users\ACER\Documents\Juli Riset\Raw_597\AMD_WET\148.png
S000174,FIVES,AMD_WET,149.png,Raw_597\AMD_WET\149.png,True,C:\Users\ACER\Documents\Juli Riset\Raw_597\AMD_WET\149.png
S000175,FIVES,AMD_WET,151.png,Raw_597\AMD_WET\151.png,True,C:\Users\ACER\Documents\Juli Riset\Raw_597\AMD_WET\151.png
S000176,FIVES,AMD_WET,152.png,Raw_597\AMD_WET\152.png,True,C:\Users\ACER\Documents\Juli Riset\Raw_597\AMD_WET\152.png
S000177,FIVES,AMD_WET,153.png,Raw_597\AMD_WET\153.png,True,C:\Users\ACER\Documents\Juli Riset\Raw_597\AMD_WET\153.png
S000178,FIVES,AMD_WET,154.png,Raw_597\AMD_WET\154.png,True,C:\Users\ACER\Documents\Juli Riset\Raw_597\AMD_WET\154.png
S000179,FIVES,AMD_WET,155.png,Raw_597\AMD_WET\155.png,True,C:\Users\ACER\Documents\Juli Riset\Raw_597\AMD_WET\155.png
S000180,FIVES,AMD_WET,158.png,Raw_597\AMD_WET\158.png,True,C:\Users\ACER\Documents\Juli Riset\Raw_597\AMD_WET\158.png
S000181,FIVES,AMD_WET,160.png,Raw_597\AMD_WET\160.png,True,C:\Users\ACER\Documents\Juli Riset\Raw_597\AMD_WET\160.png
S000182,FIVES,AMD_WET,161.png,Raw_597\AMD_WET\161.png,True,C:\Users\ACER\Documents\Juli Riset\Raw_597\AMD_WET\161.png
S000183,FIVES,AMD_WET,162.png,Raw_597\AMD_WET\162.png,True,C:\Users\ACER\Documents\Juli Riset\Raw_597\AMD_WET\162.png
S000184,FIVES,AMD_WET,163.png,Raw_597\AMD_WET\163.png,True,C:\Users\ACER\Documents\Juli Riset\Raw_597\AMD_WET\163.png
S000185,FIVES,AMD_WET,164.png,Raw_597\AMD_WET\164.png,True,C:\Users\ACER\Documents\Juli Riset\Raw_597\AMD_WET\164.png
S000186,FIVES,AMD_WET,165.png,Raw_597\AMD_WET\165.png,True,C:\Users\ACER\Documents\Juli Riset\Raw_597\AMD_WET\165.png
S000187,FIVES,AMD_WET,167.png,Raw_597\AMD_WET\167.png,True,C:\Users\ACER\Documents\Juli Riset\Raw_597\AMD_WET\167.png
S000188,FIVES,AMD_WET,170.png,Raw_597\AMD_WET\170.png,True,C:\Users\ACER\Documents\Juli Riset\Raw_597\AMD_WET\170.png
S000189,FIVES,AMD_WET,172.png,Raw_597\AMD_WET\172.png,True,C:\Users\ACER\Documents\Juli Riset\Raw_597\AMD_WET\172.png
S000190,FIVES,AMD_WET,173.png,Raw_597\AMD_WET\173.png,True,C:\Users\ACER\Documents\Juli Riset\Raw_597\AMD_WET\173.png
S000191,FIVES,AMD_WET,174.png,Raw_597\AMD_WET\174.png,True,C:\Users\ACER\Documents\Juli Riset\Raw_597\AMD_WET\174.png
S000192,FIVES,AMD_WET,175.png,Raw_597\AMD_WET\175.png,True,C:\Users\ACER\Documents\Juli Riset\Raw_597\AMD_WET\175.png
S000193,FIVES,AMD_WET,176.png,Raw_597\AMD_WET\176.png,True,C:\Users\ACER\Documents\Juli Riset\Raw_597\AMD_WET\176.png
S000194,FIVES,AMD_WET,178.png,Raw_597\AMD_WET\178.png,True,C:\Users\ACER\Documents\Juli Riset\Raw_597\AMD_WET\178.png
S000195,FIVES,AMD_WET,179.png,Raw_597\AMD_WET\179.png,True,C:\Users\ACER\Documents\Juli Riset\Raw_597\AMD_WET\179.png
S000196,FIVES,AMD_WET,181.png,Raw_597\AMD_WET\181.png,True,C:\Users\ACER\Documents\Juli Riset\Raw_597\AMD_WET\181.png
S000197,FIVES,AMD_WET,183.png,Raw_597\AMD_WET\183.png,True,C:\Users\ACER\Documents\Juli Riset\Raw_597\AMD_WET\183.png
S000198,FIVES,AMD_WET,185.png,Raw_597\AMD_WET\185.png,True,C:\Users\ACER\Documents\Juli Riset\Raw_597\AMD_WET\185.png
S000199,FIVES,AMD_WET,186.png,Raw_597\AMD_WET\186.png,True,C:\Users\ACER\Documents\Juli Riset\Raw_597\AMD_WET\186.png
S000200,FIVES,AMD_WET,188.png,Raw_597\AMD_WET\188.png,True,C:\Users\ACER\Documents\Juli Riset\Raw_597\AMD_WET\188.png
S000201,FIVES,AMD_WET,189.png,Raw_597\AMD_WET\189.png,True,C:\Users\ACER\Documents\Juli Riset\Raw_597\AMD_WET\189.png
S000202,FIVES,AMD_WET,191.png,Raw_597\AMD_WET\191.png,True,C:\Users\ACER\Documents\Juli Riset\Raw_597\AMD_WET\191.png
S000203,FIVES,AMD_WET,195.png,Raw_597\AMD_WET\195.png,True,C:\Users\ACER\Documents\Juli Riset\Raw_597\AMD_WET\195.png
S000204,FIVES,AMD_WET,196.png,Raw_597\AMD_WET\196.png,True,C:\Users\ACER\Documents\Juli Riset\Raw_597\AMD_WET\196.png
S000205,FIVES,AMD_WET,197.png,Raw_597\AMD_WET\197.png,True,C:\Users\ACER\Documents\Juli Riset\Raw_597\AMD_WET\197.png
S000206,FIVES,AMD_WET,198.png,Raw_597\AMD_WET\198.png,True,C:\Users\ACER\Documents\Juli Riset\Raw_597\AMD_WET\198.png
S000207,FIVES,AMD_WET,199.png,Raw_597\AMD_WET\199.png,True,C:\Users\ACER\Documents\Juli Riset\Raw_597\AMD_WET\199.png
S000208,FIVES,AMD_WET,200.png,Raw_597\AMD_WET\200.png,True,C:\Users\ACER\Documents\Juli Riset\Raw_597\AMD_WET\200.png
S000209,FIVES,AMD_WET,205.png,Raw_597\AMD_WET\205.png,True,C:\Users\ACER\Documents\Juli Riset\Raw_597\AMD_WET\205.png
S000210,FIVES,AMD_WET,206.png,Raw_597\AMD_WET\206.png,True,C:\Users\ACER\Documents\Juli Riset\Raw_597\AMD_WET\206.png
S000211,FIVES,AMD_WET,207.png,Raw_597\AMD_WET\207.png,True,C:\Users\ACER\Documents\Juli Riset\Raw_597\AMD_WET\207.png
S000212,FIVES,AMD_WET,208.png,Raw_597\AMD_WET\208.png,True,C:\Users\ACER\Documents\Juli Riset\Raw_597\AMD_WET\208.png
S000213,FIVES,AMD_WET,209.png,Raw_597\AMD_WET\209.png,True,C:\Users\ACER\Documents\Juli Riset\Raw_597\AMD_WET\209.png
S000214,FIVES,AMD_WET,210.png,Raw_597\AMD_WET\210.png,True,C:\Users\ACER\Documents\Juli Riset\Raw_597\AMD_WET\210.png
S000215,FIVES,AMD_WET,214.png,Raw_597\AMD_WET\214.png,True,C:\Users\ACER\Documents\Juli Riset\Raw_597\AMD_WET\214.png
S000216,FIVES,AMD_WET,215.png,Raw_597\AMD_WET\215.png,True,C:\Users\ACER\Documents\Juli Riset\Raw_597\AMD_WET\215.png
S000217,FIVES,AMD_WET,218.png,Raw_597\AMD_WET\218.png,True,C:\Users\ACER\Documents\Juli Riset\Raw_597\AMD_WET\218.png
S000218,FIVES,AMD_WET,220.png,Raw_597\AMD_WET\220.png,True,C:\Users\ACER\Documents\Juli Riset\Raw_597\AMD_WET\220.png
S000219,FIVES,AMD_WET,222.png,Raw_597\AMD_WET\222.png,True,C:\Users\ACER\Documents\Juli Riset\Raw_597\AMD_WET\222.png
S000220,FIVES,AMD_WET,223.png,Raw_597\AMD_WET\223.png,True,C:\Users\ACER\Documents\Juli Riset\Raw_597\AMD_WET\223.png
S000221,FIVES,AMD_WET,224.png,Raw_597\AMD_WET\224.png,True,C:\Users\ACER\Documents\Juli Riset\Raw_597\AMD_WET\224.png
S000222,FIVES,AMD_WET,225.png,Raw_597\AMD_WET\225.png,True,C:\Users\ACER\Documents\Juli Riset\Raw_597\AMD_WET\225.png
S000223,FIVES,AMD_WET,226.png,Raw_597\AMD_WET\226.png,True,C:\Users\ACER\Documents\Juli Riset\Raw_597\AMD_WET\226.png
S000224,FIVES,AMD_WET,227.png,Raw_597\AMD_WET\227.png,True,C:\Users\ACER\Documents\Juli Riset\Raw_597\AMD_WET\227.png
S000225,FIVES,AMD_WET,228.png,Raw_597\AMD_WET\228.png,True,C:\Users\ACER\Documents\Juli Riset\Raw_597\AMD_WET\228.png
S000226,FIVES,AMD_WET,229.png,Raw_597\AMD_WET\229.png,True,C:\Users\ACER\Documents\Juli Riset\Raw_597\AMD_WET\229.png
S000227,FIVES,AMD_WET,230.png,Raw_597\AMD_WET\230.png,True,C:\Users\ACER\Documents\Juli Riset\Raw_597\AMD_WET\230.png
S000228,FIVES,AMD_WET,231.png,Raw_597\AMD_WET\231.png,True,C:\Users\ACER\Documents\Juli Riset\Raw_597\AMD_WET\231.png
S000229,FIVES,AMD_WET,233.png,Raw_597\AMD_WET\233.png,True,C:\Users\ACER\Documents\Juli Riset\Raw_597\AMD_WET\233.png
S000230,FIVES,AMD_WET,236.png,Raw_597\AMD_WET\236.png,True,C:\Users\ACER\Documents\Juli Riset\Raw_597\AMD_WET\236.png
S000231,FIVES,AMD_WET,237.png,Raw_597\AMD_WET\237.png,True,C:\Users\ACER\Documents\Juli Riset\Raw_597\AMD_WET\237.png
S000232,FIVES,AMD_WET,238.png,Raw_597\AMD_WET\238.png,True,C:\Users\ACER\Documents\Juli Riset\Raw_597\AMD_WET\238.png
S000233,FIVES,AMD_WET,239.png,Raw_597\AMD_WET\239.png,True,C:\Users\ACER\Documents\Juli Riset\Raw_597\AMD_WET\239.png
S000234,FIVES,AMD_WET,240.png,Raw_597\AMD_WET\240.png,True,C:\Users\ACER\Documents\Juli Riset\Raw_597\AMD_WET\240.png
S000235,FIVES,AMD_WET,243.png,Raw_597\AMD_WET\243.png,True,C:\Users\ACER\Documents\Juli Riset\Raw_597\AMD_WET\243.png
S000236,FIVES,AMD_WET,244.png,Raw_597\AMD_WET\244.png,True,C:\Users\ACER\Documents\Juli Riset\Raw_597\AMD_WET\244.png
S000237,FIVES,AMD_WET,246.png,Raw_597\AMD_WET\246.png,True,C:\Users\ACER\Documents\Juli Riset\Raw_597\AMD_WET\246.png
S000238,FIVES,AMD_WET,247.png,Raw_597\AMD_WET\247.png,True,C:\Users\ACER\Documents\Juli Riset\Raw_597\AMD_WET\247.png
S000239,ODIR,NORMAL,2827_left.jpg,Raw_597\NORMAL\2827_left.jpg,True,C:\Users\ACER\Documents\Juli Riset\Raw_597\NORMAL\2827_left.jpg
S000240,ODIR,NORMAL,2882_left.jpg,Raw_597\NORMAL\2882_left.jpg,True,C:\Users\ACER\Documents\Juli Riset\Raw_597\NORMAL\2882_left.jpg
S000241,ODIR,NORMAL,2890_right.jpg,Raw_597\NORMAL\2890_right.jpg,True,C:\Users\ACER\Documents\Juli Riset\Raw_597\NORMAL\2890_right.jpg
S000242,ODIR,NORMAL,2894_left.jpg,Raw_597\NORMAL\2894_left.jpg,True,C:\Users\ACER\Documents\Juli Riset\Raw_597\NORMAL\2894_left.jpg
S000243,ODIR,NORMAL,2899_right.jpg,Raw_597\NORMAL\2899_right.jpg,True,C:\Users\ACER\Documents\Juli Riset\Raw_597\NORMAL\2899_right.jpg
S000244,ODIR,NORMAL,2905_right.jpg,Raw_597\NORMAL\2905_right.jpg,True,C:\Users\ACER\Documents\Juli Riset\Raw_597\NORMAL\2905_right.jpg
S000245,ODIR,NORMAL,2914_left.jpg,Raw_597\NORMAL\2914_left.jpg,True,C:\Users\ACER\Documents\Juli Riset\Raw_597\NORMAL\2914_left.jpg
S000246,ODIR,NORMAL,2919_left.jpg,Raw_597\NORMAL\2919_left.jpg,True,C:\Users\ACER\Documents\Juli Riset\Raw_597\NORMAL\2919_left.jpg
S000247,ODIR,NORMAL,2936_right.jpg,Raw_597\NORMAL\2936_right.jpg,True,C:\Users\ACER\Documents\Juli Riset\Raw_597\NORMAL\2936_right.jpg
S000248,ODIR,NORMAL,2948_left.jpg,Raw_597\NORMAL\2948_left.jpg,True,C:\Users\ACER\Documents\Juli Riset\Raw_597\NORMAL\2948_left.jpg
S000249,ODIR,NORMAL,2948_right.jpg,Raw_597\NORMAL\2948_right.jpg,True,C:\Users\ACER\Documents\Juli Riset\Raw_597\NORMAL\2948_right.jpg
S000250,ODIR,NORMAL,2955_left.jpg,Raw_597\NORMAL\2955_left.jpg,True,C:\Users\ACER\Documents\Juli Riset\Raw_597\NORMAL\2955_left.jpg
S000251,ODIR,NORMAL,2955_right.jpg,Raw_597\NORMAL\2955_right.jpg,True,C:\Users\ACER\Documents\Juli Riset\Raw_597\NORMAL\2955_right.jpg
S000252,ODIR,NORMAL,2975_right.jpg,Raw_597\NORMAL\2975_right.jpg,True,C:\Users\ACER\Documents\Juli Riset\Raw_597\NORMAL\2975_right.jpg
S000253,ODIR,NORMAL,2979_right.jpg,Raw_597\NORMAL\2979_right.jpg,True,C:\Users\ACER\Documents\Juli Riset\Raw_597\NORMAL\2979_right.jpg
S000254,ODIR,NORMAL,2990_right.jpg,Raw_597\NORMAL\2990_right.jpg,True,C:\Users\ACER\Documents\Juli Riset\Raw_597\NORMAL\2990_right.jpg
S000255,ODIR,NORMAL,2995_right.jpg,Raw_597\NORMAL\2995_right.jpg,True,C:\Users\ACER\Documents\Juli Riset\Raw_597\NORMAL\2995_right.jpg
S000256,ODIR,NORMAL,2997_left.jpg,Raw_597\NORMAL\2997_left.jpg,True,C:\Users\ACER\Documents\Juli Riset\Raw_597\NORMAL\2997_left.jpg
S000257,ODIR,NORMAL,3011_right.jpg,Raw_597\NORMAL\3011_right.jpg,True,C:\Users\ACER\Documents\Juli Riset\Raw_597\NORMAL\3011_right.jpg
S000258,ODIR,NORMAL,3015_right.jpg,Raw_597\NORMAL\3015_right.jpg,True,C:\Users\ACER\Documents\Juli Riset\Raw_597\NORMAL\3015_right.jpg
S000259,ODIR,NORMAL,3025_left.jpg,Raw_597\NORMAL\3025_left.jpg,True,C:\Users\ACER\Documents\Juli Riset\Raw_597\NORMAL\3025_left.jpg
S000260,ODIR,NORMAL,3025_right.jpg,Raw_597\NORMAL\3025_right.jpg,True,C:\Users\ACER\Documents\Juli Riset\Raw_597\NORMAL\3025_right.jpg
S000261,ODIR,NORMAL,3026_left.jpg,Raw_597\NORMAL\3026_left.jpg,True,C:\Users\ACER\Documents\Juli Riset\Raw_597\NORMAL\3026_left.jpg
S000262,ODIR,NORMAL,3031_left.jpg,Raw_597\NORMAL\3031_left.jpg,True,C:\Users\ACER\Documents\Juli Riset\Raw_597\NORMAL\3031_left.jpg
S000263,ODIR,NORMAL,3050_left.jpg,Raw_597\NORMAL\3050_left.jpg,True,C:\Users\ACER\Documents\Juli Riset\Raw_597\NORMAL\3050_left.jpg
S000264,ODIR,NORMAL,3050_right.jpg,Raw_597\NORMAL\3050_right.jpg,True,C:\Users\ACER\Documents\Juli Riset\Raw_597\NORMAL\3050_right.jpg
S000265,ODIR,NORMAL,3057_left.jpg,Raw_597\NORMAL\3057_left.jpg,True,C:\Users\ACER\Documents\Juli Riset\Raw_597\NORMAL\3057_left.jpg
S000266,ODIR,NORMAL,3057_right.jpg,Raw_597\NORMAL\3057_right.jpg,True,C:\Users\ACER\Documents\Juli Riset\Raw_597\NORMAL\3057_right.jpg
S000267,ODIR,NORMAL,3059_right.jpg,Raw_597\NORMAL\3059_right.jpg,True,C:\Users\ACER\Documents\Juli Riset\Raw_597\NORMAL\3059_right.jpg
S000268,ODIR,NORMAL,3063_right.jpg,Raw_597\NORMAL\3063_right.jpg,True,C:\Users\ACER\Documents\Juli Riset\Raw_597\NORMAL\3063_right.jpg
S000269,ODIR,NORMAL,3101_left.jpg,Raw_597\NORMAL\3101_left.jpg,True,C:\Users\ACER\Documents\Juli Riset\Raw_597\NORMAL\3101_left.jpg
S000270,ODIR,NORMAL,3105_left.jpg,Raw_597\NORMAL\3105_left.jpg,True,C:\Users\ACER\Documents\Juli Riset\Raw_597\NORMAL\3105_left.jpg
S000271,ODIR,NORMAL,3114_left.jpg,Raw_597\NORMAL\3114_left.jpg,True,C:\Users\ACER\Documents\Juli Riset\Raw_597\NORMAL\3114_left.jpg
S000272,ODIR,NORMAL,3122_left.jpg,Raw_597\NORMAL\3122_left.jpg,True,C:\Users\ACER\Documents\Juli Riset\Raw_597\NORMAL\3122_left.jpg
S000273,ODIR,NORMAL,3129_right.jpg,Raw_597\NORMAL\3129_right.jpg,True,C:\Users\ACER\Documents\Juli Riset\Raw_597\NORMAL\3129_right.jpg
S000274,ODIR,NORMAL,3148_left.jpg,Raw_597\NORMAL\3148_left.jpg,True,C:\Users\ACER\Documents\Juli Riset\Raw_597\NORMAL\3148_left.jpg
S000275,ODIR,NORMAL,3163_right.jpg,Raw_597\NORMAL\3163_right.jpg,True,C:\Users\ACER\Documents\Juli Riset\Raw_597\NORMAL\3163_right.jpg
S000276,ODIR,NORMAL,3169_left.jpg,Raw_597\NORMAL\3169_left.jpg,True,C:\Users\ACER\Documents\Juli Riset\Raw_597\NORMAL\3169_left.jpg
S000277,ODIR,NORMAL,3180_left.jpg,Raw_597\NORMAL\3180_left.jpg,True,C:\Users\ACER\Documents\Juli Riset\Raw_597\NORMAL\3180_left.jpg
S000278,ODIR,NORMAL,3197_right.jpg,Raw_597\NORMAL\3197_right.jpg,True,C:\Users\ACER\Documents\Juli Riset\Raw_597\NORMAL\3197_right.jpg
S000279,ODIR,NORMAL,3200_left.jpg,Raw_597\NORMAL\3200_left.jpg,True,C:\Users\ACER\Documents\Juli Riset\Raw_597\NORMAL\3200_left.jpg
S000280,ODIR,NORMAL,3200_right.jpg,Raw_597\NORMAL\3200_right.jpg,True,C:\Users\ACER\Documents\Juli Riset\Raw_597\NORMAL\3200_right.jpg
S000281,ODIR,NORMAL,3204_right.jpg,Raw_597\NORMAL\3204_right.jpg,True,C:\Users\ACER\Documents\Juli Riset\Raw_597\NORMAL\3204_right.jpg
S000282,ODIR,NORMAL,3215_right.jpg,Raw_597\NORMAL\3215_right.jpg,True,C:\Users\ACER\Documents\Juli Riset\Raw_597\NORMAL\3215_right.jpg
S000283,ODIR,NORMAL,3217_right.jpg,Raw_597\NORMAL\3217_right.jpg,True,C:\Users\ACER\Documents\Juli Riset\Raw_597\NORMAL\3217_right.jpg
S000284,ODIR,NORMAL,3228_left.jpg,Raw_597\NORMAL\3228_left.jpg,True,C:\Users\ACER\Documents\Juli Riset\Raw_597\NORMAL\3228_left.jpg
S000285,ODIR,NORMAL,3231_right.jpg,Raw_597\NORMAL\3231_right.jpg,True,C:\Users\ACER\Documents\Juli Riset\Raw_597\NORMAL\3231_right.jpg
S000286,ODIR,NORMAL,3234_left.jpg,Raw_597\NORMAL\3234_left.jpg,True,C:\Users\ACER\Documents\Juli Riset\Raw_597\NORMAL\3234_left.jpg
S000287,ODIR,NORMAL,3234_right.jpg,Raw_597\NORMAL\3234_right.jpg,True,C:\Users\ACER\Documents\Juli Riset\Raw_597\NORMAL\3234_right.jpg
S000288,ODIR,NORMAL,3236_left.jpg,Raw_597\NORMAL\3236_left.jpg,True,C:\Users\ACER\Documents\Juli Riset\Raw_597\NORMAL\3236_left.jpg
S000289,ODIR,NORMAL,3240_left.jpg,Raw_597\NORMAL\3240_left.jpg,True,C:\Users\ACER\Documents\Juli Riset\Raw_597\NORMAL\3240_left.jpg
S000290,ODIR,NORMAL,3240_right.jpg,Raw_597\NORMAL\3240_right.jpg,True,C:\Users\ACER\Documents\Juli Riset\Raw_597\NORMAL\3240_right.jpg
S000291,ODIR,NORMAL,3254_left.jpg,Raw_597\NORMAL\3254_left.jpg,True,C:\Users\ACER\Documents\Juli Riset\Raw_597\NORMAL\3254_left.jpg
S000292,ODIR,NORMAL,3254_right.jpg,Raw_597\NORMAL\3254_right.jpg,True,C:\Users\ACER\Documents\Juli Riset\Raw_597\NORMAL\3254_right.jpg
S000293,ODIR,NORMAL,3259_left.jpg,Raw_597\NORMAL\3259_left.jpg,True,C:\Users\ACER\Documents\Juli Riset\Raw_597\NORMAL\3259_left.jpg
S000294,ODIR,NORMAL,3259_right.jpg,Raw_597\NORMAL\3259_right.jpg,True,C:\Users\ACER\Documents\Juli Riset\Raw_597\NORMAL\3259_right.jpg
S000295,ODIR,NORMAL,3260_right.jpg,Raw_597\NORMAL\3260_right.jpg,True,C:\Users\ACER\Documents\Juli Riset\Raw_597\NORMAL\3260_right.jpg
S000296,ODIR,NORMAL,3262_right.jpg,Raw_597\NORMAL\3262_right.jpg,True,C:\Users\ACER\Documents\Juli Riset\Raw_597\NORMAL\3262_right.jpg
S000297,ODIR,NORMAL,3264_right.jpg,Raw_597\NORMAL\3264_right.jpg,True,C:\Users\ACER\Documents\Juli Riset\Raw_597\NORMAL\3264_right.jpg
S000298,ODIR,NORMAL,3289_right.jpg,Raw_597\NORMAL\3289_right.jpg,True,C:\Users\ACER\Documents\Juli Riset\Raw_597\NORMAL\3289_right.jpg
S000299,ODIR,NORMAL,3295_left.jpg,Raw_597\NORMAL\3295_left.jpg,True,C:\Users\ACER\Documents\Juli Riset\Raw_597\NORMAL\3295_left.jpg
S000300,ODIR,NORMAL,3318_left.jpg,Raw_597\NORMAL\3318_left.jpg,True,C:\Users\ACER\Documents\Juli Riset\Raw_597\NORMAL\3318_left.jpg
S000301,ODIR,NORMAL,3321_left.jpg,Raw_597\NORMAL\3321_left.jpg,True,C:\Users\ACER\Documents\Juli Riset\Raw_597\NORMAL\3321_left.jpg
S000302,ODIR,NORMAL,3321_right.jpg,Raw_597\NORMAL\3321_right.jpg,True,C:\Users\ACER\Documents\Juli Riset\Raw_597\NORMAL\3321_right.jpg
S000303,ODIR,NORMAL,3336_left.jpg,Raw_597\NORMAL\3336_left.jpg,True,C:\Users\ACER\Documents\Juli Riset\Raw_597\NORMAL\3336_left.jpg
S000304,ODIR,NORMAL,3340_left.jpg,Raw_597\NORMAL\3340_left.jpg,True,C:\Users\ACER\Documents\Juli Riset\Raw_597\NORMAL\3340_left.jpg
S000305,ODIR,NORMAL,3352_right.jpg,Raw_597\NORMAL\3352_right.jpg,True,C:\Users\ACER\Documents\Juli Riset\Raw_597\NORMAL\3352_right.jpg
S000306,ODIR,NORMAL,3353_left.jpg,Raw_597\NORMAL\3353_left.jpg,True,C:\Users\ACER\Documents\Juli Riset\Raw_597\NORMAL\3353_left.jpg
S000307,ODIR,NORMAL,3353_right.jpg,Raw_597\NORMAL\3353_right.jpg,True,C:\Users\ACER\Documents\Juli Riset\Raw_597\NORMAL\3353_right.jpg
S000308,ODIR,NORMAL,3354_left.jpg,Raw_597\NORMAL\3354_left.jpg,True,C:\Users\ACER\Documents\Juli Riset\Raw_597\NORMAL\3354_left.jpg
S000309,ODIR,NORMAL,3357_left.jpg,Raw_597\NORMAL\3357_left.jpg,True,C:\Users\ACER\Documents\Juli Riset\Raw_597\NORMAL\3357_left.jpg
S000310,ODIR,NORMAL,3360_right.jpg,Raw_597\NORMAL\3360_right.jpg,True,C:\Users\ACER\Documents\Juli Riset\Raw_597\NORMAL\3360_right.jpg
S000311,ODIR,NORMAL,3367_left.jpg,Raw_597\NORMAL\3367_left.jpg,True,C:\Users\ACER\Documents\Juli Riset\Raw_597\NORMAL\3367_left.jpg
S000312,ODIR,NORMAL,3367_right.jpg,Raw_597\NORMAL\3367_right.jpg,True,C:\Users\ACER\Documents\Juli Riset\Raw_597\NORMAL\3367_right.jpg
S000313,ODIR,NORMAL,3368_left.jpg,Raw_597\NORMAL\3368_left.jpg,True,C:\Users\ACER\Documents\Juli Riset\Raw_597\NORMAL\3368_left.jpg
S000314,ODIR,NORMAL,3368_right.jpg,Raw_597\NORMAL\3368_right.jpg,True,C:\Users\ACER\Documents\Juli Riset\Raw_597\NORMAL\3368_right.jpg
S000315,ODIR,NORMAL,3380_left.jpg,Raw_597\NORMAL\3380_left.jpg,True,C:\Users\ACER\Documents\Juli Riset\Raw_597\NORMAL\3380_left.jpg
S000316,ODIR,NORMAL,3380_right.jpg,Raw_597\NORMAL\3380_right.jpg,True,C:\Users\ACER\Documents\Juli Riset\Raw_597\NORMAL\3380_right.jpg
S000317,ODIR,NORMAL,3381_left.jpg,Raw_597\NORMAL\3381_left.jpg,True,C:\Users\ACER\Documents\Juli Riset\Raw_597\NORMAL\3381_left.jpg
S000318,ODIR,NORMAL,3381_right.jpg,Raw_597\NORMAL\3381_right.jpg,True,C:\Users\ACER\Documents\Juli Riset\Raw_597\NORMAL\3381_right.jpg
S000319,ODIR,NORMAL,3382_left.jpg,Raw_597\NORMAL\3382_left.jpg,True,C:\Users\ACER\Documents\Juli Riset\Raw_597\NORMAL\3382_left.jpg
S000320,ODIR,NORMAL,3382_right.jpg,Raw_597\NORMAL\3382_right.jpg,True,C:\Users\ACER\Documents\Juli Riset\Raw_597\NORMAL\3382_right.jpg
S000321,ODIR,NORMAL,3384_left.jpg,Raw_597\NORMAL\3384_left.jpg,True,C:\Users\ACER\Documents\Juli Riset\Raw_597\NORMAL\3384_left.jpg
S000322,ODIR,NORMAL,3384_right.jpg,Raw_597\NORMAL\3384_right.jpg,True,C:\Users\ACER\Documents\Juli Riset\Raw_597\NORMAL\3384_right.jpg
S000323,ODIR,NORMAL,3392_left.jpg,Raw_597\NORMAL\3392_left.jpg,True,C:\Users\ACER\Documents\Juli Riset\Raw_597\NORMAL\3392_left.jpg
S000324,ODIR,NORMAL,3392_right.jpg,Raw_597\NORMAL\3392_right.jpg,True,C:\Users\ACER\Documents\Juli Riset\Raw_597\NORMAL\3392_right.jpg
S000325,ODIR,NORMAL,3397_left.jpg,Raw_597\NORMAL\3397_left.jpg,True,C:\Users\ACER\Documents\Juli Riset\Raw_597\NORMAL\3397_left.jpg
S000326,ODIR,NORMAL,3397_right.jpg,Raw_597\NORMAL\3397_right.jpg,True,C:\Users\ACER\Documents\Juli Riset\Raw_597\NORMAL\3397_right.jpg
S000327,ODIR,NORMAL,3399_left.jpg,Raw_597\NORMAL\3399_left.jpg,True,C:\Users\ACER\Documents\Juli Riset\Raw_597\NORMAL\3399_left.jpg
S000328,ODIR,NORMAL,3399_right.jpg,Raw_597\NORMAL\3399_right.jpg,True,C:\Users\ACER\Documents\Juli Riset\Raw_597\NORMAL\3399_right.jpg
S000329,ODIR,NORMAL,3405_left.jpg,Raw_597\NORMAL\3405_left.jpg,True,C:\Users\ACER\Documents\Juli Riset\Raw_597\NORMAL\3405_left.jpg
S000330,ODIR,NORMAL,3405_right.jpg,Raw_597\NORMAL\3405_right.jpg,True,C:\Users\ACER\Documents\Juli Riset\Raw_597\NORMAL\3405_right.jpg
S000331,ODIR,NORMAL,3412_left.jpg,Raw_597\NORMAL\3412_left.jpg,True,C:\Users\ACER\Documents\Juli Riset\Raw_597\NORMAL\3412_left.jpg
S000332,ODIR,NORMAL,3412_right.jpg,Raw_597\NORMAL\3412_right.jpg,True,C:\Users\ACER\Documents\Juli Riset\Raw_597\NORMAL\3412_right.jpg
S000333,ODIR,NORMAL,3413_left.jpg,Raw_597\NORMAL\3413_left.jpg,True,C:\Users\ACER\Documents\Juli Riset\Raw_597\NORMAL\3413_left.jpg
S000334,ODIR,NORMAL,3413_right.jpg,Raw_597\NORMAL\3413_right.jpg,True,C:\Users\ACER\Documents\Juli Riset\Raw_597\NORMAL\3413_right.jpg
S000335,ODIR,NORMAL,3418_left.jpg,Raw_597\NORMAL\3418_left.jpg,True,C:\Users\ACER\Documents\Juli Riset\Raw_597\NORMAL\3418_left.jpg
S000336,ODIR,NORMAL,3418_right.jpg,Raw_597\NORMAL\3418_right.jpg,True,C:\Users\ACER\Documents\Juli Riset\Raw_597\NORMAL\3418_right.jpg
S000337,ODIR,NORMAL,3422_left.jpg,Raw_597\NORMAL\3422_left.jpg,True,C:\Users\ACER\Documents\Juli Riset\Raw_597\NORMAL\3422_left.jpg
S000338,ODIR,NORMAL,3422_right.jpg,Raw_597\NORMAL\3422_right.jpg,True,C:\Users\ACER\Documents\Juli Riset\Raw_597\NORMAL\3422_right.jpg
S000339,ODIR,NORMAL,3423_left.jpg,Raw_597\NORMAL\3423_left.jpg,True,C:\Users\ACER\Documents\Juli Riset\Raw_597\NORMAL\3423_left.jpg
S000340,ODIR,NORMAL,3423_right.jpg,Raw_597\NORMAL\3423_right.jpg,True,C:\Users\ACER\Documents\Juli Riset\Raw_597\NORMAL\3423_right.jpg
S000341,ODIR,NORMAL,3425_left.jpg,Raw_597\NORMAL\3425_left.jpg,True,C:\Users\ACER\Documents\Juli Riset\Raw_597\NORMAL\3425_left.jpg
S000342,ODIR,NORMAL,3425_right.jpg,Raw_597\NORMAL\3425_right.jpg,True,C:\Users\ACER\Documents\Juli Riset\Raw_597\NORMAL\3425_right.jpg
S000343,ODIR,NORMAL,3433_right.jpg,Raw_597\NORMAL\3433_right.jpg,True,C:\Users\ACER\Documents\Juli Riset\Raw_597\NORMAL\3433_right.jpg
S000344,ODIR,NORMAL,3434_left.jpg,Raw_597\NORMAL\3434_left.jpg,True,C:\Users\ACER\Documents\Juli Riset\Raw_597\NORMAL\3434_left.jpg
S000345,ODIR,NORMAL,3434_right.jpg,Raw_597\NORMAL\3434_right.jpg,True,C:\Users\ACER\Documents\Juli Riset\Raw_597\NORMAL\3434_right.jpg
S000346,ODIR,NORMAL,3435_left.jpg,Raw_597\NORMAL\3435_left.jpg,True,C:\Users\ACER\Documents\Juli Riset\Raw_597\NORMAL\3435_left.jpg
S000347,ODIR,NORMAL,3435_right.jpg,Raw_597\NORMAL\3435_right.jpg,True,C:\Users\ACER\Documents\Juli Riset\Raw_597\NORMAL\3435_right.jpg
S000348,ODIR,NORMAL,3439_left.jpg,Raw_597\NORMAL\3439_left.jpg,True,C:\Users\ACER\Documents\Juli Riset\Raw_597\NORMAL\3439_left.jpg
S000349,ODIR,NORMAL,3439_right.jpg,Raw_597\NORMAL\3439_right.jpg,True,C:\Users\ACER\Documents\Juli Riset\Raw_597\NORMAL\3439_right.jpg
S000350,ODIR,NORMAL,3440_left.jpg,Raw_597\NORMAL\3440_left.jpg,True,C:\Users\ACER\Documents\Juli Riset\Raw_597\NORMAL\3440_left.jpg
S000351,ODIR,NORMAL,3440_right.jpg,Raw_597\NORMAL\3440_right.jpg,True,C:\Users\ACER\Documents\Juli Riset\Raw_597\NORMAL\3440_right.jpg
S000352,ODIR,NORMAL,3444_left.jpg,Raw_597\NORMAL\3444_left.jpg,True,C:\Users\ACER\Documents\Juli Riset\Raw_597\NORMAL\3444_left.jpg
S000353,ODIR,NORMAL,3444_right.jpg,Raw_597\NORMAL\3444_right.jpg,True,C:\Users\ACER\Documents\Juli Riset\Raw_597\NORMAL\3444_right.jpg
S000354,ODIR,NORMAL,3446_left.jpg,Raw_597\NORMAL\3446_left.jpg,True,C:\Users\ACER\Documents\Juli Riset\Raw_597\NORMAL\3446_left.jpg
S000355,ODIR,NORMAL,3446_right.jpg,Raw_597\NORMAL\3446_right.jpg,True,C:\Users\ACER\Documents\Juli Riset\Raw_597\NORMAL\3446_right.jpg
S000356,ODIR,NORMAL,3448_left.jpg,Raw_597\NORMAL\3448_left.jpg,True,C:\Users\ACER\Documents\Juli Riset\Raw_597\NORMAL\3448_left.jpg
S000357,ODIR,NORMAL,3448_right.jpg,Raw_597\NORMAL\3448_right.jpg,True,C:\Users\ACER\Documents\Juli Riset\Raw_597\NORMAL\3448_right.jpg
S000358,ODIR,NORMAL,3485_left.jpg,Raw_597\NORMAL\3485_left.jpg,True,C:\Users\ACER\Documents\Juli Riset\Raw_597\NORMAL\3485_left.jpg
S000359,ODIR,NORMAL,3485_right.jpg,Raw_597\NORMAL\3485_right.jpg,True,C:\Users\ACER\Documents\Juli Riset\Raw_597\NORMAL\3485_right.jpg
S000360,ODIR,NORMAL,4571_left.jpg,Raw_597\NORMAL\4571_left.jpg,True,C:\Users\ACER\Documents\Juli Riset\Raw_597\NORMAL\4571_left.jpg
S000361,ODIR,NORMAL,4571_right.jpg,Raw_597\NORMAL\4571_right.jpg,True,C:\Users\ACER\Documents\Juli Riset\Raw_597\NORMAL\4571_right.jpg
S000362,ODIR,NORMAL,4637_left.jpg,Raw_597\NORMAL\4637_left.jpg,True,C:\Users\ACER\Documents\Juli Riset\Raw_597\NORMAL\4637_left.jpg
S000363,ODIR,NORMAL,4637_right.jpg,Raw_597\NORMAL\4637_right.jpg,True,C:\Users\ACER\Documents\Juli Riset\Raw_597\NORMAL\4637_right.jpg
S000364,ODIR,AMD_DRY,328.jpg,Raw_597\AMD_DRY\328.jpg,True,C:\Users\ACER\Documents\Juli Riset\Raw_597\AMD_DRY\328.jpg
S000365,ODIR,AMD_DRY,329.jpg,Raw_597\AMD_DRY\329.jpg,True,C:\Users\ACER\Documents\Juli Riset\Raw_597\AMD_DRY\329.jpg
S000366,ODIR,AMD_DRY,331.jpg,Raw_597\AMD_DRY\331.jpg,True,C:\Users\ACER\Documents\Juli Riset\Raw_597\AMD_DRY\331.jpg
S000367,ODIR,AMD_DRY,332.jpg,Raw_597\AMD_DRY\332.jpg,True,C:\Users\ACER\Documents\Juli Riset\Raw_597\AMD_DRY\332.jpg
S000368,ODIR,AMD_DRY,334.jpg,Raw_597\AMD_DRY\334.jpg,True,C:\Users\ACER\Documents\Juli Riset\Raw_597\AMD_DRY\334.jpg
S000369,ODIR,AMD_DRY,335.jpg,Raw_597\AMD_DRY\335.jpg,True,C:\Users\ACER\Documents\Juli Riset\Raw_597\AMD_DRY\335.jpg
S000370,ODIR,AMD_DRY,336.jpg,Raw_597\AMD_DRY\336.jpg,True,C:\Users\ACER\Documents\Juli Riset\Raw_597\AMD_DRY\336.jpg
S000371,ODIR,AMD_DRY,337.jpg,Raw_597\AMD_DRY\337.jpg,True,C:\Users\ACER\Documents\Juli Riset\Raw_597\AMD_DRY\337.jpg
S000372,ODIR,AMD_DRY,339.jpg,Raw_597\AMD_DRY\339.jpg,True,C:\Users\ACER\Documents\Juli Riset\Raw_597\AMD_DRY\339.jpg
S000373,ODIR,AMD_DRY,340.jpg,Raw_597\AMD_DRY\340.jpg,True,C:\Users\ACER\Documents\Juli Riset\Raw_597\AMD_DRY\340.jpg
S000374,ODIR,AMD_DRY,341.jpg,Raw_597\AMD_DRY\341.jpg,True,C:\Users\ACER\Documents\Juli Riset\Raw_597\AMD_DRY\341.jpg
S000375,ODIR,AMD_DRY,342.jpg,Raw_597\AMD_DRY\342.jpg,True,C:\Users\ACER\Documents\Juli Riset\Raw_597\AMD_DRY\342.jpg
S000376,ODIR,AMD_DRY,344.jpg,Raw_597\AMD_DRY\344.jpg,True,C:\Users\ACER\Documents\Juli Riset\Raw_597\AMD_DRY\344.jpg
S000377,ODIR,AMD_DRY,345.jpg,Raw_597\AMD_DRY\345.jpg,True,C:\Users\ACER\Documents\Juli Riset\Raw_597\AMD_DRY\345.jpg
S000378,ODIR,AMD_DRY,348.jpg,Raw_597\AMD_DRY\348.jpg,True,C:\Users\ACER\Documents\Juli Riset\Raw_597\AMD_DRY\348.jpg
S000379,ODIR,AMD_DRY,349.jpg,Raw_597\AMD_DRY\349.jpg,True,C:\Users\ACER\Documents\Juli Riset\Raw_597\AMD_DRY\349.jpg
S000380,ODIR,AMD_DRY,350.jpg,Raw_597\AMD_DRY\350.jpg,True,C:\Users\ACER\Documents\Juli Riset\Raw_597\AMD_DRY\350.jpg
S000381,ODIR,AMD_DRY,351.jpg,Raw_597\AMD_DRY\351.jpg,True,C:\Users\ACER\Documents\Juli Riset\Raw_597\AMD_DRY\351.jpg
S000382,ODIR,AMD_DRY,352.jpg,Raw_597\AMD_DRY\352.jpg,True,C:\Users\ACER\Documents\Juli Riset\Raw_597\AMD_DRY\352.jpg
S000383,ODIR,AMD_DRY,353.jpg,Raw_597\AMD_DRY\353.jpg,True,C:\Users\ACER\Documents\Juli Riset\Raw_597\AMD_DRY\353.jpg
S000384,ODIR,AMD_DRY,354.jpg,Raw_597\AMD_DRY\354.jpg,True,C:\Users\ACER\Documents\Juli Riset\Raw_597\AMD_DRY\354.jpg
S000385,ODIR,AMD_DRY,355.jpg,Raw_597\AMD_DRY\355.jpg,True,C:\Users\ACER\Documents\Juli Riset\Raw_597\AMD_DRY\355.jpg
S000386,ODIR,AMD_DRY,356.jpg,Raw_597\AMD_DRY\356.jpg,True,C:\Users\ACER\Documents\Juli Riset\Raw_597\AMD_DRY\356.jpg
S000387,ODIR,AMD_DRY,357.jpg,Raw_597\AMD_DRY\357.jpg,True,C:\Users\ACER\Documents\Juli Riset\Raw_597\AMD_DRY\357.jpg
S000388,ODIR,AMD_DRY,358.jpg,Raw_597\AMD_DRY\358.jpg,True,C:\Users\ACER\Documents\Juli Riset\Raw_597\AMD_DRY\358.jpg
S000389,ODIR,AMD_DRY,359.jpg,Raw_597\AMD_DRY\359.jpg,True,C:\Users\ACER\Documents\Juli Riset\Raw_597\AMD_DRY\359.jpg
S000390,ODIR,AMD_DRY,361.jpg,Raw_597\AMD_DRY\361.jpg,True,C:\Users\ACER\Documents\Juli Riset\Raw_597\AMD_DRY\361.jpg
S000391,ODIR,AMD_DRY,362.jpg,Raw_597\AMD_DRY\362.jpg,True,C:\Users\ACER\Documents\Juli Riset\Raw_597\AMD_DRY\362.jpg
S000392,ODIR,AMD_DRY,363.jpg,Raw_597\AMD_DRY\363.jpg,True,C:\Users\ACER\Documents\Juli Riset\Raw_597\AMD_DRY\363.jpg
S000393,ODIR,AMD_DRY,364.jpg,Raw_597\AMD_DRY\364.jpg,True,C:\Users\ACER\Documents\Juli Riset\Raw_597\AMD_DRY\364.jpg
S000394,ODIR,AMD_DRY,366.jpg,Raw_597\AMD_DRY\366.jpg,True,C:\Users\ACER\Documents\Juli Riset\Raw_597\AMD_DRY\366.jpg
S000395,ODIR,AMD_DRY,367.jpg,Raw_597\AMD_DRY\367.jpg,True,C:\Users\ACER\Documents\Juli Riset\Raw_597\AMD_DRY\367.jpg
S000396,ODIR,AMD_DRY,368.jpg,Raw_597\AMD_DRY\368.jpg,True,C:\Users\ACER\Documents\Juli Riset\Raw_597\AMD_DRY\368.jpg
S000397,ODIR,AMD_DRY,369.jpg,Raw_597\AMD_DRY\369.jpg,True,C:\Users\ACER\Documents\Juli Riset\Raw_597\AMD_DRY\369.jpg
S000398,ODIR,AMD_DRY,370.jpg,Raw_597\AMD_DRY\370.jpg,True,C:\Users\ACER\Documents\Juli Riset\Raw_597\AMD_DRY\370.jpg
S000399,ODIR,AMD_DRY,371.jpg,Raw_597\AMD_DRY\371.jpg,True,C:\Users\ACER\Documents\Juli Riset\Raw_597\AMD_DRY\371.jpg
S000400,ODIR,AMD_DRY,372.jpg,Raw_597\AMD_DRY\372.jpg,True,C:\Users\ACER\Documents\Juli Riset\Raw_597\AMD_DRY\372.jpg
S000401,ODIR,AMD_DRY,373.jpg,Raw_597\AMD_DRY\373.jpg,True,C:\Users\ACER\Documents\Juli Riset\Raw_597\AMD_DRY\373.jpg
S000402,ODIR,AMD_DRY,374.jpg,Raw_597\AMD_DRY\374.jpg,True,C:\Users\ACER\Documents\Juli Riset\Raw_597\AMD_DRY\374.jpg
S000403,ODIR,AMD_DRY,375.jpg,Raw_597\AMD_DRY\375.jpg,True,C:\Users\ACER\Documents\Juli Riset\Raw_597\AMD_DRY\375.jpg
S000404,ODIR,AMD_DRY,376.jpg,Raw_597\AMD_DRY\376.jpg,True,C:\Users\ACER\Documents\Juli Riset\Raw_597\AMD_DRY\376.jpg
S000405,ODIR,AMD_DRY,377.jpg,Raw_597\AMD_DRY\377.jpg,True,C:\Users\ACER\Documents\Juli Riset\Raw_597\AMD_DRY\377.jpg
S000406,ODIR,AMD_DRY,378.jpg,Raw_597\AMD_DRY\378.jpg,True,C:\Users\ACER\Documents\Juli Riset\Raw_597\AMD_DRY\378.jpg
S000407,ODIR,AMD_DRY,380.jpg,Raw_597\AMD_DRY\380.jpg,True,C:\Users\ACER\Documents\Juli Riset\Raw_597\AMD_DRY\380.jpg
S000408,ODIR,AMD_DRY,385.jpg,Raw_597\AMD_DRY\385.jpg,True,C:\Users\ACER\Documents\Juli Riset\Raw_597\AMD_DRY\385.jpg
S000409,ODIR,AMD_DRY,386.jpg,Raw_597\AMD_DRY\386.jpg,True,C:\Users\ACER\Documents\Juli Riset\Raw_597\AMD_DRY\386.jpg
S000410,ODIR,AMD_DRY,387.jpg,Raw_597\AMD_DRY\387.jpg,True,C:\Users\ACER\Documents\Juli Riset\Raw_597\AMD_DRY\387.jpg
S000411,ODIR,AMD_DRY,388.jpg,Raw_597\AMD_DRY\388.jpg,True,C:\Users\ACER\Documents\Juli Riset\Raw_597\AMD_DRY\388.jpg
S000412,ODIR,AMD_DRY,389.jpg,Raw_597\AMD_DRY\389.jpg,True,C:\Users\ACER\Documents\Juli Riset\Raw_597\AMD_DRY\389.jpg
S000413,ODIR,AMD_DRY,390.jpg,Raw_597\AMD_DRY\390.jpg,True,C:\Users\ACER\Documents\Juli Riset\Raw_597\AMD_DRY\390.jpg
S000414,ODIR,AMD_DRY,394.jpg,Raw_597\AMD_DRY\394.jpg,True,C:\Users\ACER\Documents\Juli Riset\Raw_597\AMD_DRY\394.jpg
S000415,ODIR,AMD_DRY,395.jpg,Raw_597\AMD_DRY\395.jpg,True,C:\Users\ACER\Documents\Juli Riset\Raw_597\AMD_DRY\395.jpg
S000416,ODIR,AMD_DRY,396.jpg,Raw_597\AMD_DRY\396.jpg,True,C:\Users\ACER\Documents\Juli Riset\Raw_597\AMD_DRY\396.jpg
S000417,ODIR,AMD_DRY,397.jpg,Raw_597\AMD_DRY\397.jpg,True,C:\Users\ACER\Documents\Juli Riset\Raw_597\AMD_DRY\397.jpg
S000418,ODIR,AMD_DRY,400.jpg,Raw_597\AMD_DRY\400.jpg,True,C:\Users\ACER\Documents\Juli Riset\Raw_597\AMD_DRY\400.jpg
S000419,ODIR,AMD_DRY,401.jpg,Raw_597\AMD_DRY\401.jpg,True,C:\Users\ACER\Documents\Juli Riset\Raw_597\AMD_DRY\401.jpg
S000420,ODIR,AMD_DRY,402.jpg,Raw_597\AMD_DRY\402.jpg,True,C:\Users\ACER\Documents\Juli Riset\Raw_597\AMD_DRY\402.jpg
S000421,ODIR,AMD_DRY,403.jpg,Raw_597\AMD_DRY\403.jpg,True,C:\Users\ACER\Documents\Juli Riset\Raw_597\AMD_DRY\403.jpg
S000422,ODIR,AMD_DRY,404.jpg,Raw_597\AMD_DRY\404.jpg,True,C:\Users\ACER\Documents\Juli Riset\Raw_597\AMD_DRY\404.jpg
S000423,ODIR,AMD_DRY,407.jpg,Raw_597\AMD_DRY\407.jpg,True,C:\Users\ACER\Documents\Juli Riset\Raw_597\AMD_DRY\407.jpg
S000424,ODIR,AMD_DRY,413.jpg,Raw_597\AMD_DRY\413.jpg,True,C:\Users\ACER\Documents\Juli Riset\Raw_597\AMD_DRY\413.jpg
S000425,ODIR,AMD_DRY,421.jpg,Raw_597\AMD_DRY\421.jpg,True,C:\Users\ACER\Documents\Juli Riset\Raw_597\AMD_DRY\421.jpg
S000426,ODIR,AMD_DRY,422.jpg,Raw_597\AMD_DRY\422.jpg,True,C:\Users\ACER\Documents\Juli Riset\Raw_597\AMD_DRY\422.jpg
S000427,ODIR,AMD_DRY,423.jpg,Raw_597\AMD_DRY\423.jpg,True,C:\Users\ACER\Documents\Juli Riset\Raw_597\AMD_DRY\423.jpg
S000428,ODIR,AMD_DRY,424.jpg,Raw_597\AMD_DRY\424.jpg,True,C:\Users\ACER\Documents\Juli Riset\Raw_597\AMD_DRY\424.jpg
S000429,ODIR,AMD_DRY,428.jpg,Raw_597\AMD_DRY\428.jpg,True,C:\Users\ACER\Documents\Juli Riset\Raw_597\AMD_DRY\428.jpg
S000430,ODIR,AMD_DRY,429.jpg,Raw_597\AMD_DRY\429.jpg,True,C:\Users\ACER\Documents\Juli Riset\Raw_597\AMD_DRY\429.jpg
S000431,ODIR,AMD_DRY,430.jpg,Raw_597\AMD_DRY\430.jpg,True,C:\Users\ACER\Documents\Juli Riset\Raw_597\AMD_DRY\430.jpg
S000432,ODIR,AMD_DRY,431.jpg,Raw_597\AMD_DRY\431.jpg,True,C:\Users\ACER\Documents\Juli Riset\Raw_597\AMD_DRY\431.jpg
S000433,ODIR,AMD_DRY,433.jpg,Raw_597\AMD_DRY\433.jpg,True,C:\Users\ACER\Documents\Juli Riset\Raw_597\AMD_DRY\433.jpg
S000434,ODIR,AMD_DRY,434.jpg,Raw_597\AMD_DRY\434.jpg,True,C:\Users\ACER\Documents\Juli Riset\Raw_597\AMD_DRY\434.jpg
S000435,ODIR,AMD_DRY,435.jpg,Raw_597\AMD_DRY\435.jpg,True,C:\Users\ACER\Documents\Juli Riset\Raw_597\AMD_DRY\435.jpg
S000436,ODIR,AMD_DRY,436.jpg,Raw_597\AMD_DRY\436.jpg,True,C:\Users\ACER\Documents\Juli Riset\Raw_597\AMD_DRY\436.jpg
S000437,ODIR,AMD_DRY,437.jpg,Raw_597\AMD_DRY\437.jpg,True,C:\Users\ACER\Documents\Juli Riset\Raw_597\AMD_DRY\437.jpg
S000438,ODIR,AMD_DRY,446.jpg,Raw_597\AMD_DRY\446.jpg,True,C:\Users\ACER\Documents\Juli Riset\Raw_597\AMD_DRY\446.jpg
S000439,ODIR,AMD_DRY,447.jpg,Raw_597\AMD_DRY\447.jpg,True,C:\Users\ACER\Documents\Juli Riset\Raw_597\AMD_DRY\447.jpg
S000440,ODIR,AMD_DRY,448.jpg,Raw_597\AMD_DRY\448.jpg,True,C:\Users\ACER\Documents\Juli Riset\Raw_597\AMD_DRY\448.jpg
S000441,ODIR,AMD_DRY,450.jpg,Raw_597\AMD_DRY\450.jpg,True,C:\Users\ACER\Documents\Juli Riset\Raw_597\AMD_DRY\450.jpg
S000442,ODIR,AMD_DRY,451.jpg,Raw_597\AMD_DRY\451.jpg,True,C:\Users\ACER\Documents\Juli Riset\Raw_597\AMD_DRY\451.jpg
S000443,ODIR,AMD_DRY,452.jpg,Raw_597\AMD_DRY\452.jpg,True,C:\Users\ACER\Documents\Juli Riset\Raw_597\AMD_DRY\452.jpg
S000444,ODIR,AMD_DRY,453.jpg,Raw_597\AMD_DRY\453.jpg,True,C:\Users\ACER\Documents\Juli Riset\Raw_597\AMD_DRY\453.jpg
S000445,ODIR,AMD_WET,346.jpg,Raw_597\AMD_WET\346.jpg,True,C:\Users\ACER\Documents\Juli Riset\Raw_597\AMD_WET\346.jpg
S000446,ODIR,AMD_WET,360.jpg,Raw_597\AMD_WET\360.jpg,True,C:\Users\ACER\Documents\Juli Riset\Raw_597\AMD_WET\360.jpg
S000447,ODIR,AMD_WET,365.jpg,Raw_597\AMD_WET\365.jpg,True,C:\Users\ACER\Documents\Juli Riset\Raw_597\AMD_WET\365.jpg
S000448,ODIR,AMD_WET,379.jpg,Raw_597\AMD_WET\379.jpg,True,C:\Users\ACER\Documents\Juli Riset\Raw_597\AMD_WET\379.jpg
S000449,ODIR,AMD_WET,381.jpg,Raw_597\AMD_WET\381.jpg,True,C:\Users\ACER\Documents\Juli Riset\Raw_597\AMD_WET\381.jpg
S000450,ODIR,AMD_WET,382.jpg,Raw_597\AMD_WET\382.jpg,True,C:\Users\ACER\Documents\Juli Riset\Raw_597\AMD_WET\382.jpg
S000451,ODIR,AMD_WET,384.jpg,Raw_597\AMD_WET\384.jpg,True,C:\Users\ACER\Documents\Juli Riset\Raw_597\AMD_WET\384.jpg
S000452,ODIR,AMD_WET,391.jpg,Raw_597\AMD_WET\391.jpg,True,C:\Users\ACER\Documents\Juli Riset\Raw_597\AMD_WET\391.jpg
S000453,ODIR,AMD_WET,392.jpg,Raw_597\AMD_WET\392.jpg,True,C:\Users\ACER\Documents\Juli Riset\Raw_597\AMD_WET\392.jpg
S000454,ODIR,AMD_WET,398.jpg,Raw_597\AMD_WET\398.jpg,True,C:\Users\ACER\Documents\Juli Riset\Raw_597\AMD_WET\398.jpg
S000455,ODIR,AMD_WET,399.jpg,Raw_597\AMD_WET\399.jpg,True,C:\Users\ACER\Documents\Juli Riset\Raw_597\AMD_WET\399.jpg
S000456,ODIR,AMD_WET,405.jpg,Raw_597\AMD_WET\405.jpg,True,C:\Users\ACER\Documents\Juli Riset\Raw_597\AMD_WET\405.jpg
S000457,ODIR,AMD_WET,406.jpg,Raw_597\AMD_WET\406.jpg,True,C:\Users\ACER\Documents\Juli Riset\Raw_597\AMD_WET\406.jpg
S000458,ODIR,AMD_WET,408.jpg,Raw_597\AMD_WET\408.jpg,True,C:\Users\ACER\Documents\Juli Riset\Raw_597\AMD_WET\408.jpg
S000459,ODIR,AMD_WET,415.jpg,Raw_597\AMD_WET\415.jpg,True,C:\Users\ACER\Documents\Juli Riset\Raw_597\AMD_WET\415.jpg
S000460,ODIR,AMD_WET,416.jpg,Raw_597\AMD_WET\416.jpg,True,C:\Users\ACER\Documents\Juli Riset\Raw_597\AMD_WET\416.jpg
S000461,ODIR,AMD_WET,417.jpg,Raw_597\AMD_WET\417.jpg,True,C:\Users\ACER\Documents\Juli Riset\Raw_597\AMD_WET\417.jpg
S000462,ODIR,AMD_WET,418.jpg,Raw_597\AMD_WET\418.jpg,True,C:\Users\ACER\Documents\Juli Riset\Raw_597\AMD_WET\418.jpg
S000463,ODIR,AMD_WET,420.jpg,Raw_597\AMD_WET\420.jpg,True,C:\Users\ACER\Documents\Juli Riset\Raw_597\AMD_WET\420.jpg
S000464,ODIR,AMD_WET,425.jpg,Raw_597\AMD_WET\425.jpg,True,C:\Users\ACER\Documents\Juli Riset\Raw_597\AMD_WET\425.jpg
S000465,ODIR,AMD_WET,432.jpg,Raw_597\AMD_WET\432.jpg,True,C:\Users\ACER\Documents\Juli Riset\Raw_597\AMD_WET\432.jpg
S000466,ODIR,AMD_WET,438.jpg,Raw_597\AMD_WET\438.jpg,True,C:\Users\ACER\Documents\Juli Riset\Raw_597\AMD_WET\438.jpg
S000467,ODIR,AMD_WET,441.jpg,Raw_597\AMD_WET\441.jpg,True,C:\Users\ACER\Documents\Juli Riset\Raw_597\AMD_WET\441.jpg
S000468,ODIR,AMD_WET,442.jpg,Raw_597\AMD_WET\442.jpg,True,C:\Users\ACER\Documents\Juli Riset\Raw_597\AMD_WET\442.jpg
S000469,ODIR,AMD_WET,443.jpg,Raw_597\AMD_WET\443.jpg,True,C:\Users\ACER\Documents\Juli Riset\Raw_597\AMD_WET\443.jpg
S000470,ODIR,AMD_WET,444.jpg,Raw_597\AMD_WET\444.jpg,True,C:\Users\ACER\Documents\Juli Riset\Raw_597\AMD_WET\444.jpg
S000471,ODIR,AMD_WET,449.jpg,Raw_597\AMD_WET\449.jpg,True,C:\Users\ACER\Documents\Juli Riset\Raw_597\AMD_WET\449.jpg
S000472,ODIR,AMD_WET,456.jpg,Raw_597\AMD_WET\456.jpg,True,C:\Users\ACER\Documents\Juli Riset\Raw_597\AMD_WET\456.jpg
S000473,RFMID,NORMAL,1010.png,Raw_597\NORMAL\1010.png,True,C:\Users\ACER\Documents\Juli Riset\Raw_597\NORMAL\1010.png
S000474,RFMID,NORMAL,1024.png,Raw_597\NORMAL\1024.png,True,C:\Users\ACER\Documents\Juli Riset\Raw_597\NORMAL\1024.png
S000475,RFMID,NORMAL,1035.png,Raw_597\NORMAL\1035.png,True,C:\Users\ACER\Documents\Juli Riset\Raw_597\NORMAL\1035.png
S000476,RFMID,NORMAL,1041.png,Raw_597\NORMAL\1041.png,True,C:\Users\ACER\Documents\Juli Riset\Raw_597\NORMAL\1041.png
S000477,RFMID,NORMAL,1045.png,Raw_597\NORMAL\1045.png,True,C:\Users\ACER\Documents\Juli Riset\Raw_597\NORMAL\1045.png
S000478,RFMID,NORMAL,1046.png,Raw_597\NORMAL\1046.png,True,C:\Users\ACER\Documents\Juli Riset\Raw_597\NORMAL\1046.png
S000479,RFMID,NORMAL,1077.png,Raw_597\NORMAL\1077.png,True,C:\Users\ACER\Documents\Juli Riset\Raw_597\NORMAL\1077.png
S000480,RFMID,NORMAL,1082.png,Raw_597\NORMAL\1082.png,True,C:\Users\ACER\Documents\Juli Riset\Raw_597\NORMAL\1082.png
S000481,RFMID,NORMAL,1101.png,Raw_597\NORMAL\1101.png,True,C:\Users\ACER\Documents\Juli Riset\Raw_597\NORMAL\1101.png
S000482,RFMID,NORMAL,1102.png,Raw_597\NORMAL\1102.png,True,C:\Users\ACER\Documents\Juli Riset\Raw_597\NORMAL\1102.png
S000483,RFMID,NORMAL,1109.png,Raw_597\NORMAL\1109.png,True,C:\Users\ACER\Documents\Juli Riset\Raw_597\NORMAL\1109.png
S000484,RFMID,NORMAL,1137.png,Raw_597\NORMAL\1137.png,True,C:\Users\ACER\Documents\Juli Riset\Raw_597\NORMAL\1137.png
S000485,RFMID,NORMAL,1145.png,Raw_597\NORMAL\1145.png,True,C:\Users\ACER\Documents\Juli Riset\Raw_597\NORMAL\1145.png
S000486,RFMID,NORMAL,1147.png,Raw_597\NORMAL\1147.png,True,C:\Users\ACER\Documents\Juli Riset\Raw_597\NORMAL\1147.png
S000487,RFMID,NORMAL,1193.png,Raw_597\NORMAL\1193.png,True,C:\Users\ACER\Documents\Juli Riset\Raw_597\NORMAL\1193.png
S000488,RFMID,NORMAL,1194.png,Raw_597\NORMAL\1194.png,True,C:\Users\ACER\Documents\Juli Riset\Raw_597\NORMAL\1194.png
S000489,RFMID,NORMAL,1209.png,Raw_597\NORMAL\1209.png,True,C:\Users\ACER\Documents\Juli Riset\Raw_597\NORMAL\1209.png
S000490,RFMID,NORMAL,1225.png,Raw_597\NORMAL\1225.png,True,C:\Users\ACER\Documents\Juli Riset\Raw_597\NORMAL\1225.png
S000491,RFMID,NORMAL,1231.png,Raw_597\NORMAL\1231.png,True,C:\Users\ACER\Documents\Juli Riset\Raw_597\NORMAL\1231.png
S000492,RFMID,NORMAL,1244.png,Raw_597\NORMAL\1244.png,True,C:\Users\ACER\Documents\Juli Riset\Raw_597\NORMAL\1244.png
S000493,RFMID,NORMAL,1245.png,Raw_597\NORMAL\1245.png,True,C:\Users\ACER\Documents\Juli Riset\Raw_597\NORMAL\1245.png
S000494,RFMID,NORMAL,1284.png,Raw_597\NORMAL\1284.png,True,C:\Users\ACER\Documents\Juli Riset\Raw_597\NORMAL\1284.png
S000495,RFMID,NORMAL,1303.png,Raw_597\NORMAL\1303.png,True,C:\Users\ACER\Documents\Juli Riset\Raw_597\NORMAL\1303.png
S000496,RFMID,NORMAL,1314.png,Raw_597\NORMAL\1314.png,True,C:\Users\ACER\Documents\Juli Riset\Raw_597\NORMAL\1314.png
S000497,RFMID,NORMAL,1382.png,Raw_597\NORMAL\1382.png,True,C:\Users\ACER\Documents\Juli Riset\Raw_597\NORMAL\1382.png
S000498,RFMID,NORMAL,1404.png,Raw_597\NORMAL\1404.png,True,C:\Users\ACER\Documents\Juli Riset\Raw_597\NORMAL\1404.png
S000499,RFMID,NORMAL,206.png,Raw_597\NORMAL\206.png,True,C:\Users\ACER\Documents\Juli Riset\Raw_597\NORMAL\206.png
S000500,RFMID,NORMAL,230.png,Raw_597\NORMAL\230.png,True,C:\Users\ACER\Documents\Juli Riset\Raw_597\NORMAL\230.png
S000501,RFMID,NORMAL,257.png,Raw_597\NORMAL\257.png,True,C:\Users\ACER\Documents\Juli Riset\Raw_597\NORMAL\257.png
S000502,RFMID,NORMAL,258.png,Raw_597\NORMAL\258.png,True,C:\Users\ACER\Documents\Juli Riset\Raw_597\NORMAL\258.png
S000503,RFMID,NORMAL,266.png,Raw_597\NORMAL\266.png,True,C:\Users\ACER\Documents\Juli Riset\Raw_597\NORMAL\266.png
S000504,RFMID,NORMAL,270.png,Raw_597\NORMAL\270.png,True,C:\Users\ACER\Documents\Juli Riset\Raw_597\NORMAL\270.png
S000505,RFMID,NORMAL,320.png,Raw_597\NORMAL\320.png,True,C:\Users\ACER\Documents\Juli Riset\Raw_597\NORMAL\320.png
S000506,RFMID,NORMAL,339.png,Raw_597\NORMAL\339.png,True,C:\Users\ACER\Documents\Juli Riset\Raw_597\NORMAL\339.png
S000507,RFMID,NORMAL,375.png,Raw_597\NORMAL\375.png,True,C:\Users\ACER\Documents\Juli Riset\Raw_597\NORMAL\375.png
S000508,RFMID,NORMAL,406.png,Raw_597\NORMAL\406.png,True,C:\Users\ACER\Documents\Juli Riset\Raw_597\NORMAL\406.png
S000509,RFMID,NORMAL,414.png,Raw_597\NORMAL\414.png,True,C:\Users\ACER\Documents\Juli Riset\Raw_597\NORMAL\414.png
S000510,RFMID,NORMAL,435.png,Raw_597\NORMAL\435.png,True,C:\Users\ACER\Documents\Juli Riset\Raw_597\NORMAL\435.png
S000511,RFMID,NORMAL,443.png,Raw_597\NORMAL\443.png,True,C:\Users\ACER\Documents\Juli Riset\Raw_597\NORMAL\443.png
S000512,RFMID,NORMAL,458.png,Raw_597\NORMAL\458.png,True,C:\Users\ACER\Documents\Juli Riset\Raw_597\NORMAL\458.png
S000513,RFMID,NORMAL,462.png,Raw_597\NORMAL\462.png,True,C:\Users\ACER\Documents\Juli Riset\Raw_597\NORMAL\462.png
S000514,RFMID,NORMAL,466.png,Raw_597\NORMAL\466.png,True,C:\Users\ACER\Documents\Juli Riset\Raw_597\NORMAL\466.png
S000515,RFMID,NORMAL,470.png,Raw_597\NORMAL\470.png,True,C:\Users\ACER\Documents\Juli Riset\Raw_597\NORMAL\470.png
S000516,RFMID,NORMAL,482.png,Raw_597\NORMAL\482.png,True,C:\Users\ACER\Documents\Juli Riset\Raw_597\NORMAL\482.png
S000517,RFMID,NORMAL,489.png,Raw_597\NORMAL\489.png,True,C:\Users\ACER\Documents\Juli Riset\Raw_597\NORMAL\489.png
S000518,RFMID,NORMAL,529.png,Raw_597\NORMAL\529.png,True,C:\Users\ACER\Documents\Juli Riset\Raw_597\NORMAL\529.png
S000519,RFMID,NORMAL,530.png,Raw_597\NORMAL\530.png,True,C:\Users\ACER\Documents\Juli Riset\Raw_597\NORMAL\530.png
S000520,RFMID,NORMAL,579.png,Raw_597\NORMAL\579.png,True,C:\Users\ACER\Documents\Juli Riset\Raw_597\NORMAL\579.png
S000521,RFMID,NORMAL,582.png,Raw_597\NORMAL\582.png,True,C:\Users\ACER\Documents\Juli Riset\Raw_597\NORMAL\582.png
S000522,RFMID,NORMAL,594.png,Raw_597\NORMAL\594.png,True,C:\Users\ACER\Documents\Juli Riset\Raw_597\NORMAL\594.png
S000523,RFMID,NORMAL,641.png,Raw_597\NORMAL\641.png,True,C:\Users\ACER\Documents\Juli Riset\Raw_597\NORMAL\641.png
S000524,RFMID,NORMAL,642.png,Raw_597\NORMAL\642.png,True,C:\Users\ACER\Documents\Juli Riset\Raw_597\NORMAL\642.png
S000525,RFMID,NORMAL,649.png,Raw_597\NORMAL\649.png,True,C:\Users\ACER\Documents\Juli Riset\Raw_597\NORMAL\649.png
S000526,RFMID,NORMAL,651.png,Raw_597\NORMAL\651.png,True,C:\Users\ACER\Documents\Juli Riset\Raw_597\NORMAL\651.png
S000527,RFMID,NORMAL,666.png,Raw_597\NORMAL\666.png,True,C:\Users\ACER\Documents\Juli Riset\Raw_597\NORMAL\666.png
S000528,RFMID,NORMAL,684.png,Raw_597\NORMAL\684.png,True,C:\Users\ACER\Documents\Juli Riset\Raw_597\NORMAL\684.png
S000529,RFMID,NORMAL,690.png,Raw_597\NORMAL\690.png,True,C:\Users\ACER\Documents\Juli Riset\Raw_597\NORMAL\690.png
S000530,RFMID,NORMAL,692.png,Raw_597\NORMAL\692.png,True,C:\Users\ACER\Documents\Juli Riset\Raw_597\NORMAL\692.png
S000531,RFMID,NORMAL,701.png,Raw_597\NORMAL\701.png,True,C:\Users\ACER\Documents\Juli Riset\Raw_597\NORMAL\701.png
S000532,RFMID,NORMAL,889.png,Raw_597\NORMAL\889.png,True,C:\Users\ACER\Documents\Juli Riset\Raw_597\NORMAL\889.png
S000533,RFMID,NORMAL,910.png,Raw_597\NORMAL\910.png,True,C:\Users\ACER\Documents\Juli Riset\Raw_597\NORMAL\910.png
S000534,RFMID,NORMAL,956.png,Raw_597\NORMAL\956.png,True,C:\Users\ACER\Documents\Juli Riset\Raw_597\NORMAL\956.png
S000535,RFMID,NORMAL,997.png,Raw_597\NORMAL\997.png,True,C:\Users\ACER\Documents\Juli Riset\Raw_597\NORMAL\997.png
S000536,RFMID,AMD_DRY,250.png,Raw_597\AMD_DRY\250.png,True,C:\Users\ACER\Documents\Juli Riset\Raw_597\AMD_DRY\250.png
S000537,RFMID,AMD_DRY,251.png,Raw_597\AMD_DRY\251.png,True,C:\Users\ACER\Documents\Juli Riset\Raw_597\AMD_DRY\251.png
S000538,RFMID,AMD_DRY,253.png,Raw_597\AMD_DRY\253.png,True,C:\Users\ACER\Documents\Juli Riset\Raw_597\AMD_DRY\253.png
S000539,RFMID,AMD_DRY,257.png,Raw_597\AMD_DRY\257.png,True,C:\Users\ACER\Documents\Juli Riset\Raw_597\AMD_DRY\257.png
S000540,RFMID,AMD_DRY,284.png,Raw_597\AMD_DRY\284.png,True,C:\Users\ACER\Documents\Juli Riset\Raw_597\AMD_DRY\284.png
S000541,RFMID,AMD_DRY,307.png,Raw_597\AMD_DRY\307.png,True,C:\Users\ACER\Documents\Juli Riset\Raw_597\AMD_DRY\307.png
S000542,RFMID,AMD_DRY,310.png,Raw_597\AMD_DRY\310.png,True,C:\Users\ACER\Documents\Juli Riset\Raw_597\AMD_DRY\310.png
S000543,RFMID,AMD_DRY,315.png,Raw_597\AMD_DRY\315.png,True,C:\Users\ACER\Documents\Juli Riset\Raw_597\AMD_DRY\315.png
S000544,RFMID,AMD_WET,248.png,Raw_597\AMD_WET\248.png,True,C:\Users\ACER\Documents\Juli Riset\Raw_597\AMD_WET\248.png
S000545,RFMID,AMD_WET,249.png,Raw_597\AMD_WET\249.png,True,C:\Users\ACER\Documents\Juli Riset\Raw_597\AMD_WET\249.png
S000546,RFMID,AMD_WET,252.png,Raw_597\AMD_WET\252.png,True,C:\Users\ACER\Documents\Juli Riset\Raw_597\AMD_WET\252.png
S000547,RFMID,AMD_WET,255.png,Raw_597\AMD_WET\255.png,True,C:\Users\ACER\Documents\Juli Riset\Raw_597\AMD_WET\255.png
S000548,RFMID,AMD_WET,256.png,Raw_597\AMD_WET\256.png,True,C:\Users\ACER\Documents\Juli Riset\Raw_597\AMD_WET\256.png
S000549,RFMID,AMD_WET,258.png,Raw_597\AMD_WET\258.png,True,C:\Users\ACER\Documents\Juli Riset\Raw_597\AMD_WET\258.png
S000550,RFMID,AMD_WET,259.png,Raw_597\AMD_WET\259.png,True,C:\Users\ACER\Documents\Juli Riset\Raw_597\AMD_WET\259.png
S000551,RFMID,AMD_WET,260.png,Raw_597\AMD_WET\260.png,True,C:\Users\ACER\Documents\Juli Riset\Raw_597\AMD_WET\260.png
S000552,RFMID,AMD_WET,261.png,Raw_597\AMD_WET\261.png,True,C:\Users\ACER\Documents\Juli Riset\Raw_597\AMD_WET\261.png
S000553,RFMID,AMD_WET,263.png,Raw_597\AMD_WET\263.png,True,C:\Users\ACER\Documents\Juli Riset\Raw_597\AMD_WET\263.png
S000554,RFMID,AMD_WET,264.png,Raw_597\AMD_WET\264.png,True,C:\Users\ACER\Documents\Juli Riset\Raw_597\AMD_WET\264.png
S000555,RFMID,AMD_WET,265.png,Raw_597\AMD_WET\265.png,True,C:\Users\ACER\Documents\Juli Riset\Raw_597\AMD_WET\265.png
S000556,RFMID,AMD_WET,266.png,Raw_597\AMD_WET\266.png,True,C:\Users\ACER\Documents\Juli Riset\Raw_597\AMD_WET\266.png
S000557,RFMID,AMD_WET,267.png,Raw_597\AMD_WET\267.png,True,C:\Users\ACER\Documents\Juli Riset\Raw_597\AMD_WET\267.png
S000558,RFMID,AMD_WET,268.png,Raw_597\AMD_WET\268.png,True,C:\Users\ACER\Documents\Juli Riset\Raw_597\AMD_WET\268.png
S000559,RFMID,AMD_WET,269.png,Raw_597\AMD_WET\269.png,True,C:\Users\ACER\Documents\Juli Riset\Raw_597\AMD_WET\269.png
S000560,RFMID,AMD_WET,270.png,Raw_597\AMD_WET\270.png,True,C:\Users\ACER\Documents\Juli Riset\Raw_597\AMD_WET\270.png
S000561,RFMID,AMD_WET,271.png,Raw_597\AMD_WET\271.png,True,C:\Users\ACER\Documents\Juli Riset\Raw_597\AMD_WET\271.png
S000562,RFMID,AMD_WET,272.png,Raw_597\AMD_WET\272.png,True,C:\Users\ACER\Documents\Juli Riset\Raw_597\AMD_WET\272.png
S000563,RFMID,AMD_WET,273.png,Raw_597\AMD_WET\273.png,True,C:\Users\ACER\Documents\Juli Riset\Raw_597\AMD_WET\273.png
S000564,RFMID,AMD_WET,274.png,Raw_597\AMD_WET\274.png,True,C:\Users\ACER\Documents\Juli Riset\Raw_597\AMD_WET\274.png
S000565,RFMID,AMD_WET,275.png,Raw_597\AMD_WET\275.png,True,C:\Users\ACER\Documents\Juli Riset\Raw_597\AMD_WET\275.png
S000566,RFMID,AMD_WET,276.png,Raw_597\AMD_WET\276.png,True,C:\Users\ACER\Documents\Juli Riset\Raw_597\AMD_WET\276.png
S000567,RFMID,AMD_WET,277.png,Raw_597\AMD_WET\277.png,True,C:\Users\ACER\Documents\Juli Riset\Raw_597\AMD_WET\277.png
S000568,RFMID,AMD_WET,278.png,Raw_597\AMD_WET\278.png,True,C:\Users\ACER\Documents\Juli Riset\Raw_597\AMD_WET\278.png
S000569,RFMID,AMD_WET,279.png,Raw_597\AMD_WET\279.png,True,C:\Users\ACER\Documents\Juli Riset\Raw_597\AMD_WET\279.png
S000570,RFMID,AMD_WET,280.png,Raw_597\AMD_WET\280.png,True,C:\Users\ACER\Documents\Juli Riset\Raw_597\AMD_WET\280.png
S000571,RFMID,AMD_WET,281.png,Raw_597\AMD_WET\281.png,True,C:\Users\ACER\Documents\Juli Riset\Raw_597\AMD_WET\281.png
S000572,RFMID,AMD_WET,283.png,Raw_597\AMD_WET\283.png,True,C:\Users\ACER\Documents\Juli Riset\Raw_597\AMD_WET\283.png
S000573,RFMID,AMD_WET,287.png,Raw_597\AMD_WET\287.png,True,C:\Users\ACER\Documents\Juli Riset\Raw_597\AMD_WET\287.png
S000574,RFMID,AMD_WET,288.png,Raw_597\AMD_WET\288.png,True,C:\Users\ACER\Documents\Juli Riset\Raw_597\AMD_WET\288.png
S000575,RFMID,AMD_WET,289.png,Raw_597\AMD_WET\289.png,True,C:\Users\ACER\Documents\Juli Riset\Raw_597\AMD_WET\289.png
S000576,RFMID,AMD_WET,290.png,Raw_597\AMD_WET\290.png,True,C:\Users\ACER\Documents\Juli Riset\Raw_597\AMD_WET\290.png
S000577,RFMID,AMD_WET,292.png,Raw_597\AMD_WET\292.png,True,C:\Users\ACER\Documents\Juli Riset\Raw_597\AMD_WET\292.png
S000578,RFMID,AMD_WET,293.png,Raw_597\AMD_WET\293.png,True,C:\Users\ACER\Documents\Juli Riset\Raw_597\AMD_WET\293.png
S000579,RFMID,AMD_WET,294.png,Raw_597\AMD_WET\294.png,True,C:\Users\ACER\Documents\Juli Riset\Raw_597\AMD_WET\294.png
S000580,RFMID,AMD_WET,295.png,Raw_597\AMD_WET\295.png,True,C:\Users\ACER\Documents\Juli Riset\Raw_597\AMD_WET\295.png
S000581,RFMID,AMD_WET,296.png,Raw_597\AMD_WET\296.png,True,C:\Users\ACER\Documents\Juli Riset\Raw_597\AMD_WET\296.png
S000582,RFMID,AMD_WET,297.png,Raw_597\AMD_WET\297.png,True,C:\Users\ACER\Documents\Juli Riset\Raw_597\AMD_WET\297.png
S000583,RFMID,AMD_WET,298.png,Raw_597\AMD_WET\298.png,True,C:\Users\ACER\Documents\Juli Riset\Raw_597\AMD_WET\298.png
S000584,RFMID,AMD_WET,299.png,Raw_597\AMD_WET\299.png,True,C:\Users\ACER\Documents\Juli Riset\Raw_597\AMD_WET\299.png
S000585,RFMID,AMD_WET,300.png,Raw_597\AMD_WET\300.png,True,C:\Users\ACER\Documents\Juli Riset\Raw_597\AMD_WET\300.png
S000586,RFMID,AMD_WET,304.png,Raw_597\AMD_WET\304.png,True,C:\Users\ACER\Documents\Juli Riset\Raw_597\AMD_WET\304.png
S000587,RFMID,AMD_WET,305.png,Raw_597\AMD_WET\305.png,True,C:\Users\ACER\Documents\Juli Riset\Raw_597\AMD_WET\305.png
S000588,RFMID,AMD_WET,306.png,Raw_597\AMD_WET\306.png,True,C:\Users\ACER\Documents\Juli Riset\Raw_597\AMD_WET\306.png
S000589,RFMID,AMD_WET,308.png,Raw_597\AMD_WET\308.png,True,C:\Users\ACER\Documents\Juli Riset\Raw_597\AMD_WET\308.png
S000590,RFMID,AMD_WET,309.png,Raw_597\AMD_WET\309.png,True,C:\Users\ACER\Documents\Juli Riset\Raw_597\AMD_WET\309.png
S000591,RFMID,AMD_WET,313.png,Raw_597\AMD_WET\313.png,True,C:\Users\ACER\Documents\Juli Riset\Raw_597\AMD_WET\313.png
S000592,RFMID,AMD_WET,314.png,Raw_597\AMD_WET\314.png,True,C:\Users\ACER\Documents\Juli Riset\Raw_597\AMD_WET\314.png
S000593,RFMID,AMD_WET,316.png,Raw_597\AMD_WET\316.png,True,C:\Users\ACER\Documents\Juli Riset\Raw_597\AMD_WET\316.png
S000594,RFMID,AMD_WET,322.png,Raw_597\AMD_WET\322.png,True,C:\Users\ACER\Documents\Juli Riset\Raw_597\AMD_WET\322.png
S000595,RFMID,AMD_WET,323.png,Raw_597\AMD_WET\323.png,True,C:\Users\ACER\Documents\Juli Riset\Raw_597\AMD_WET\323.png
S000596,RFMID,AMD_WET,324.png,Raw_597\AMD_WET\324.png,True,C:\Users\ACER\Documents\Juli Riset\Raw_597\AMD_WET\324.png
S000597,RFMID,AMD_WET,327.png,Raw_597\AMD_WET\327.png,True,C:\Users\ACER\Documents\Juli Riset\Raw_597\AMD_WET\327.png
